[2026-06-21 00:53:27] task_conditioned refresh start :: sync_timeout=240s
[2026-06-21 00:53:28] task_conditioned refresh complete :: stage=task_conditioned_round3_running next_action=wait_round3 live_phase=training round3=running,running winner=false duration=1s
[2026-06-21 00:53:47] task_conditioned refresh start :: sync_timeout=240s
[2026-06-21 00:53:48] task_conditioned refresh complete :: stage=task_conditioned_round3_running next_action=wait_round3 live_phase=training round3=running,running winner=false duration=1s
[2026-06-21 00:56:29] task_conditioned refresh start :: sync_timeout=240s
[2026-06-21 00:57:10] task_conditioned refresh complete :: stage=task_conditioned_round3_running next_action=wait_round3 live_phase=training round3=running,running winner=false duration=41s
[2026-06-21 00:58:29] task_conditioned refresh start :: sync_timeout=240s
[2026-06-21 00:58:30] task_conditioned refresh complete :: stage=task_conditioned_round3_running next_action=wait_round3 live_phase=training round3=running,running winner=false duration=1s
[2026-06-21 00:58:48] task_conditioned refresh start :: sync_timeout=240s
[2026-06-21 00:59:30] task_conditioned refresh complete :: stage=task_conditioned_round3_running next_action=wait_round3 live_phase=training round3=running,running winner=false duration=42s
[2026-06-21 01:04:01] task_conditioned refresh start :: sync_timeout=240s
[2026-06-21 01:04:01] task_conditioned refresh sync :: status=ok exit=0
[2026-06-21 01:04:02] task_conditioned refresh complete :: sync=ok sync_exit=0 stage=task_conditioned_round3_running next_action=wait_round3 live_phase=training round3=running,running winner=false duration=1s
[2026-06-21 01:05:01] task_conditioned refresh start :: sync_timeout=240s
[2026-06-21 01:05:01] task_conditioned refresh sync :: status=failed exit=1
[2026-06-21 01:05:02] task_conditioned refresh complete :: sync=failed sync_exit=1 stage=task_conditioned_round3_running next_action=wait_round3 live_phase=training round3=running,running winner=false duration=1s
[2026-06-21 01:05:38] task_conditioned refresh start :: sync_timeout=240s
[2026-06-21 01:05:38] task_conditioned refresh sync :: status=failed exit=1
[2026-06-21 01:05:39] task_conditioned refresh complete :: sync=failed sync_exit=1 stage=task_conditioned_round3_running next_action=wait_round3 live_phase=training round3=running,running winner=false duration=1s
[2026-06-21 01:10:35] task_conditioned refresh start :: sync_timeout=240s
[2026-06-21 01:10:35] task_conditioned refresh sync :: status=failed exit=1
[2026-06-21 01:10:36] task_conditioned refresh complete :: sync=failed sync_exit=1 stage=task_conditioned_round3_running next_action=wait_round3 live_phase=training round3=running,running winner=false duration=1s
[2026-06-21 01:11:14] task_conditioned refresh start :: sync_timeout=240s
[2026-06-21 01:11:14] task_conditioned refresh sync :: status=failed exit=1
[2026-06-21 01:11:15] task_conditioned refresh complete :: sync=failed sync_exit=1 stage=task_conditioned_round3_running next_action=wait_round3 live_phase=training round3=running,running winner=false duration=1s
[2026-06-21 01:14:55] task_conditioned refresh start :: sync_timeout=240s
[2026-06-21 01:14:55] task_conditioned refresh sync :: status=failed exit=1
[2026-06-21 01:14:56] task_conditioned refresh complete :: sync=failed sync_exit=1 stage=task_conditioned_round3_running next_action=wait_round3 live_phase=training round3=running,running winner=false duration=1s
[2026-06-21 01:18:35] task_conditioned refresh start :: sync_timeout=240s
[2026-06-21 01:18:35] task_conditioned refresh sync :: status=failed exit=1
[2026-06-21 01:18:36] task_conditioned refresh complete :: sync=failed sync_exit=1 stage=task_conditioned_round3_running next_action=wait_round3 live_phase=training round3=running,running winner=false duration=1s
[2026-06-21 01:27:31] task_conditioned refresh start :: sync_timeout=240s
[2026-06-21 01:27:31] task_conditioned refresh sync :: status=failed exit=1
[2026-06-21 01:27:32] task_conditioned refresh complete :: sync=failed sync_exit=1 stage=task_conditioned_round3_running next_action=wait_round3 live_phase=training round3=running,running winner=false duration=1s
[2026-06-21 03:23:25] task_conditioned refresh start :: sync_timeout=240s
[2026-06-21 03:23:25] task_conditioned refresh sync :: status=failed exit=1
[2026-06-21 03:23:27] task_conditioned refresh complete :: sync=failed sync_exit=1 stage=task_conditioned_round3_done_waiting_decision next_action=manual_decide live_phase=unknown round3=failed,done winner=false duration=2s
[2026-06-21 03:26:00] task_conditioned refresh start :: sync_timeout=240s
[2026-06-21 03:26:00] task_conditioned refresh sync :: status=failed exit=1
[2026-06-21 03:26:02] task_conditioned refresh complete :: sync=failed sync_exit=1 stage=task_conditioned_round3_done_waiting_decision next_action=manual_decide live_phase=unknown round3=failed,done winner=false duration=2s
[2026-06-21 04:41:30] task_conditioned refresh start :: sync_timeout=1s
[2026-06-21 04:41:30] task_conditioned refresh sync :: status=failed exit=1
[2026-06-21 04:41:30] task_conditioned refresh start :: sync_timeout=240s
[2026-06-21 04:41:30] task_conditioned refresh sync :: status=failed exit=1
[2026-06-21 04:41:33] task_conditioned refresh complete :: sync=failed sync_exit=1 stage=task_conditioned_round3_done_waiting_decision next_action=manual_decide live_phase=unknown round3=failed,done winner=false duration=3s
[2026-06-21 04:41:37] task_conditioned refresh complete :: sync=failed sync_exit=1 stage=task_conditioned_round3_done_waiting_decision next_action=manual_decide live_phase=unknown round3=failed,done winner=false duration=7s
[2026-06-21 05:45:47] task_conditioned refresh start :: sync_timeout=240s
[2026-06-21 05:45:47] task_conditioned refresh sync :: status=failed exit=1
[2026-06-21 05:45:48] task_conditioned refresh complete :: sync=failed sync_exit=1 stage=task_conditioned_round3_done_waiting_decision next_action=manual_decide live_phase=unknown round3=failed,done winner=false duration=1s
[2026-06-21 11:46:50] task_conditioned refresh start :: sync_timeout=240s
[2026-06-21 11:46:50] task_conditioned refresh sync :: status=failed exit=1
[2026-06-21 11:46:52] task_conditioned refresh complete :: sync=failed sync_exit=1 stage=task_conditioned_round3_done_waiting_decision next_action=manual_decide live_phase=unknown round3=failed,done winner=false duration=2s
[2026-06-21 13:02:07] task_conditioned refresh start :: sync_timeout=240s
[2026-06-21 13:02:49] task_conditioned refresh sync :: status=ok exit=0
[2026-06-21 13:02:50] task_conditioned refresh complete :: sync=ok sync_exit=0 stage=task_conditioned_round3_running next_action=wait_round3 live_phase=training round3=running,done winner=false duration=43s
[2026-06-21 13:09:46] task_conditioned refresh start :: sync_timeout=240s
[2026-06-21 13:10:27] task_conditioned refresh sync :: status=ok exit=0
[2026-06-21 13:10:29] task_conditioned refresh complete :: sync=ok sync_exit=0 stage=task_conditioned_round3_running next_action=wait_round3 live_phase=training round3=running,done winner=false duration=43s
[2026-06-21 13:13:57] task_conditioned refresh start :: sync_timeout=240s
[2026-06-21 13:14:39] task_conditioned refresh sync :: status=ok exit=0
[2026-06-21 13:14:41] task_conditioned refresh complete :: sync=ok sync_exit=0 stage=task_conditioned_round3_running next_action=wait_round3 live_phase=training round3=running,done winner=false duration=44s
[2026-06-21 13:15:46] task_conditioned refresh start :: sync_timeout=240s
[2026-06-21 13:16:26] task_conditioned refresh sync :: status=ok exit=0
[2026-06-21 13:16:28] task_conditioned refresh complete :: sync=ok sync_exit=0 stage=task_conditioned_round3_running next_action=wait_round3 live_phase=training round3=running,done winner=false duration=42s
[2026-06-21 13:18:17] task_conditioned refresh start :: sync_timeout=240s
[2026-06-21 13:18:59] task_conditioned refresh sync :: status=ok exit=0
[2026-06-21 13:19:00] task_conditioned refresh complete :: sync=ok sync_exit=0 stage=task_conditioned_round3_running next_action=wait_round3 live_phase=training round3=running,done winner=false duration=43s
[2026-06-21 13:29:36] task_conditioned refresh start :: sync_timeout=240s
[2026-06-21 13:30:19] task_conditioned refresh sync :: status=ok exit=0
[2026-06-21 13:30:20] task_conditioned refresh complete :: sync=ok sync_exit=0 stage=task_conditioned_round3_running next_action=wait_round3 live_phase=training round3=running,done winner=false duration=44s
[2026-06-21 13:41:33] task_conditioned refresh start :: sync_timeout=240s
[2026-06-21 13:42:16] task_conditioned refresh sync :: status=ok exit=0
[2026-06-21 13:42:18] task_conditioned refresh complete :: sync=ok sync_exit=0 stage=task_conditioned_round3_running next_action=wait_round3 live_phase=training round3=running,done winner=false duration=45s
[2026-06-21 13:53:31] task_conditioned refresh start :: sync_timeout=240s
[2026-06-21 13:54:15] task_conditioned refresh sync :: status=ok exit=0
[2026-06-21 13:54:17] task_conditioned refresh complete :: sync=ok sync_exit=0 stage=task_conditioned_round3_running next_action=wait_round3 live_phase=training round3=running,done winner=false duration=46s
[2026-06-21 14:05:33] task_conditioned refresh start :: sync_timeout=240s
[2026-06-21 14:06:18] task_conditioned refresh sync :: status=ok exit=0
[2026-06-21 14:06:19] task_conditioned refresh complete :: sync=ok sync_exit=0 stage=task_conditioned_round3_running next_action=wait_round3 live_phase=training round3=running,done winner=false duration=46s
[2026-06-21 14:17:32] task_conditioned refresh start :: sync_timeout=240s
[2026-06-21 14:18:15] task_conditioned refresh sync :: status=ok exit=0
[2026-06-21 14:18:16] task_conditioned refresh complete :: sync=ok sync_exit=0 stage=task_conditioned_round3_running next_action=wait_round3 live_phase=training round3=running,done winner=false duration=44s
[2026-06-21 14:29:29] task_conditioned refresh start :: sync_timeout=240s
[2026-06-21 14:30:11] task_conditioned refresh sync :: status=ok exit=0
[2026-06-21 14:30:12] task_conditioned refresh complete :: sync=ok sync_exit=0 stage=task_conditioned_round3_running next_action=wait_round3 live_phase=training round3=running,done winner=false duration=43s
[2026-06-21 14:41:31] task_conditioned refresh start :: sync_timeout=240s
[2026-06-21 14:42:12] task_conditioned refresh sync :: status=ok exit=0
[2026-06-21 14:42:13] task_conditioned refresh complete :: sync=ok sync_exit=0 stage=task_conditioned_round3_running next_action=wait_round3 live_phase=training round3=running,done winner=false duration=42s
[2026-06-21 14:47:49] task_conditioned refresh start :: sync_timeout=240s
[2026-06-21 14:48:31] task_conditioned refresh sync :: status=ok exit=0
[2026-06-21 14:48:32] task_conditioned refresh complete :: sync=ok sync_exit=0 stage=task_conditioned_round3_running next_action=wait_round3 live_phase=training round3=running,done winner=false duration=43s
[2026-06-21 14:49:38] task_conditioned refresh start :: sync_timeout=240s
[2026-06-21 14:50:20] task_conditioned refresh sync :: status=ok exit=0
[2026-06-21 14:50:21] task_conditioned refresh complete :: sync=ok sync_exit=0 stage=task_conditioned_round3_running next_action=wait_round3 live_phase=training round3=running,done winner=false duration=43s
[2026-06-21 15:00:57] task_conditioned refresh start :: sync_timeout=240s
[2026-06-21 15:01:39] task_conditioned refresh sync :: status=ok exit=0
[2026-06-21 15:01:40] task_conditioned refresh complete :: sync=ok sync_exit=0 stage=task_conditioned_round3_running next_action=wait_round3 live_phase=training round3=running,done winner=false duration=43s
[2026-06-21 15:06:58] task_conditioned refresh start :: sync_timeout=240s
[2026-06-21 15:07:42] task_conditioned refresh sync :: status=ok exit=0
[2026-06-21 15:07:43] task_conditioned refresh complete :: sync=ok sync_exit=0 stage=task_conditioned_round3_running next_action=wait_round3 live_phase=training round3=running,done winner=false duration=45s
[2026-06-21 15:13:01] task_conditioned refresh start :: sync_timeout=240s
[2026-06-21 15:13:43] task_conditioned refresh sync :: status=ok exit=0
[2026-06-21 15:13:44] task_conditioned refresh complete :: sync=ok sync_exit=0 stage=task_conditioned_round3_running next_action=wait_round3 live_phase=training round3=running,done winner=false duration=43s
[2026-06-21 15:19:04] task_conditioned refresh start :: sync_timeout=240s
[2026-06-21 15:19:48] task_conditioned refresh sync :: status=ok exit=0
[2026-06-21 15:19:49] task_conditioned refresh complete :: sync=ok sync_exit=0 stage=task_conditioned_round3_running next_action=wait_round3 live_phase=validating round3=running,done winner=false duration=45s
[2026-06-21 15:25:06] task_conditioned refresh start :: sync_timeout=240s
[2026-06-21 15:25:49] task_conditioned refresh sync :: status=ok exit=0
[2026-06-21 15:25:50] task_conditioned refresh complete :: sync=ok sync_exit=0 stage=task_conditioned_round3_running next_action=wait_round3 live_phase=validating round3=running,done winner=false duration=44s
[2026-06-21 15:31:07] task_conditioned refresh start :: sync_timeout=240s
[2026-06-21 15:31:48] task_conditioned refresh sync :: status=ok exit=0
[2026-06-21 15:31:49] task_conditioned refresh complete :: sync=ok sync_exit=0 stage=task_conditioned_round3_running next_action=wait_round3 live_phase=training round3=running,done winner=false duration=42s
[2026-06-21 15:47:40] task_conditioned refresh start :: sync_timeout=240s
[2026-06-21 15:48:21] task_conditioned refresh sync :: status=ok exit=0
[2026-06-21 15:48:23] task_conditioned refresh complete :: sync=ok sync_exit=0 stage=task_conditioned_round3_running next_action=wait_round3 live_phase=training round3=running,done winner=false duration=43s
[2026-06-21 16:00:23] task_conditioned refresh start :: sync_timeout=240s
[2026-06-21 16:01:04] task_conditioned refresh sync :: status=ok exit=0
[2026-06-21 16:01:06] task_conditioned refresh complete :: sync=ok sync_exit=0 stage=task_conditioned_round3_running next_action=wait_round3 live_phase=training round3=running,done winner=false duration=43s
[2026-06-21 16:13:12] task_conditioned refresh start :: sync_timeout=240s
[2026-06-21 16:13:12] task_conditioned refresh sync :: status=failed exit=1
[2026-06-21 16:13:13] task_conditioned refresh complete :: sync=failed sync_exit=1 stage=task_conditioned_round3_running next_action=wait_round3 live_phase=training round3=running,done winner=false duration=1s
[2026-06-21 19:40:54] task_conditioned refresh start :: sync_timeout=240s
[2026-06-21 19:41:39] task_conditioned refresh sync :: status=ok exit=0
[2026-06-21 19:41:40] task_conditioned refresh complete :: sync=ok sync_exit=0 stage=task_conditioned_round3_done_waiting_decision next_action=manual_decide live_phase=unknown round3=done,done winner=false duration=46s
[2026-06-21 19:42:00] task_conditioned refresh start :: sync_timeout=240s
[2026-06-21 19:42:44] task_conditioned refresh sync :: status=ok exit=0
[2026-06-21 19:42:45] task_conditioned refresh complete :: sync=ok sync_exit=0 stage=task_conditioned_round3_done_waiting_decision next_action=manual_decide live_phase=unknown round3=done,done winner=false duration=45s
[2026-06-21 19:42:47] task_conditioned refresh start :: sync_timeout=240s
[2026-06-21 19:43:36] task_conditioned refresh sync :: status=ok exit=0
[2026-06-21 19:43:38] task_conditioned refresh complete :: sync=ok sync_exit=0 stage=task_conditioned_round3_done_waiting_decision next_action=manual_decide live_phase=unknown round3=done,done winner=false duration=51s
[2026-06-21 19:53:26] task_conditioned refresh start :: sync_timeout=240s
[2026-06-21 19:54:10] task_conditioned refresh sync :: status=ok exit=0
[2026-06-21 19:54:12] task_conditioned refresh complete :: sync=ok sync_exit=0 stage=task_conditioned_round3_running next_action=wait_round3 live_phase=training round3=done,done,running winner=false duration=46s
[2026-06-21 20:02:18] task_conditioned refresh start :: sync_timeout=240s
[2026-06-21 20:03:07] task_conditioned refresh sync :: status=ok exit=0
[2026-06-21 20:03:09] task_conditioned refresh complete :: sync=ok sync_exit=0 stage=task_conditioned_round3_running next_action=wait_round3 live_phase=training round3=done,done,running winner=false duration=51s
[2026-06-21 20:04:50] task_conditioned refresh start :: sync_timeout=240s
[2026-06-21 20:05:37] task_conditioned refresh sync :: status=ok exit=0
[2026-06-21 20:05:39] task_conditioned refresh complete :: sync=ok sync_exit=0 stage=task_conditioned_round3_running next_action=wait_round3 live_phase=training round3=done,done,running winner=false duration=49s
[2026-06-21 20:16:00] task_conditioned refresh start :: sync_timeout=240s
[2026-06-21 20:16:52] task_conditioned refresh sync :: status=ok exit=0
[2026-06-21 20:16:54] task_conditioned refresh complete :: sync=ok sync_exit=0 stage=task_conditioned_round3_running next_action=wait_round3 live_phase=training round3=done,done,running winner=false duration=54s
[2026-06-21 20:17:10] task_conditioned refresh start :: sync_timeout=240s
[2026-06-21 20:17:57] task_conditioned refresh sync :: status=ok exit=0
[2026-06-21 20:17:58] task_conditioned refresh complete :: sync=ok sync_exit=0 stage=task_conditioned_round3_running next_action=wait_round3 live_phase=training round3=done,done,running winner=false duration=48s
[2026-06-21 20:21:07] task_conditioned refresh start :: sync_timeout=240s
[2026-06-21 20:21:51] task_conditioned refresh sync :: status=ok exit=0
[2026-06-21 20:21:52] task_conditioned refresh complete :: sync=ok sync_exit=0 stage=task_conditioned_round3_running next_action=wait_round3 live_phase=training round3=done,done,running winner=false duration=45s
[2026-06-21 20:32:32] task_conditioned refresh start :: sync_timeout=240s
[2026-06-21 20:33:17] task_conditioned refresh sync :: status=ok exit=0
[2026-06-21 20:33:18] task_conditioned refresh complete :: sync=ok sync_exit=0 stage=task_conditioned_round3_running next_action=wait_round3 live_phase=training round3=done,done,running winner=false duration=46s
[2026-06-21 20:44:00] task_conditioned refresh start :: sync_timeout=240s
[2026-06-21 20:44:45] task_conditioned refresh sync :: status=ok exit=0
[2026-06-21 20:44:47] task_conditioned refresh complete :: sync=ok sync_exit=0 stage=task_conditioned_round3_running next_action=wait_round3 live_phase=training round3=done,done,running winner=false duration=47s
[2026-06-21 20:55:26] task_conditioned refresh start :: sync_timeout=240s
[2026-06-21 20:56:15] task_conditioned refresh sync :: status=ok exit=0
[2026-06-21 20:56:16] task_conditioned refresh complete :: sync=ok sync_exit=0 stage=task_conditioned_round3_running next_action=wait_round3 live_phase=training round3=done,done,running winner=false duration=50s
[2026-06-21 21:06:56] task_conditioned refresh start :: sync_timeout=240s
[2026-06-21 21:07:43] task_conditioned refresh sync :: status=ok exit=0
[2026-06-21 21:07:44] task_conditioned refresh complete :: sync=ok sync_exit=0 stage=task_conditioned_round3_running next_action=wait_round3 live_phase=training round3=done,done,running winner=false duration=48s
[2026-06-21 21:18:24] task_conditioned refresh start :: sync_timeout=240s
[2026-06-21 21:19:09] task_conditioned refresh sync :: status=ok exit=0
[2026-06-21 21:19:11] task_conditioned refresh complete :: sync=ok sync_exit=0 stage=task_conditioned_round3_running next_action=wait_round3 live_phase=training round3=done,done,running winner=false duration=47s
[2026-06-21 21:29:53] task_conditioned refresh start :: sync_timeout=240s
[2026-06-21 21:30:36] task_conditioned refresh sync :: status=ok exit=0
[2026-06-21 21:30:38] task_conditioned refresh complete :: sync=ok sync_exit=0 stage=task_conditioned_round3_running next_action=wait_round3 live_phase=training round3=done,done,running winner=false duration=45s
[2026-06-21 21:30:38] task_conditioned refresh start :: sync_timeout=240s
[2026-06-21 21:31:21] task_conditioned refresh sync :: status=ok exit=0
[2026-06-21 21:31:23] task_conditioned refresh complete :: sync=ok sync_exit=0 stage=task_conditioned_round3_running next_action=wait_round3 live_phase=training round3=done,done,running winner=false duration=45s
[2026-06-21 21:41:19] task_conditioned refresh start :: sync_timeout=240s
[2026-06-21 21:42:12] task_conditioned refresh sync :: status=ok exit=0
[2026-06-21 21:42:13] task_conditioned refresh complete :: sync=ok sync_exit=0 stage=task_conditioned_round3_running next_action=wait_round3 live_phase=training round3=done,done,running winner=false duration=54s
[2026-06-21 21:52:49] task_conditioned refresh start :: sync_timeout=240s
[2026-06-21 21:53:34] task_conditioned refresh sync :: status=ok exit=0
[2026-06-21 21:53:36] task_conditioned refresh complete :: sync=ok sync_exit=0 stage=task_conditioned_round3_running next_action=wait_round3 live_phase=training round3=done,done,running winner=false duration=47s
[2026-06-21 21:58:49] task_conditioned refresh start :: sync_timeout=240s
[2026-06-21 21:59:36] task_conditioned refresh sync :: status=ok exit=0
[2026-06-21 21:59:38] task_conditioned refresh complete :: sync=ok sync_exit=0 stage=task_conditioned_round3_running next_action=wait_round3 live_phase=training round3=done,done,running winner=false duration=49s
[2026-06-21 22:04:53] task_conditioned refresh start :: sync_timeout=240s
[2026-06-21 22:05:37] task_conditioned refresh sync :: status=ok exit=0
[2026-06-21 22:05:39] task_conditioned refresh complete :: sync=ok sync_exit=0 stage=task_conditioned_round3_running next_action=wait_round3 live_phase=training round3=done,done,running winner=false duration=46s
[2026-06-21 22:10:57] task_conditioned refresh start :: sync_timeout=240s
[2026-06-21 22:11:40] task_conditioned refresh sync :: status=ok exit=0
[2026-06-21 22:11:42] task_conditioned refresh complete :: sync=ok sync_exit=0 stage=task_conditioned_round3_running next_action=wait_round3 live_phase=validating round3=done,done,running winner=false duration=45s
[2026-06-21 22:16:59] task_conditioned refresh start :: sync_timeout=240s
[2026-06-21 22:17:49] task_conditioned refresh sync :: status=ok exit=0
[2026-06-21 22:17:51] task_conditioned refresh complete :: sync=ok sync_exit=0 stage=task_conditioned_round3_running next_action=wait_round3 live_phase=validating round3=done,done,running winner=false duration=52s
[2026-06-21 22:23:10] task_conditioned refresh start :: sync_timeout=240s
[2026-06-21 22:23:54] task_conditioned refresh sync :: status=ok exit=0
[2026-06-21 22:23:56] task_conditioned refresh complete :: sync=ok sync_exit=0 stage=task_conditioned_round3_running next_action=wait_round3 live_phase=training round3=done,done,running winner=false duration=46s
[2026-06-21 22:39:55] task_conditioned refresh start :: sync_timeout=240s
[2026-06-21 22:40:40] task_conditioned refresh sync :: status=ok exit=0
[2026-06-21 22:40:42] task_conditioned refresh complete :: sync=ok sync_exit=0 stage=task_conditioned_round3_running next_action=wait_round3 live_phase=training round3=done,done,running winner=false duration=47s
[2026-06-21 22:51:24] task_conditioned refresh start :: sync_timeout=240s
[2026-06-21 22:52:08] task_conditioned refresh sync :: status=ok exit=0
[2026-06-21 22:52:09] task_conditioned refresh complete :: sync=ok sync_exit=0 stage=task_conditioned_round3_running next_action=wait_round3 live_phase=training round3=done,done,running winner=false duration=45s
[2026-06-21 23:02:52] task_conditioned refresh start :: sync_timeout=240s
[2026-06-21 23:03:38] task_conditioned refresh sync :: status=ok exit=0
[2026-06-21 23:03:39] task_conditioned refresh complete :: sync=ok sync_exit=0 stage=task_conditioned_round3_running next_action=wait_round3 live_phase=training round3=done,done,running winner=false duration=47s
[2026-06-21 23:06:32] task_conditioned refresh start :: sync_timeout=240s
[2026-06-21 23:07:24] task_conditioned refresh sync :: status=ok exit=0
[2026-06-21 23:07:25] task_conditioned refresh complete :: sync=ok sync_exit=0 stage=task_conditioned_round3_running next_action=wait_round3 live_phase=training round3=done,done,running winner=false duration=53s
[2026-06-21 23:14:17] task_conditioned refresh start :: sync_timeout=240s
[2026-06-21 23:15:07] task_conditioned refresh sync :: status=ok exit=0
[2026-06-21 23:15:09] task_conditioned refresh complete :: sync=ok sync_exit=0 stage=task_conditioned_round3_running next_action=wait_round3 live_phase=training round3=done,done,running winner=false duration=52s
[2026-06-21 23:18:08] task_conditioned refresh start :: sync_timeout=240s
[2026-06-21 23:18:56] task_conditioned refresh sync :: status=ok exit=0
[2026-06-21 23:18:57] task_conditioned refresh complete :: sync=ok sync_exit=0 stage=task_conditioned_round3_running next_action=wait_round3 live_phase=training round3=done,done,running winner=false duration=49s
[2026-06-21 23:25:37] task_conditioned refresh start :: sync_timeout=240s
[2026-06-21 23:26:22] task_conditioned refresh sync :: status=ok exit=0
[2026-06-21 23:26:23] task_conditioned refresh complete :: sync=ok sync_exit=0 stage=task_conditioned_round3_running next_action=wait_round3 live_phase=training round3=done,done,running winner=false duration=46s
[2026-06-21 23:30:01] task_conditioned refresh start :: sync_timeout=240s
[2026-06-21 23:30:48] task_conditioned refresh sync :: status=ok exit=0
[2026-06-21 23:30:49] task_conditioned refresh complete :: sync=ok sync_exit=0 stage=task_conditioned_round3_running next_action=wait_round3 live_phase=training round3=done,done,running winner=false duration=48s
[2026-06-21 23:36:54] task_conditioned refresh start :: sync_timeout=240s
[2026-06-21 23:37:41] task_conditioned refresh sync :: status=ok exit=0
[2026-06-21 23:37:43] task_conditioned refresh complete :: sync=ok sync_exit=0 stage=task_conditioned_round3_running next_action=wait_round3 live_phase=training round3=done,done,running winner=false duration=49s
[2026-06-21 23:41:51] task_conditioned refresh start :: sync_timeout=240s
[2026-06-21 23:42:38] task_conditioned refresh sync :: status=ok exit=0
[2026-06-21 23:42:40] task_conditioned refresh complete :: sync=ok sync_exit=0 stage=task_conditioned_round3_running next_action=wait_round3 live_phase=training round3=done,done,running winner=false duration=49s
[2026-06-21 23:48:24] task_conditioned refresh start :: sync_timeout=240s
[2026-06-21 23:49:07] task_conditioned refresh sync :: status=ok exit=0
[2026-06-21 23:49:09] task_conditioned refresh complete :: sync=ok sync_exit=0 stage=task_conditioned_round3_running next_action=wait_round3 live_phase=training round3=done,done,running winner=false duration=45s
[2026-06-21 23:53:53] task_conditioned refresh start :: sync_timeout=240s
[2026-06-21 23:54:39] task_conditioned refresh sync :: status=ok exit=0
[2026-06-21 23:54:41] task_conditioned refresh complete :: sync=ok sync_exit=0 stage=task_conditioned_round3_running next_action=wait_round3 live_phase=training round3=done,done,running winner=false duration=48s
[2026-06-21 23:59:53] task_conditioned refresh start :: sync_timeout=240s
[2026-06-22 00:00:38] task_conditioned refresh sync :: status=ok exit=0
[2026-06-22 00:00:40] task_conditioned refresh complete :: sync=ok sync_exit=0 stage=task_conditioned_round3_running next_action=wait_round3 live_phase=training round3=done,done,running winner=false duration=47s
[2026-06-22 00:11:24] task_conditioned refresh start :: sync_timeout=240s
[2026-06-22 00:12:09] task_conditioned refresh sync :: status=ok exit=0
[2026-06-22 00:12:11] task_conditioned refresh complete :: sync=ok sync_exit=0 stage=task_conditioned_round3_running next_action=wait_round3 live_phase=training round3=done,done,running winner=false duration=47s
[2026-06-22 00:22:55] task_conditioned refresh start :: sync_timeout=240s
[2026-06-22 00:23:41] task_conditioned refresh sync :: status=ok exit=0
[2026-06-22 00:23:42] task_conditioned refresh complete :: sync=ok sync_exit=0 stage=task_conditioned_round3_running next_action=wait_round3 live_phase=training round3=done,done,running winner=false duration=47s
[2026-06-22 00:29:03] task_conditioned refresh start :: sync_timeout=240s
[2026-06-22 00:29:46] task_conditioned refresh sync :: status=ok exit=0
[2026-06-22 00:29:51] task_conditioned refresh complete :: sync=ok sync_exit=0 stage=task_conditioned_round3_running next_action=wait_round3 live_phase=training round3=done,done,running winner=false duration=48s
[2026-06-22 00:35:12] task_conditioned refresh start :: sync_timeout=240s
[2026-06-22 00:35:55] task_conditioned refresh sync :: status=ok exit=0
[2026-06-22 00:35:57] task_conditioned refresh complete :: sync=ok sync_exit=0 stage=task_conditioned_round3_running next_action=wait_round3 live_phase=validating round3=done,done,running winner=false duration=45s
[2026-06-22 00:41:20] task_conditioned refresh start :: sync_timeout=240s
[2026-06-22 00:42:07] task_conditioned refresh sync :: status=ok exit=0
[2026-06-22 00:42:09] task_conditioned refresh complete :: sync=ok sync_exit=0 stage=task_conditioned_round3_running next_action=wait_round3 live_phase=validating round3=done,done,running winner=false duration=49s
[2026-06-22 00:47:31] task_conditioned refresh start :: sync_timeout=240s
[2026-06-22 00:48:15] task_conditioned refresh sync :: status=ok exit=0
[2026-06-22 00:48:16] task_conditioned refresh complete :: sync=ok sync_exit=0 stage=task_conditioned_round3_running next_action=wait_round3 live_phase=testing round3=done,done,running winner=false duration=45s
[2026-06-22 00:53:40] task_conditioned refresh start :: sync_timeout=240s
[2026-06-22 00:54:22] task_conditioned refresh sync :: status=ok exit=0
[2026-06-22 00:54:24] task_conditioned refresh complete :: sync=ok sync_exit=0 stage=task_conditioned_round3_running next_action=wait_round3 live_phase=testing round3=done,done,running winner=false duration=44s
[2026-06-22 00:59:45] task_conditioned refresh start :: sync_timeout=240s
[2026-06-22 01:00:28] task_conditioned refresh sync :: status=ok exit=0
[2026-06-22 01:00:30] task_conditioned refresh complete :: sync=ok sync_exit=0 stage=task_conditioned_round3_done_waiting_decision next_action=manual_decide live_phase=unknown round3=done,done,done winner=false duration=45s
[2026-06-22 01:01:40] task_conditioned refresh start :: sync_timeout=240s
[2026-06-22 01:02:26] task_conditioned refresh sync :: status=ok exit=0
[2026-06-22 01:02:27] task_conditioned refresh complete :: sync=ok sync_exit=0 stage=task_conditioned_round3_done_waiting_decision next_action=manual_decide live_phase=unknown round3=done,done,done winner=false duration=47s
[2026-06-22 01:03:37] task_conditioned refresh start :: sync_timeout=240s
[2026-06-22 01:04:20] task_conditioned refresh sync :: status=ok exit=0
[2026-06-22 01:04:21] task_conditioned refresh complete :: sync=ok sync_exit=0 stage=task_conditioned_round3_done_waiting_decision next_action=manual_decide live_phase=unknown round3=done,done,done winner=false duration=44s
[2026-06-22 01:05:31] task_conditioned refresh start :: sync_timeout=240s
[2026-06-22 01:06:14] task_conditioned refresh sync :: status=ok exit=0
[2026-06-22 01:06:15] task_conditioned refresh complete :: sync=ok sync_exit=0 stage=task_conditioned_round3_done_waiting_decision next_action=manual_decide live_phase=unknown round3=done,done,done winner=false duration=44s
[2026-06-22 01:07:25] task_conditioned refresh start :: sync_timeout=240s
[2026-06-22 01:08:10] task_conditioned refresh sync :: status=ok exit=0
[2026-06-22 01:08:12] task_conditioned refresh complete :: sync=ok sync_exit=0 stage=task_conditioned_round3_done_waiting_decision next_action=manual_decide live_phase=unknown round3=done,done,done winner=false duration=47s
[2026-06-22 01:09:21] task_conditioned refresh start :: sync_timeout=240s
[2026-06-22 01:10:05] task_conditioned refresh sync :: status=ok exit=0
[2026-06-22 01:10:07] task_conditioned refresh complete :: sync=ok sync_exit=0 stage=task_conditioned_round3_done_waiting_decision next_action=manual_decide live_phase=unknown round3=done,done,done winner=false duration=46s
[2026-06-22 01:11:16] task_conditioned refresh start :: sync_timeout=240s
[2026-06-22 01:11:59] task_conditioned refresh sync :: status=ok exit=0
[2026-06-22 01:12:01] task_conditioned refresh complete :: sync=ok sync_exit=0 stage=task_conditioned_round3_done_waiting_decision next_action=manual_decide live_phase=unknown round3=done,done,done winner=false duration=45s
[2026-06-22 01:13:10] task_conditioned refresh start :: sync_timeout=240s
[2026-06-22 01:13:54] task_conditioned refresh sync :: status=ok exit=0
[2026-06-22 01:13:55] task_conditioned refresh complete :: sync=ok sync_exit=0 stage=task_conditioned_round3_done_waiting_decision next_action=manual_decide live_phase=unknown round3=done,done,done winner=false duration=45s
[2026-06-22 01:15:07] task_conditioned refresh start :: sync_timeout=240s
[2026-06-22 01:15:51] task_conditioned refresh sync :: status=ok exit=0
[2026-06-22 01:15:52] task_conditioned refresh complete :: sync=ok sync_exit=0 stage=task_conditioned_round3_done_waiting_decision next_action=manual_decide live_phase=unknown round3=done,done,done winner=false duration=45s
[2026-06-22 01:17:02] task_conditioned refresh start :: sync_timeout=240s
[2026-06-22 01:17:45] task_conditioned refresh sync :: status=ok exit=0
[2026-06-22 01:17:47] task_conditioned refresh complete :: sync=ok sync_exit=0 stage=task_conditioned_round3_done_waiting_decision next_action=manual_decide live_phase=unknown round3=done,done,done winner=false duration=45s
[2026-06-22 01:18:57] task_conditioned refresh start :: sync_timeout=240s
[2026-06-22 01:19:40] task_conditioned refresh sync :: status=ok exit=0
[2026-06-22 01:19:42] task_conditioned refresh complete :: sync=ok sync_exit=0 stage=task_conditioned_round3_done_waiting_decision next_action=manual_decide live_phase=unknown round3=done,done,done winner=false duration=45s
[2026-06-22 01:20:52] task_conditioned refresh start :: sync_timeout=240s
[2026-06-22 01:21:38] task_conditioned refresh sync :: status=ok exit=0
[2026-06-22 01:21:39] task_conditioned refresh complete :: sync=ok sync_exit=0 stage=task_conditioned_round3_done_waiting_decision next_action=manual_decide live_phase=unknown round3=done,done,done winner=false duration=47s
[2026-06-22 01:22:48] task_conditioned refresh start :: sync_timeout=240s
[2026-06-22 01:23:31] task_conditioned refresh sync :: status=ok exit=0
[2026-06-22 01:23:33] task_conditioned refresh complete :: sync=ok sync_exit=0 stage=task_conditioned_round3_done_waiting_decision next_action=manual_decide live_phase=unknown round3=done,done,done winner=false duration=45s
[2026-06-22 01:24:43] task_conditioned refresh start :: sync_timeout=240s
[2026-06-22 01:25:26] task_conditioned refresh sync :: status=ok exit=0
[2026-06-22 01:25:27] task_conditioned refresh complete :: sync=ok sync_exit=0 stage=task_conditioned_round3_done_waiting_decision next_action=manual_decide live_phase=unknown round3=done,done,done winner=false duration=44s
[2026-06-22 01:26:37] task_conditioned refresh start :: sync_timeout=240s
[2026-06-22 01:27:22] task_conditioned refresh sync :: status=ok exit=0
[2026-06-22 01:27:24] task_conditioned refresh complete :: sync=ok sync_exit=0 stage=task_conditioned_round3_done_waiting_decision next_action=manual_decide live_phase=unknown round3=done,done,done winner=false duration=47s
[2026-06-22 01:28:33] task_conditioned refresh start :: sync_timeout=240s
[2026-06-22 01:29:16] task_conditioned refresh sync :: status=ok exit=0
[2026-06-22 01:29:18] task_conditioned refresh complete :: sync=ok sync_exit=0 stage=task_conditioned_round3_done_waiting_decision next_action=manual_decide live_phase=unknown round3=done,done,done winner=false duration=45s
[2026-06-22 01:30:27] task_conditioned refresh start :: sync_timeout=240s
[2026-06-22 01:31:10] task_conditioned refresh sync :: status=ok exit=0
[2026-06-22 01:31:12] task_conditioned refresh complete :: sync=ok sync_exit=0 stage=task_conditioned_round3_done_waiting_decision next_action=manual_decide live_phase=unknown round3=done,done,done winner=false duration=45s
[2026-06-22 01:32:21] task_conditioned refresh start :: sync_timeout=240s
[2026-06-22 01:33:07] task_conditioned refresh sync :: status=ok exit=0
[2026-06-22 01:33:09] task_conditioned refresh complete :: sync=ok sync_exit=0 stage=task_conditioned_round3_done_waiting_decision next_action=manual_decide live_phase=unknown round3=done,done,done winner=false duration=48s
[2026-06-22 01:34:19] task_conditioned refresh start :: sync_timeout=240s
[2026-06-22 01:35:01] task_conditioned refresh sync :: status=ok exit=0
[2026-06-22 01:35:03] task_conditioned refresh complete :: sync=ok sync_exit=0 stage=task_conditioned_round3_done_waiting_decision next_action=manual_decide live_phase=unknown round3=done,done,done winner=false duration=44s
[2026-06-22 01:36:13] task_conditioned refresh start :: sync_timeout=240s
[2026-06-22 01:36:56] task_conditioned refresh sync :: status=ok exit=0
[2026-06-22 01:36:57] task_conditioned refresh complete :: sync=ok sync_exit=0 stage=task_conditioned_round3_done_waiting_decision next_action=manual_decide live_phase=unknown round3=done,done,done winner=false duration=44s
[2026-06-22 01:38:07] task_conditioned refresh start :: sync_timeout=240s
[2026-06-22 01:38:50] task_conditioned refresh sync :: status=ok exit=0
[2026-06-22 01:38:52] task_conditioned refresh complete :: sync=ok sync_exit=0 stage=task_conditioned_round3_done_waiting_decision next_action=manual_decide live_phase=unknown round3=done,done,done winner=false duration=45s
[2026-06-22 01:39:59] task_conditioned refresh start :: sync_timeout=240s
[2026-06-22 01:40:43] task_conditioned refresh sync :: status=ok exit=0
[2026-06-22 01:40:45] task_conditioned refresh complete :: sync=ok sync_exit=0 stage=task_conditioned_round3_done_waiting_decision next_action=manual_decide live_phase=unknown round3=done,done,done winner=false duration=46s
[2026-06-22 01:41:50] task_conditioned refresh start :: sync_timeout=240s
[2026-06-22 01:42:33] task_conditioned refresh sync :: status=ok exit=0
[2026-06-22 01:42:35] task_conditioned refresh complete :: sync=ok sync_exit=0 stage=task_conditioned_round3_done_waiting_decision next_action=manual_decide live_phase=unknown round3=done,done,done winner=false duration=45s
[2026-06-22 01:43:40] task_conditioned refresh start :: sync_timeout=240s
[2026-06-22 01:44:23] task_conditioned refresh sync :: status=ok exit=0
[2026-06-22 01:44:25] task_conditioned refresh complete :: sync=ok sync_exit=0 stage=task_conditioned_round3_done_waiting_decision next_action=manual_decide live_phase=unknown round3=done,done,done winner=false duration=45s
[2026-06-22 01:45:30] task_conditioned refresh start :: sync_timeout=240s
[2026-06-22 01:46:14] task_conditioned refresh sync :: status=ok exit=0
[2026-06-22 01:46:15] task_conditioned refresh complete :: sync=ok sync_exit=0 stage=task_conditioned_round3_done_waiting_decision next_action=manual_decide live_phase=unknown round3=done,done,done winner=false duration=45s
[2026-06-22 01:47:20] task_conditioned refresh start :: sync_timeout=240s
[2026-06-22 01:48:04] task_conditioned refresh sync :: status=ok exit=0
[2026-06-22 01:48:06] task_conditioned refresh complete :: sync=ok sync_exit=0 stage=task_conditioned_round3_done_waiting_decision next_action=manual_decide live_phase=unknown round3=done,done,done winner=false duration=46s
[2026-06-22 01:49:11] task_conditioned refresh start :: sync_timeout=240s
[2026-06-22 01:49:54] task_conditioned refresh sync :: status=ok exit=0
[2026-06-22 01:49:56] task_conditioned refresh complete :: sync=ok sync_exit=0 stage=task_conditioned_round3_done_waiting_decision next_action=manual_decide live_phase=unknown round3=done,done,done winner=false duration=45s
[2026-06-22 01:51:01] task_conditioned refresh start :: sync_timeout=240s
[2026-06-22 01:51:44] task_conditioned refresh sync :: status=ok exit=0
[2026-06-22 01:51:46] task_conditioned refresh complete :: sync=ok sync_exit=0 stage=task_conditioned_round3_done_waiting_decision next_action=manual_decide live_phase=unknown round3=done,done,done winner=false duration=45s
[2026-06-22 01:52:51] task_conditioned refresh start :: sync_timeout=240s
[2026-06-22 01:53:34] task_conditioned refresh sync :: status=ok exit=0
[2026-06-22 01:53:36] task_conditioned refresh complete :: sync=ok sync_exit=0 stage=task_conditioned_round3_done_waiting_decision next_action=manual_decide live_phase=unknown round3=done,done,done winner=false duration=45s
[2026-06-22 01:54:41] task_conditioned refresh start :: sync_timeout=240s
[2026-06-22 01:55:25] task_conditioned refresh sync :: status=ok exit=0
[2026-06-22 01:55:26] task_conditioned refresh complete :: sync=ok sync_exit=0 stage=task_conditioned_round3_done_waiting_decision next_action=manual_decide live_phase=unknown round3=done,done,done winner=false duration=45s
[2026-06-22 01:56:31] task_conditioned refresh start :: sync_timeout=240s
[2026-06-22 01:57:15] task_conditioned refresh sync :: status=ok exit=0
[2026-06-22 01:57:16] task_conditioned refresh complete :: sync=ok sync_exit=0 stage=task_conditioned_round3_done_waiting_decision next_action=manual_decide live_phase=unknown round3=done,done,done winner=false duration=45s
[2026-06-22 01:58:21] task_conditioned refresh start :: sync_timeout=240s
[2026-06-22 01:59:04] task_conditioned refresh sync :: status=ok exit=0
[2026-06-22 01:59:06] task_conditioned refresh complete :: sync=ok sync_exit=0 stage=task_conditioned_round3_done_waiting_decision next_action=manual_decide live_phase=unknown round3=done,done,done winner=false duration=45s
[2026-06-22 02:00:11] task_conditioned refresh start :: sync_timeout=240s
[2026-06-22 02:00:54] task_conditioned refresh sync :: status=ok exit=0
[2026-06-22 02:00:56] task_conditioned refresh complete :: sync=ok sync_exit=0 stage=task_conditioned_round3_done_waiting_decision next_action=manual_decide live_phase=unknown round3=done,done,done winner=false duration=45s
[2026-06-22 02:02:01] task_conditioned refresh start :: sync_timeout=240s
[2026-06-22 02:02:44] task_conditioned refresh sync :: status=ok exit=0
[2026-06-22 02:02:45] task_conditioned refresh complete :: sync=ok sync_exit=0 stage=task_conditioned_round3_done_waiting_decision next_action=manual_decide live_phase=unknown round3=done,done,done winner=false duration=44s
[2026-06-22 02:03:51] task_conditioned refresh start :: sync_timeout=240s
[2026-06-22 02:04:37] task_conditioned refresh sync :: status=ok exit=0
[2026-06-22 02:04:39] task_conditioned refresh complete :: sync=ok sync_exit=0 stage=task_conditioned_round3_done_waiting_decision next_action=manual_decide live_phase=unknown round3=done,done,done winner=false duration=48s
[2026-06-22 02:05:44] task_conditioned refresh start :: sync_timeout=240s
[2026-06-22 02:06:27] task_conditioned refresh sync :: status=ok exit=0
[2026-06-22 02:06:29] task_conditioned refresh complete :: sync=ok sync_exit=0 stage=task_conditioned_round3_done_waiting_decision next_action=manual_decide live_phase=unknown round3=done,done,done winner=false duration=45s
[2026-06-22 02:07:34] task_conditioned refresh start :: sync_timeout=240s
[2026-06-22 02:08:18] task_conditioned refresh sync :: status=ok exit=0
[2026-06-22 02:08:20] task_conditioned refresh complete :: sync=ok sync_exit=0 stage=task_conditioned_round3_done_waiting_decision next_action=manual_decide live_phase=unknown round3=done,done,done winner=false duration=46s
[2026-06-22 02:09:25] task_conditioned refresh start :: sync_timeout=240s
[2026-06-22 02:10:08] task_conditioned refresh sync :: status=ok exit=0
[2026-06-22 02:10:10] task_conditioned refresh complete :: sync=ok sync_exit=0 stage=task_conditioned_round3_done_waiting_decision next_action=manual_decide live_phase=unknown round3=done,done,done winner=false duration=45s
[2026-06-22 02:11:15] task_conditioned refresh start :: sync_timeout=240s
[2026-06-22 02:11:58] task_conditioned refresh sync :: status=ok exit=0
[2026-06-22 02:12:00] task_conditioned refresh complete :: sync=ok sync_exit=0 stage=task_conditioned_round3_done_waiting_decision next_action=manual_decide live_phase=unknown round3=done,done,done winner=false duration=45s
[2026-06-22 02:13:05] task_conditioned refresh start :: sync_timeout=240s
[2026-06-22 02:13:48] task_conditioned refresh sync :: status=ok exit=0
[2026-06-22 02:13:50] task_conditioned refresh complete :: sync=ok sync_exit=0 stage=task_conditioned_round3_done_waiting_decision next_action=manual_decide live_phase=unknown round3=done,done,done winner=false duration=45s
[2026-06-22 02:14:55] task_conditioned refresh start :: sync_timeout=240s
[2026-06-22 02:15:38] task_conditioned refresh sync :: status=ok exit=0
[2026-06-22 02:15:40] task_conditioned refresh complete :: sync=ok sync_exit=0 stage=task_conditioned_round3_done_waiting_decision next_action=manual_decide live_phase=unknown round3=done,done,done winner=false duration=45s
[2026-06-22 02:16:45] task_conditioned refresh start :: sync_timeout=240s
[2026-06-22 02:17:28] task_conditioned refresh sync :: status=ok exit=0
[2026-06-22 02:17:30] task_conditioned refresh complete :: sync=ok sync_exit=0 stage=task_conditioned_round3_done_waiting_decision next_action=manual_decide live_phase=unknown round3=done,done,done winner=false duration=45s
[2026-06-22 02:18:35] task_conditioned refresh start :: sync_timeout=240s
[2026-06-22 02:19:18] task_conditioned refresh sync :: status=ok exit=0
[2026-06-22 02:19:20] task_conditioned refresh complete :: sync=ok sync_exit=0 stage=task_conditioned_round3_done_waiting_decision next_action=manual_decide live_phase=unknown round3=done,done,done winner=false duration=45s
[2026-06-22 02:20:25] task_conditioned refresh start :: sync_timeout=240s
[2026-06-22 02:21:08] task_conditioned refresh sync :: status=ok exit=0
[2026-06-22 02:21:10] task_conditioned refresh complete :: sync=ok sync_exit=0 stage=task_conditioned_round3_done_waiting_decision next_action=manual_decide live_phase=unknown round3=done,done,done winner=false duration=45s
[2026-06-22 02:22:15] task_conditioned refresh start :: sync_timeout=240s
[2026-06-22 02:22:58] task_conditioned refresh sync :: status=ok exit=0
[2026-06-22 02:23:00] task_conditioned refresh complete :: sync=ok sync_exit=0 stage=task_conditioned_round3_done_waiting_decision next_action=manual_decide live_phase=unknown round3=done,done,done winner=false duration=45s
[2026-06-22 02:24:05] task_conditioned refresh start :: sync_timeout=240s
[2026-06-22 02:24:48] task_conditioned refresh sync :: status=ok exit=0
[2026-06-22 02:24:49] task_conditioned refresh complete :: sync=ok sync_exit=0 stage=task_conditioned_round3_done_waiting_decision next_action=manual_decide live_phase=unknown round3=done,done,done winner=false duration=44s
[2026-06-22 02:25:54] task_conditioned refresh start :: sync_timeout=240s
[2026-06-22 02:26:38] task_conditioned refresh sync :: status=ok exit=0
[2026-06-22 02:26:40] task_conditioned refresh complete :: sync=ok sync_exit=0 stage=task_conditioned_round3_done_waiting_decision next_action=manual_decide live_phase=unknown round3=done,done,done winner=false duration=46s
[2026-06-22 02:27:45] task_conditioned refresh start :: sync_timeout=240s
[2026-06-22 02:28:28] task_conditioned refresh sync :: status=ok exit=0
[2026-06-22 02:28:29] task_conditioned refresh complete :: sync=ok sync_exit=0 stage=task_conditioned_round3_done_waiting_decision next_action=manual_decide live_phase=unknown round3=done,done,done winner=false duration=44s
[2026-06-22 02:29:35] task_conditioned refresh start :: sync_timeout=240s
[2026-06-22 02:30:18] task_conditioned refresh sync :: status=ok exit=0
[2026-06-22 02:30:19] task_conditioned refresh complete :: sync=ok sync_exit=0 stage=task_conditioned_round3_done_waiting_decision next_action=manual_decide live_phase=unknown round3=done,done,done winner=false duration=44s
[2026-06-22 02:31:24] task_conditioned refresh start :: sync_timeout=240s
[2026-06-22 02:32:08] task_conditioned refresh sync :: status=ok exit=0
[2026-06-22 02:32:09] task_conditioned refresh complete :: sync=ok sync_exit=0 stage=task_conditioned_round3_done_waiting_decision next_action=manual_decide live_phase=unknown round3=done,done,done winner=false duration=45s
[2026-06-22 02:33:14] task_conditioned refresh start :: sync_timeout=240s
[2026-06-22 02:33:57] task_conditioned refresh sync :: status=ok exit=0
[2026-06-22 02:33:59] task_conditioned refresh complete :: sync=ok sync_exit=0 stage=task_conditioned_round3_done_waiting_decision next_action=manual_decide live_phase=unknown round3=done,done,done winner=false duration=45s
[2026-06-22 02:35:04] task_conditioned refresh start :: sync_timeout=240s
[2026-06-22 02:35:48] task_conditioned refresh sync :: status=ok exit=0
[2026-06-22 02:35:49] task_conditioned refresh complete :: sync=ok sync_exit=0 stage=task_conditioned_round3_done_waiting_decision next_action=manual_decide live_phase=unknown round3=done,done,done winner=false duration=45s
[2026-06-22 02:36:54] task_conditioned refresh start :: sync_timeout=240s
[2026-06-22 02:37:37] task_conditioned refresh sync :: status=ok exit=0
[2026-06-22 02:37:39] task_conditioned refresh complete :: sync=ok sync_exit=0 stage=task_conditioned_round3_done_waiting_decision next_action=manual_decide live_phase=unknown round3=done,done,done winner=false duration=45s
[2026-06-22 02:38:44] task_conditioned refresh start :: sync_timeout=240s
[2026-06-22 02:39:28] task_conditioned refresh sync :: status=ok exit=0
[2026-06-22 02:39:29] task_conditioned refresh complete :: sync=ok sync_exit=0 stage=task_conditioned_round3_done_waiting_decision next_action=manual_decide live_phase=unknown round3=done,done,done winner=false duration=45s
[2026-06-22 02:40:34] task_conditioned refresh start :: sync_timeout=240s
[2026-06-22 02:41:18] task_conditioned refresh sync :: status=ok exit=0
[2026-06-22 02:41:20] task_conditioned refresh complete :: sync=ok sync_exit=0 stage=task_conditioned_round3_done_waiting_decision next_action=manual_decide live_phase=unknown round3=done,done,done winner=false duration=46s
[2026-06-22 02:42:25] task_conditioned refresh start :: sync_timeout=240s
[2026-06-22 02:43:08] task_conditioned refresh sync :: status=ok exit=0
[2026-06-22 02:43:10] task_conditioned refresh complete :: sync=ok sync_exit=0 stage=task_conditioned_round3_done_waiting_decision next_action=manual_decide live_phase=unknown round3=done,done,done winner=false duration=45s
[2026-06-22 02:44:15] task_conditioned refresh start :: sync_timeout=240s
[2026-06-22 02:44:58] task_conditioned refresh sync :: status=ok exit=0
[2026-06-22 02:45:00] task_conditioned refresh complete :: sync=ok sync_exit=0 stage=task_conditioned_round3_done_waiting_decision next_action=manual_decide live_phase=unknown round3=done,done,done winner=false duration=45s
[2026-06-22 02:46:05] task_conditioned refresh start :: sync_timeout=240s
[2026-06-22 02:46:48] task_conditioned refresh sync :: status=ok exit=0
[2026-06-22 02:46:50] task_conditioned refresh complete :: sync=ok sync_exit=0 stage=task_conditioned_round3_done_waiting_decision next_action=manual_decide live_phase=unknown round3=done,done,done winner=false duration=45s
[2026-06-22 02:47:55] task_conditioned refresh start :: sync_timeout=240s
[2026-06-22 02:48:38] task_conditioned refresh sync :: status=ok exit=0
[2026-06-22 02:48:40] task_conditioned refresh complete :: sync=ok sync_exit=0 stage=task_conditioned_round3_done_waiting_decision next_action=manual_decide live_phase=unknown round3=done,done,done winner=false duration=45s
[2026-06-22 02:49:45] task_conditioned refresh start :: sync_timeout=240s
[2026-06-22 02:50:31] task_conditioned refresh sync :: status=ok exit=0
[2026-06-22 02:50:33] task_conditioned refresh complete :: sync=ok sync_exit=0 stage=task_conditioned_round3_done_waiting_decision next_action=manual_decide live_phase=unknown round3=done,done,done winner=false duration=48s
[2026-06-22 02:51:38] task_conditioned refresh start :: sync_timeout=240s
[2026-06-22 02:52:23] task_conditioned refresh sync :: status=ok exit=0
[2026-06-22 02:52:24] task_conditioned refresh complete :: sync=ok sync_exit=0 stage=task_conditioned_round3_done_waiting_decision next_action=manual_decide live_phase=unknown round3=done,done,done winner=false duration=46s
[2026-06-22 02:53:29] task_conditioned refresh start :: sync_timeout=240s
[2026-06-22 02:54:13] task_conditioned refresh sync :: status=ok exit=0
[2026-06-22 02:54:14] task_conditioned refresh complete :: sync=ok sync_exit=0 stage=task_conditioned_round3_done_waiting_decision next_action=manual_decide live_phase=unknown round3=done,done,done winner=false duration=45s
[2026-06-22 02:55:19] task_conditioned refresh start :: sync_timeout=240s
[2026-06-22 02:56:03] task_conditioned refresh sync :: status=ok exit=0
[2026-06-22 02:56:04] task_conditioned refresh complete :: sync=ok sync_exit=0 stage=task_conditioned_round3_done_waiting_decision next_action=manual_decide live_phase=unknown round3=done,done,done winner=false duration=45s
[2026-06-22 02:57:09] task_conditioned refresh start :: sync_timeout=240s
[2026-06-22 02:57:52] task_conditioned refresh sync :: status=ok exit=0
[2026-06-22 02:57:54] task_conditioned refresh complete :: sync=ok sync_exit=0 stage=task_conditioned_round3_done_waiting_decision next_action=manual_decide live_phase=unknown round3=done,done,done winner=false duration=45s
[2026-06-22 02:58:59] task_conditioned refresh start :: sync_timeout=240s
[2026-06-22 02:59:43] task_conditioned refresh sync :: status=ok exit=0
[2026-06-22 02:59:44] task_conditioned refresh complete :: sync=ok sync_exit=0 stage=task_conditioned_round3_done_waiting_decision next_action=manual_decide live_phase=unknown round3=done,done,done winner=false duration=45s
[2026-06-22 03:00:49] task_conditioned refresh start :: sync_timeout=240s
[2026-06-22 03:01:33] task_conditioned refresh sync :: status=ok exit=0
[2026-06-22 03:01:35] task_conditioned refresh complete :: sync=ok sync_exit=0 stage=task_conditioned_round3_done_waiting_decision next_action=manual_decide live_phase=unknown round3=done,done,done winner=false duration=46s
[2026-06-22 03:02:40] task_conditioned refresh start :: sync_timeout=240s
[2026-06-22 03:03:23] task_conditioned refresh sync :: status=ok exit=0
[2026-06-22 03:03:25] task_conditioned refresh complete :: sync=ok sync_exit=0 stage=task_conditioned_round3_done_waiting_decision next_action=manual_decide live_phase=unknown round3=done,done,done winner=false duration=45s
[2026-06-22 03:04:30] task_conditioned refresh start :: sync_timeout=240s
[2026-06-22 03:05:13] task_conditioned refresh sync :: status=ok exit=0
[2026-06-22 03:05:15] task_conditioned refresh complete :: sync=ok sync_exit=0 stage=task_conditioned_round3_done_waiting_decision next_action=manual_decide live_phase=unknown round3=done,done,done winner=false duration=45s
[2026-06-22 03:06:19] task_conditioned refresh start :: sync_timeout=240s
[2026-06-22 03:07:03] task_conditioned refresh sync :: status=ok exit=0
[2026-06-22 03:07:05] task_conditioned refresh complete :: sync=ok sync_exit=0 stage=task_conditioned_round3_done_waiting_decision next_action=manual_decide live_phase=unknown round3=done,done,done winner=false duration=46s
[2026-06-22 03:08:10] task_conditioned refresh start :: sync_timeout=240s
[2026-06-22 03:08:53] task_conditioned refresh sync :: status=ok exit=0
[2026-06-22 03:08:55] task_conditioned refresh complete :: sync=ok sync_exit=0 stage=task_conditioned_round3_done_waiting_decision next_action=manual_decide live_phase=unknown round3=done,done,done winner=false duration=45s
[2026-06-22 03:10:00] task_conditioned refresh start :: sync_timeout=240s
[2026-06-22 03:10:43] task_conditioned refresh sync :: status=ok exit=0
[2026-06-22 03:10:45] task_conditioned refresh complete :: sync=ok sync_exit=0 stage=task_conditioned_round3_done_waiting_decision next_action=manual_decide live_phase=unknown round3=done,done,done winner=false duration=45s
[2026-06-22 03:11:50] task_conditioned refresh start :: sync_timeout=240s
[2026-06-22 03:12:33] task_conditioned refresh sync :: status=ok exit=0
[2026-06-22 03:12:35] task_conditioned refresh complete :: sync=ok sync_exit=0 stage=task_conditioned_round3_done_waiting_decision next_action=manual_decide live_phase=unknown round3=done,done,done winner=false duration=45s
[2026-06-22 03:13:40] task_conditioned refresh start :: sync_timeout=240s
[2026-06-22 03:14:23] task_conditioned refresh sync :: status=ok exit=0
[2026-06-22 03:14:25] task_conditioned refresh complete :: sync=ok sync_exit=0 stage=task_conditioned_round3_done_waiting_decision next_action=manual_decide live_phase=unknown round3=done,done,done winner=false duration=45s
[2026-06-22 03:15:30] task_conditioned refresh start :: sync_timeout=240s
[2026-06-22 03:16:13] task_conditioned refresh sync :: status=ok exit=0
[2026-06-22 03:16:14] task_conditioned refresh complete :: sync=ok sync_exit=0 stage=task_conditioned_round3_done_waiting_decision next_action=manual_decide live_phase=unknown round3=done,done,done winner=false duration=44s
[2026-06-22 03:17:19] task_conditioned refresh start :: sync_timeout=240s
[2026-06-22 03:18:02] task_conditioned refresh sync :: status=ok exit=0
[2026-06-22 03:18:04] task_conditioned refresh complete :: sync=ok sync_exit=0 stage=task_conditioned_round3_done_waiting_decision next_action=manual_decide live_phase=unknown round3=done,done,done winner=false duration=45s
[2026-06-22 03:19:09] task_conditioned refresh start :: sync_timeout=240s
[2026-06-22 03:19:52] task_conditioned refresh sync :: status=ok exit=0
[2026-06-22 03:19:54] task_conditioned refresh complete :: sync=ok sync_exit=0 stage=task_conditioned_round3_done_waiting_decision next_action=manual_decide live_phase=unknown round3=done,done,done winner=false duration=45s
[2026-06-22 03:20:59] task_conditioned refresh start :: sync_timeout=240s
[2026-06-22 03:21:42] task_conditioned refresh sync :: status=ok exit=0
[2026-06-22 03:21:44] task_conditioned refresh complete :: sync=ok sync_exit=0 stage=task_conditioned_round3_done_waiting_decision next_action=manual_decide live_phase=unknown round3=done,done,done winner=false duration=45s
[2026-06-22 03:22:49] task_conditioned refresh start :: sync_timeout=240s
[2026-06-22 03:23:32] task_conditioned refresh sync :: status=ok exit=0
[2026-06-22 03:23:33] task_conditioned refresh complete :: sync=ok sync_exit=0 stage=task_conditioned_round3_done_waiting_decision next_action=manual_decide live_phase=unknown round3=done,done,done winner=false duration=44s
[2026-06-22 03:24:38] task_conditioned refresh start :: sync_timeout=240s
[2026-06-22 03:25:22] task_conditioned refresh sync :: status=ok exit=0
[2026-06-22 03:25:23] task_conditioned refresh complete :: sync=ok sync_exit=0 stage=task_conditioned_round3_done_waiting_decision next_action=manual_decide live_phase=unknown round3=done,done,done winner=false duration=45s
[2026-06-22 03:26:28] task_conditioned refresh start :: sync_timeout=240s
[2026-06-22 03:27:11] task_conditioned refresh sync :: status=ok exit=0
[2026-06-22 03:27:13] task_conditioned refresh complete :: sync=ok sync_exit=0 stage=task_conditioned_round3_done_waiting_decision next_action=manual_decide live_phase=unknown round3=done,done,done winner=false duration=45s
[2026-06-22 03:28:18] task_conditioned refresh start :: sync_timeout=240s
[2026-06-22 03:29:01] task_conditioned refresh sync :: status=ok exit=0
[2026-06-22 03:29:03] task_conditioned refresh complete :: sync=ok sync_exit=0 stage=task_conditioned_round3_done_waiting_decision next_action=manual_decide live_phase=unknown round3=done,done,done winner=false duration=45s
[2026-06-22 03:30:08] task_conditioned refresh start :: sync_timeout=240s
[2026-06-22 03:30:52] task_conditioned refresh sync :: status=ok exit=0
[2026-06-22 03:30:53] task_conditioned refresh complete :: sync=ok sync_exit=0 stage=task_conditioned_round3_done_waiting_decision next_action=manual_decide live_phase=unknown round3=done,done,done winner=false duration=45s
[2026-06-22 03:31:58] task_conditioned refresh start :: sync_timeout=240s
[2026-06-22 03:32:42] task_conditioned refresh sync :: status=ok exit=0
[2026-06-22 03:32:44] task_conditioned refresh complete :: sync=ok sync_exit=0 stage=task_conditioned_round3_done_waiting_decision next_action=manual_decide live_phase=unknown round3=done,done,done winner=false duration=46s
[2026-06-22 03:33:49] task_conditioned refresh start :: sync_timeout=240s
[2026-06-22 03:34:31] task_conditioned refresh sync :: status=ok exit=0
[2026-06-22 03:34:33] task_conditioned refresh complete :: sync=ok sync_exit=0 stage=task_conditioned_round3_done_waiting_decision next_action=manual_decide live_phase=unknown round3=done,done,done winner=false duration=44s
[2026-06-22 03:35:38] task_conditioned refresh start :: sync_timeout=240s
[2026-06-22 03:36:21] task_conditioned refresh sync :: status=ok exit=0
[2026-06-22 03:36:23] task_conditioned refresh complete :: sync=ok sync_exit=0 stage=task_conditioned_round3_done_waiting_decision next_action=manual_decide live_phase=unknown round3=done,done,done winner=false duration=45s
[2026-06-22 03:37:28] task_conditioned refresh start :: sync_timeout=240s
[2026-06-22 03:38:12] task_conditioned refresh sync :: status=ok exit=0
[2026-06-22 03:38:13] task_conditioned refresh complete :: sync=ok sync_exit=0 stage=task_conditioned_round3_done_waiting_decision next_action=manual_decide live_phase=unknown round3=done,done,done winner=false duration=45s
[2026-06-22 03:39:18] task_conditioned refresh start :: sync_timeout=240s
[2026-06-22 03:40:02] task_conditioned refresh sync :: status=ok exit=0
[2026-06-22 03:40:03] task_conditioned refresh complete :: sync=ok sync_exit=0 stage=task_conditioned_round3_done_waiting_decision next_action=manual_decide live_phase=unknown round3=done,done,done winner=false duration=45s
[2026-06-22 03:41:08] task_conditioned refresh start :: sync_timeout=240s
[2026-06-22 03:41:52] task_conditioned refresh sync :: status=ok exit=0
[2026-06-22 03:41:54] task_conditioned refresh complete :: sync=ok sync_exit=0 stage=task_conditioned_round3_done_waiting_decision next_action=manual_decide live_phase=unknown round3=done,done,done winner=false duration=46s
[2026-06-22 03:42:59] task_conditioned refresh start :: sync_timeout=240s
[2026-06-22 03:43:42] task_conditioned refresh sync :: status=ok exit=0
[2026-06-22 03:43:43] task_conditioned refresh complete :: sync=ok sync_exit=0 stage=task_conditioned_round3_done_waiting_decision next_action=manual_decide live_phase=unknown round3=done,done,done winner=false duration=44s
[2026-06-22 03:44:48] task_conditioned refresh start :: sync_timeout=240s
[2026-06-22 03:45:31] task_conditioned refresh sync :: status=ok exit=0
[2026-06-22 03:45:33] task_conditioned refresh complete :: sync=ok sync_exit=0 stage=task_conditioned_round3_done_waiting_decision next_action=manual_decide live_phase=unknown round3=done,done,done winner=false duration=45s
[2026-06-22 03:46:38] task_conditioned refresh start :: sync_timeout=240s
[2026-06-22 03:47:22] task_conditioned refresh sync :: status=ok exit=0
[2026-06-22 03:47:23] task_conditioned refresh complete :: sync=ok sync_exit=0 stage=task_conditioned_round3_done_waiting_decision next_action=manual_decide live_phase=unknown round3=done,done,done winner=false duration=45s
[2026-06-22 03:48:28] task_conditioned refresh start :: sync_timeout=240s
[2026-06-22 03:49:11] task_conditioned refresh sync :: status=ok exit=0
[2026-06-22 03:49:13] task_conditioned refresh complete :: sync=ok sync_exit=0 stage=task_conditioned_round3_done_waiting_decision next_action=manual_decide live_phase=unknown round3=done,done,done winner=false duration=45s
[2026-06-22 03:50:18] task_conditioned refresh start :: sync_timeout=240s
[2026-06-22 03:51:01] task_conditioned refresh sync :: status=ok exit=0
[2026-06-22 03:51:03] task_conditioned refresh complete :: sync=ok sync_exit=0 stage=task_conditioned_round3_done_waiting_decision next_action=manual_decide live_phase=unknown round3=done,done,done winner=false duration=45s
[2026-06-22 03:52:08] task_conditioned refresh start :: sync_timeout=240s
[2026-06-22 03:52:51] task_conditioned refresh sync :: status=ok exit=0
[2026-06-22 03:52:53] task_conditioned refresh complete :: sync=ok sync_exit=0 stage=task_conditioned_round3_done_waiting_decision next_action=manual_decide live_phase=unknown round3=done,done,done winner=false duration=45s
[2026-06-22 03:53:58] task_conditioned refresh start :: sync_timeout=240s
[2026-06-22 03:54:41] task_conditioned refresh sync :: status=ok exit=0
[2026-06-22 03:54:43] task_conditioned refresh complete :: sync=ok sync_exit=0 stage=task_conditioned_round3_done_waiting_decision next_action=manual_decide live_phase=unknown round3=done,done,done winner=false duration=45s
[2026-06-22 03:55:48] task_conditioned refresh start :: sync_timeout=240s
[2026-06-22 03:56:32] task_conditioned refresh sync :: status=ok exit=0
[2026-06-22 03:56:33] task_conditioned refresh complete :: sync=ok sync_exit=0 stage=task_conditioned_round3_done_waiting_decision next_action=manual_decide live_phase=unknown round3=done,done,done winner=false duration=45s
[2026-06-22 03:57:38] task_conditioned refresh start :: sync_timeout=240s
[2026-06-22 03:58:22] task_conditioned refresh sync :: status=ok exit=0
[2026-06-22 03:58:23] task_conditioned refresh complete :: sync=ok sync_exit=0 stage=task_conditioned_round3_done_waiting_decision next_action=manual_decide live_phase=unknown round3=done,done,done winner=false duration=45s
[2026-06-22 03:59:28] task_conditioned refresh start :: sync_timeout=240s
[2026-06-22 04:00:12] task_conditioned refresh sync :: status=ok exit=0
[2026-06-22 04:00:13] task_conditioned refresh complete :: sync=ok sync_exit=0 stage=task_conditioned_round3_done_waiting_decision next_action=manual_decide live_phase=unknown round3=done,done,done winner=false duration=45s
[2026-06-22 04:01:19] task_conditioned refresh start :: sync_timeout=240s
[2026-06-22 04:02:01] task_conditioned refresh sync :: status=ok exit=0
[2026-06-22 04:02:03] task_conditioned refresh complete :: sync=ok sync_exit=0 stage=task_conditioned_round3_done_waiting_decision next_action=manual_decide live_phase=unknown round3=done,done,done winner=false duration=44s
[2026-06-22 04:03:08] task_conditioned refresh start :: sync_timeout=240s
[2026-06-22 04:03:51] task_conditioned refresh sync :: status=ok exit=0
[2026-06-22 04:03:53] task_conditioned refresh complete :: sync=ok sync_exit=0 stage=task_conditioned_round3_done_waiting_decision next_action=manual_decide live_phase=unknown round3=done,done,done winner=false duration=45s
[2026-06-22 04:04:58] task_conditioned refresh start :: sync_timeout=240s
[2026-06-22 04:05:42] task_conditioned refresh sync :: status=ok exit=0
[2026-06-22 04:05:43] task_conditioned refresh complete :: sync=ok sync_exit=0 stage=task_conditioned_round3_done_waiting_decision next_action=manual_decide live_phase=unknown round3=done,done,done winner=false duration=45s
[2026-06-22 04:06:48] task_conditioned refresh start :: sync_timeout=240s
[2026-06-22 04:07:32] task_conditioned refresh sync :: status=ok exit=0
[2026-06-22 04:07:34] task_conditioned refresh complete :: sync=ok sync_exit=0 stage=task_conditioned_round3_done_waiting_decision next_action=manual_decide live_phase=unknown round3=done,done,done winner=false duration=46s
[2026-06-22 04:08:39] task_conditioned refresh start :: sync_timeout=240s
[2026-06-22 04:09:22] task_conditioned refresh sync :: status=ok exit=0
[2026-06-22 04:09:24] task_conditioned refresh complete :: sync=ok sync_exit=0 stage=task_conditioned_round3_done_waiting_decision next_action=manual_decide live_phase=unknown round3=done,done,done winner=false duration=45s
[2026-06-22 04:10:29] task_conditioned refresh start :: sync_timeout=240s
[2026-06-22 04:11:12] task_conditioned refresh sync :: status=ok exit=0
[2026-06-22 04:11:14] task_conditioned refresh complete :: sync=ok sync_exit=0 stage=task_conditioned_round3_done_waiting_decision next_action=manual_decide live_phase=unknown round3=done,done,done winner=false duration=45s
[2026-06-22 04:12:19] task_conditioned refresh start :: sync_timeout=240s
[2026-06-22 04:13:02] task_conditioned refresh sync :: status=ok exit=0
[2026-06-22 04:13:03] task_conditioned refresh complete :: sync=ok sync_exit=0 stage=task_conditioned_round3_done_waiting_decision next_action=manual_decide live_phase=unknown round3=done,done,done winner=false duration=44s
[2026-06-22 04:14:08] task_conditioned refresh start :: sync_timeout=240s
[2026-06-22 04:14:51] task_conditioned refresh sync :: status=ok exit=0
[2026-06-22 04:14:53] task_conditioned refresh complete :: sync=ok sync_exit=0 stage=task_conditioned_round3_done_waiting_decision next_action=manual_decide live_phase=unknown round3=done,done,done winner=false duration=45s
[2026-06-22 04:15:58] task_conditioned refresh start :: sync_timeout=240s
[2026-06-22 04:16:42] task_conditioned refresh sync :: status=ok exit=0
[2026-06-22 04:16:43] task_conditioned refresh complete :: sync=ok sync_exit=0 stage=task_conditioned_round3_done_waiting_decision next_action=manual_decide live_phase=unknown round3=done,done,done winner=false duration=45s
[2026-06-22 04:17:48] task_conditioned refresh start :: sync_timeout=240s
[2026-06-22 04:18:31] task_conditioned refresh sync :: status=ok exit=0
[2026-06-22 04:18:33] task_conditioned refresh complete :: sync=ok sync_exit=0 stage=task_conditioned_round3_done_waiting_decision next_action=manual_decide live_phase=unknown round3=done,done,done winner=false duration=45s
[2026-06-22 04:19:38] task_conditioned refresh start :: sync_timeout=240s
[2026-06-22 04:20:21] task_conditioned refresh sync :: status=ok exit=0
[2026-06-22 04:20:23] task_conditioned refresh complete :: sync=ok sync_exit=0 stage=task_conditioned_round3_done_waiting_decision next_action=manual_decide live_phase=unknown round3=done,done,done winner=false duration=45s
[2026-06-22 04:21:28] task_conditioned refresh start :: sync_timeout=240s
[2026-06-22 04:22:11] task_conditioned refresh sync :: status=ok exit=0
[2026-06-22 04:22:13] task_conditioned refresh complete :: sync=ok sync_exit=0 stage=task_conditioned_round3_done_waiting_decision next_action=manual_decide live_phase=unknown round3=done,done,done winner=false duration=45s
[2026-06-22 04:23:18] task_conditioned refresh start :: sync_timeout=240s
[2026-06-22 04:24:01] task_conditioned refresh sync :: status=ok exit=0
[2026-06-22 04:24:03] task_conditioned refresh complete :: sync=ok sync_exit=0 stage=task_conditioned_round3_done_waiting_decision next_action=manual_decide live_phase=unknown round3=done,done,done winner=false duration=45s
[2026-06-22 04:25:08] task_conditioned refresh start :: sync_timeout=240s
[2026-06-22 04:25:51] task_conditioned refresh sync :: status=ok exit=0
[2026-06-22 04:25:53] task_conditioned refresh complete :: sync=ok sync_exit=0 stage=task_conditioned_round3_done_waiting_decision next_action=manual_decide live_phase=unknown round3=done,done,done winner=false duration=45s
[2026-06-22 04:26:58] task_conditioned refresh start :: sync_timeout=240s
[2026-06-22 04:27:42] task_conditioned refresh sync :: status=ok exit=0
[2026-06-22 04:27:43] task_conditioned refresh complete :: sync=ok sync_exit=0 stage=task_conditioned_round3_done_waiting_decision next_action=manual_decide live_phase=unknown round3=done,done,done winner=false duration=45s
[2026-06-22 04:28:49] task_conditioned refresh start :: sync_timeout=240s
[2026-06-22 04:29:32] task_conditioned refresh sync :: status=ok exit=0
[2026-06-22 04:29:33] task_conditioned refresh complete :: sync=ok sync_exit=0 stage=task_conditioned_round3_done_waiting_decision next_action=manual_decide live_phase=unknown round3=done,done,done winner=false duration=44s
[2026-06-22 04:30:38] task_conditioned refresh start :: sync_timeout=240s
[2026-06-22 04:31:22] task_conditioned refresh sync :: status=ok exit=0
[2026-06-22 04:31:23] task_conditioned refresh complete :: sync=ok sync_exit=0 stage=task_conditioned_round3_done_waiting_decision next_action=manual_decide live_phase=unknown round3=done,done,done winner=false duration=45s
[2026-06-22 04:32:28] task_conditioned refresh start :: sync_timeout=240s
[2026-06-22 04:33:12] task_conditioned refresh sync :: status=ok exit=0
[2026-06-22 04:33:13] task_conditioned refresh complete :: sync=ok sync_exit=0 stage=task_conditioned_round3_done_waiting_decision next_action=manual_decide live_phase=unknown round3=done,done,done winner=false duration=45s
[2026-06-22 04:34:18] task_conditioned refresh start :: sync_timeout=240s
[2026-06-22 04:35:02] task_conditioned refresh sync :: status=ok exit=0
[2026-06-22 04:35:04] task_conditioned refresh complete :: sync=ok sync_exit=0 stage=task_conditioned_round3_done_waiting_decision next_action=manual_decide live_phase=unknown round3=done,done,done winner=false duration=46s
[2026-06-22 04:36:09] task_conditioned refresh start :: sync_timeout=240s
[2026-06-22 04:36:51] task_conditioned refresh sync :: status=ok exit=0
[2026-06-22 04:36:53] task_conditioned refresh complete :: sync=ok sync_exit=0 stage=task_conditioned_round3_done_waiting_decision next_action=manual_decide live_phase=unknown round3=done,done,done winner=false duration=44s
[2026-06-22 04:37:58] task_conditioned refresh start :: sync_timeout=240s
[2026-06-22 04:38:42] task_conditioned refresh sync :: status=ok exit=0
[2026-06-22 04:38:43] task_conditioned refresh complete :: sync=ok sync_exit=0 stage=task_conditioned_round3_done_waiting_decision next_action=manual_decide live_phase=unknown round3=done,done,done winner=false duration=45s
[2026-06-22 04:39:48] task_conditioned refresh start :: sync_timeout=240s
[2026-06-22 04:40:32] task_conditioned refresh sync :: status=ok exit=0
[2026-06-22 04:40:33] task_conditioned refresh complete :: sync=ok sync_exit=0 stage=task_conditioned_round3_done_waiting_decision next_action=manual_decide live_phase=unknown round3=done,done,done winner=false duration=45s
[2026-06-22 04:41:38] task_conditioned refresh start :: sync_timeout=240s
[2026-06-22 04:42:22] task_conditioned refresh sync :: status=ok exit=0
[2026-06-22 04:42:23] task_conditioned refresh complete :: sync=ok sync_exit=0 stage=task_conditioned_round3_done_waiting_decision next_action=manual_decide live_phase=unknown round3=done,done,done winner=false duration=45s
[2026-06-22 04:43:28] task_conditioned refresh start :: sync_timeout=240s
[2026-06-22 04:44:12] task_conditioned refresh sync :: status=ok exit=0
[2026-06-22 04:44:13] task_conditioned refresh complete :: sync=ok sync_exit=0 stage=task_conditioned_round3_done_waiting_decision next_action=manual_decide live_phase=unknown round3=done,done,done winner=false duration=45s
[2026-06-22 04:45:18] task_conditioned refresh start :: sync_timeout=240s
[2026-06-22 04:46:01] task_conditioned refresh sync :: status=ok exit=0
[2026-06-22 04:46:03] task_conditioned refresh complete :: sync=ok sync_exit=0 stage=task_conditioned_round3_done_waiting_decision next_action=manual_decide live_phase=unknown round3=done,done,done winner=false duration=45s
[2026-06-22 04:47:08] task_conditioned refresh start :: sync_timeout=240s
[2026-06-22 04:47:51] task_conditioned refresh sync :: status=ok exit=0
[2026-06-22 04:47:53] task_conditioned refresh complete :: sync=ok sync_exit=0 stage=task_conditioned_round3_done_waiting_decision next_action=manual_decide live_phase=unknown round3=done,done,done winner=false duration=45s
[2026-06-22 04:48:58] task_conditioned refresh start :: sync_timeout=240s
[2026-06-22 04:49:41] task_conditioned refresh sync :: status=ok exit=0
[2026-06-22 04:49:43] task_conditioned refresh complete :: sync=ok sync_exit=0 stage=task_conditioned_round3_done_waiting_decision next_action=manual_decide live_phase=unknown round3=done,done,done winner=false duration=45s
[2026-06-22 04:50:48] task_conditioned refresh start :: sync_timeout=240s
[2026-06-22 04:51:31] task_conditioned refresh sync :: status=ok exit=0
[2026-06-22 04:51:33] task_conditioned refresh complete :: sync=ok sync_exit=0 stage=task_conditioned_round3_done_waiting_decision next_action=manual_decide live_phase=unknown round3=done,done,done winner=false duration=45s
[2026-06-22 04:52:38] task_conditioned refresh start :: sync_timeout=240s
[2026-06-22 04:53:21] task_conditioned refresh sync :: status=ok exit=0
[2026-06-22 04:53:22] task_conditioned refresh complete :: sync=ok sync_exit=0 stage=task_conditioned_round3_done_waiting_decision next_action=manual_decide live_phase=unknown round3=done,done,done winner=false duration=44s
[2026-06-22 04:54:28] task_conditioned refresh start :: sync_timeout=240s
[2026-06-22 04:55:11] task_conditioned refresh sync :: status=ok exit=0
[2026-06-22 04:55:12] task_conditioned refresh complete :: sync=ok sync_exit=0 stage=task_conditioned_round3_done_waiting_decision next_action=manual_decide live_phase=unknown round3=done,done,done winner=false duration=44s
[2026-06-22 04:56:18] task_conditioned refresh start :: sync_timeout=240s
[2026-06-22 04:57:01] task_conditioned refresh sync :: status=ok exit=0
[2026-06-22 04:57:03] task_conditioned refresh complete :: sync=ok sync_exit=0 stage=task_conditioned_round3_done_waiting_decision next_action=manual_decide live_phase=unknown round3=done,done,done winner=false duration=45s
[2026-06-22 04:58:08] task_conditioned refresh start :: sync_timeout=240s
[2026-06-22 04:58:51] task_conditioned refresh sync :: status=ok exit=0
[2026-06-22 04:58:52] task_conditioned refresh complete :: sync=ok sync_exit=0 stage=task_conditioned_round3_done_waiting_decision next_action=manual_decide live_phase=unknown round3=done,done,done winner=false duration=44s
[2026-06-22 04:59:57] task_conditioned refresh start :: sync_timeout=240s
[2026-06-22 05:00:41] task_conditioned refresh sync :: status=ok exit=0
[2026-06-22 05:00:42] task_conditioned refresh complete :: sync=ok sync_exit=0 stage=task_conditioned_round3_done_waiting_decision next_action=manual_decide live_phase=unknown round3=done,done,done winner=false duration=45s
[2026-06-22 05:01:47] task_conditioned refresh start :: sync_timeout=240s
[2026-06-22 05:02:31] task_conditioned refresh sync :: status=ok exit=0
[2026-06-22 05:02:33] task_conditioned refresh complete :: sync=ok sync_exit=0 stage=task_conditioned_round3_done_waiting_decision next_action=manual_decide live_phase=unknown round3=done,done,done winner=false duration=46s
[2026-06-22 05:03:38] task_conditioned refresh start :: sync_timeout=240s
[2026-06-22 05:04:20] task_conditioned refresh sync :: status=ok exit=0
[2026-06-22 05:04:22] task_conditioned refresh complete :: sync=ok sync_exit=0 stage=task_conditioned_round3_done_waiting_decision next_action=manual_decide live_phase=unknown round3=done,done,done winner=false duration=44s
[2026-06-22 05:05:27] task_conditioned refresh start :: sync_timeout=240s
[2026-06-22 05:06:11] task_conditioned refresh sync :: status=ok exit=0
[2026-06-22 05:06:12] task_conditioned refresh complete :: sync=ok sync_exit=0 stage=task_conditioned_round3_done_waiting_decision next_action=manual_decide live_phase=unknown round3=done,done,done winner=false duration=45s
[2026-06-22 05:07:17] task_conditioned refresh start :: sync_timeout=240s
[2026-06-22 05:08:00] task_conditioned refresh sync :: status=ok exit=0
[2026-06-22 05:08:02] task_conditioned refresh complete :: sync=ok sync_exit=0 stage=task_conditioned_round3_done_waiting_decision next_action=manual_decide live_phase=unknown round3=done,done,done winner=false duration=45s
[2026-06-22 05:09:07] task_conditioned refresh start :: sync_timeout=240s
[2026-06-22 05:09:51] task_conditioned refresh sync :: status=ok exit=0
[2026-06-22 05:09:52] task_conditioned refresh complete :: sync=ok sync_exit=0 stage=task_conditioned_round3_done_waiting_decision next_action=manual_decide live_phase=unknown round3=done,done,done winner=false duration=45s
[2026-06-22 05:10:57] task_conditioned refresh start :: sync_timeout=240s
[2026-06-22 05:11:40] task_conditioned refresh sync :: status=ok exit=0
[2026-06-22 05:11:42] task_conditioned refresh complete :: sync=ok sync_exit=0 stage=task_conditioned_round3_done_waiting_decision next_action=manual_decide live_phase=unknown round3=done,done,done winner=false duration=45s
[2026-06-22 05:12:47] task_conditioned refresh start :: sync_timeout=240s
[2026-06-22 05:13:31] task_conditioned refresh sync :: status=ok exit=0
[2026-06-22 05:13:32] task_conditioned refresh complete :: sync=ok sync_exit=0 stage=task_conditioned_round3_done_waiting_decision next_action=manual_decide live_phase=unknown round3=done,done,done winner=false duration=45s
[2026-06-22 05:14:37] task_conditioned refresh start :: sync_timeout=240s
[2026-06-22 05:15:21] task_conditioned refresh sync :: status=ok exit=0
[2026-06-22 05:15:22] task_conditioned refresh complete :: sync=ok sync_exit=0 stage=task_conditioned_round3_done_waiting_decision next_action=manual_decide live_phase=unknown round3=done,done,done winner=false duration=45s
[2026-06-22 05:16:27] task_conditioned refresh start :: sync_timeout=240s
[2026-06-22 05:17:10] task_conditioned refresh sync :: status=ok exit=0
[2026-06-22 05:17:12] task_conditioned refresh complete :: sync=ok sync_exit=0 stage=task_conditioned_round3_done_waiting_decision next_action=manual_decide live_phase=unknown round3=done,done,done winner=false duration=45s
[2026-06-22 05:18:17] task_conditioned refresh start :: sync_timeout=240s
[2026-06-22 05:19:00] task_conditioned refresh sync :: status=ok exit=0
[2026-06-22 05:19:02] task_conditioned refresh complete :: sync=ok sync_exit=0 stage=task_conditioned_round3_done_waiting_decision next_action=manual_decide live_phase=unknown round3=done,done,done winner=false duration=45s
[2026-06-22 05:20:07] task_conditioned refresh start :: sync_timeout=240s
[2026-06-22 05:20:50] task_conditioned refresh sync :: status=ok exit=0
[2026-06-22 05:20:52] task_conditioned refresh complete :: sync=ok sync_exit=0 stage=task_conditioned_round3_done_waiting_decision next_action=manual_decide live_phase=unknown round3=done,done,done winner=false duration=45s
[2026-06-22 05:21:57] task_conditioned refresh start :: sync_timeout=240s
[2026-06-22 05:22:40] task_conditioned refresh sync :: status=ok exit=0
[2026-06-22 05:22:42] task_conditioned refresh complete :: sync=ok sync_exit=0 stage=task_conditioned_round3_done_waiting_decision next_action=manual_decide live_phase=unknown round3=done,done,done winner=false duration=45s
[2026-06-22 05:23:47] task_conditioned refresh start :: sync_timeout=240s
[2026-06-22 05:24:30] task_conditioned refresh sync :: status=ok exit=0
[2026-06-22 05:24:32] task_conditioned refresh complete :: sync=ok sync_exit=0 stage=task_conditioned_round3_done_waiting_decision next_action=manual_decide live_phase=unknown round3=done,done,done winner=false duration=45s
[2026-06-22 05:25:37] task_conditioned refresh start :: sync_timeout=240s
[2026-06-22 05:26:20] task_conditioned refresh sync :: status=ok exit=0
[2026-06-22 05:26:22] task_conditioned refresh complete :: sync=ok sync_exit=0 stage=task_conditioned_round3_done_waiting_decision next_action=manual_decide live_phase=unknown round3=done,done,done winner=false duration=45s
[2026-06-22 05:27:27] task_conditioned refresh start :: sync_timeout=240s
[2026-06-22 05:28:10] task_conditioned refresh sync :: status=ok exit=0
[2026-06-22 05:28:12] task_conditioned refresh complete :: sync=ok sync_exit=0 stage=task_conditioned_round3_done_waiting_decision next_action=manual_decide live_phase=unknown round3=done,done,done winner=false duration=45s
[2026-06-22 05:29:17] task_conditioned refresh start :: sync_timeout=240s
[2026-06-22 05:30:00] task_conditioned refresh sync :: status=ok exit=0
[2026-06-22 05:30:02] task_conditioned refresh complete :: sync=ok sync_exit=0 stage=task_conditioned_round3_done_waiting_decision next_action=manual_decide live_phase=unknown round3=done,done,done winner=false duration=45s
[2026-06-22 05:31:07] task_conditioned refresh start :: sync_timeout=240s
[2026-06-22 05:31:50] task_conditioned refresh sync :: status=ok exit=0
[2026-06-22 05:31:52] task_conditioned refresh complete :: sync=ok sync_exit=0 stage=task_conditioned_round3_done_waiting_decision next_action=manual_decide live_phase=unknown round3=done,done,done winner=false duration=45s
[2026-06-22 05:32:57] task_conditioned refresh start :: sync_timeout=240s
[2026-06-22 05:33:40] task_conditioned refresh sync :: status=ok exit=0
[2026-06-22 05:33:42] task_conditioned refresh complete :: sync=ok sync_exit=0 stage=task_conditioned_round3_done_waiting_decision next_action=manual_decide live_phase=unknown round3=done,done,done winner=false duration=45s
[2026-06-22 05:34:47] task_conditioned refresh start :: sync_timeout=240s
[2026-06-22 05:35:31] task_conditioned refresh sync :: status=ok exit=0
[2026-06-22 05:35:33] task_conditioned refresh complete :: sync=ok sync_exit=0 stage=task_conditioned_round3_done_waiting_decision next_action=manual_decide live_phase=unknown round3=done,done,done winner=false duration=46s
[2026-06-22 05:36:38] task_conditioned refresh start :: sync_timeout=240s
[2026-06-22 05:37:22] task_conditioned refresh sync :: status=ok exit=0
[2026-06-22 05:37:23] task_conditioned refresh complete :: sync=ok sync_exit=0 stage=task_conditioned_round3_done_waiting_decision next_action=manual_decide live_phase=unknown round3=done,done,done winner=false duration=45s
[2026-06-22 05:38:28] task_conditioned refresh start :: sync_timeout=240s
[2026-06-22 05:39:12] task_conditioned refresh sync :: status=ok exit=0
[2026-06-22 05:39:13] task_conditioned refresh complete :: sync=ok sync_exit=0 stage=task_conditioned_round3_done_waiting_decision next_action=manual_decide live_phase=unknown round3=done,done,done winner=false duration=45s
[2026-06-22 05:40:18] task_conditioned refresh start :: sync_timeout=240s
[2026-06-22 05:41:02] task_conditioned refresh sync :: status=ok exit=0
[2026-06-22 05:41:04] task_conditioned refresh complete :: sync=ok sync_exit=0 stage=task_conditioned_round3_done_waiting_decision next_action=manual_decide live_phase=unknown round3=done,done,done winner=false duration=46s
[2026-06-22 05:42:09] task_conditioned refresh start :: sync_timeout=240s
[2026-06-22 05:42:52] task_conditioned refresh sync :: status=ok exit=0
[2026-06-22 05:42:54] task_conditioned refresh complete :: sync=ok sync_exit=0 stage=task_conditioned_round3_done_waiting_decision next_action=manual_decide live_phase=unknown round3=done,done,done winner=false duration=45s
[2026-06-22 05:43:59] task_conditioned refresh start :: sync_timeout=240s
[2026-06-22 05:44:42] task_conditioned refresh sync :: status=ok exit=0
[2026-06-22 05:44:44] task_conditioned refresh complete :: sync=ok sync_exit=0 stage=task_conditioned_round3_done_waiting_decision next_action=manual_decide live_phase=unknown round3=done,done,done winner=false duration=45s
[2026-06-22 05:45:49] task_conditioned refresh start :: sync_timeout=240s
[2026-06-22 05:46:32] task_conditioned refresh sync :: status=ok exit=0
[2026-06-22 05:46:33] task_conditioned refresh complete :: sync=ok sync_exit=0 stage=task_conditioned_round3_done_waiting_decision next_action=manual_decide live_phase=unknown round3=done,done,done winner=false duration=44s
[2026-06-22 05:47:39] task_conditioned refresh start :: sync_timeout=240s
[2026-06-22 05:48:22] task_conditioned refresh sync :: status=ok exit=0
[2026-06-22 05:48:24] task_conditioned refresh complete :: sync=ok sync_exit=0 stage=task_conditioned_round3_done_waiting_decision next_action=manual_decide live_phase=unknown round3=done,done,done winner=false duration=45s
[2026-06-22 05:49:29] task_conditioned refresh start :: sync_timeout=240s
[2026-06-22 05:50:12] task_conditioned refresh sync :: status=ok exit=0
[2026-06-22 05:50:13] task_conditioned refresh complete :: sync=ok sync_exit=0 stage=task_conditioned_round3_done_waiting_decision next_action=manual_decide live_phase=unknown round3=done,done,done winner=false duration=44s
[2026-06-22 05:51:18] task_conditioned refresh start :: sync_timeout=240s
[2026-06-22 05:52:02] task_conditioned refresh sync :: status=ok exit=0
[2026-06-22 05:52:03] task_conditioned refresh complete :: sync=ok sync_exit=0 stage=task_conditioned_round3_done_waiting_decision next_action=manual_decide live_phase=unknown round3=done,done,done winner=false duration=45s
[2026-06-22 05:53:08] task_conditioned refresh start :: sync_timeout=240s
[2026-06-22 05:53:52] task_conditioned refresh sync :: status=ok exit=0
[2026-06-22 05:53:53] task_conditioned refresh complete :: sync=ok sync_exit=0 stage=task_conditioned_round3_done_waiting_decision next_action=manual_decide live_phase=unknown round3=done,done,done winner=false duration=45s
[2026-06-22 05:54:58] task_conditioned refresh start :: sync_timeout=240s
[2026-06-22 05:55:41] task_conditioned refresh sync :: status=ok exit=0
[2026-06-22 05:55:43] task_conditioned refresh complete :: sync=ok sync_exit=0 stage=task_conditioned_round3_done_waiting_decision next_action=manual_decide live_phase=unknown round3=done,done,done winner=false duration=45s
[2026-06-22 05:56:48] task_conditioned refresh start :: sync_timeout=240s
[2026-06-22 05:57:32] task_conditioned refresh sync :: status=ok exit=0
[2026-06-22 05:57:34] task_conditioned refresh complete :: sync=ok sync_exit=0 stage=task_conditioned_round3_done_waiting_decision next_action=manual_decide live_phase=unknown round3=done,done,done winner=false duration=46s
[2026-06-22 05:58:39] task_conditioned refresh start :: sync_timeout=240s
[2026-06-22 05:59:22] task_conditioned refresh sync :: status=ok exit=0
[2026-06-22 05:59:24] task_conditioned refresh complete :: sync=ok sync_exit=0 stage=task_conditioned_round3_done_waiting_decision next_action=manual_decide live_phase=unknown round3=done,done,done winner=false duration=45s
[2026-06-22 06:00:29] task_conditioned refresh start :: sync_timeout=240s
[2026-06-22 06:01:12] task_conditioned refresh sync :: status=ok exit=0
[2026-06-22 06:01:14] task_conditioned refresh complete :: sync=ok sync_exit=0 stage=task_conditioned_round3_done_waiting_decision next_action=manual_decide live_phase=unknown round3=done,done,done winner=false duration=45s
[2026-06-22 06:02:19] task_conditioned refresh start :: sync_timeout=240s
[2026-06-22 06:03:02] task_conditioned refresh sync :: status=ok exit=0
[2026-06-22 06:03:04] task_conditioned refresh complete :: sync=ok sync_exit=0 stage=task_conditioned_round3_done_waiting_decision next_action=manual_decide live_phase=unknown round3=done,done,done winner=false duration=45s
[2026-06-22 06:04:09] task_conditioned refresh start :: sync_timeout=240s
[2026-06-22 06:04:52] task_conditioned refresh sync :: status=ok exit=0
[2026-06-22 06:04:53] task_conditioned refresh complete :: sync=ok sync_exit=0 stage=task_conditioned_round3_done_waiting_decision next_action=manual_decide live_phase=unknown round3=done,done,done winner=false duration=44s
[2026-06-22 06:05:59] task_conditioned refresh start :: sync_timeout=240s
[2026-06-22 06:06:41] task_conditioned refresh sync :: status=ok exit=0
[2026-06-22 06:06:43] task_conditioned refresh complete :: sync=ok sync_exit=0 stage=task_conditioned_round3_done_waiting_decision next_action=manual_decide live_phase=unknown round3=done,done,done winner=false duration=44s
[2026-06-22 06:07:48] task_conditioned refresh start :: sync_timeout=240s
[2026-06-22 06:08:31] task_conditioned refresh sync :: status=ok exit=0
[2026-06-22 06:08:33] task_conditioned refresh complete :: sync=ok sync_exit=0 stage=task_conditioned_round3_done_waiting_decision next_action=manual_decide live_phase=unknown round3=done,done,done winner=false duration=45s
[2026-06-22 06:09:38] task_conditioned refresh start :: sync_timeout=240s
[2026-06-22 06:10:21] task_conditioned refresh sync :: status=ok exit=0
[2026-06-22 06:10:23] task_conditioned refresh complete :: sync=ok sync_exit=0 stage=task_conditioned_round3_done_waiting_decision next_action=manual_decide live_phase=unknown round3=done,done,done winner=false duration=45s
[2026-06-22 06:11:28] task_conditioned refresh start :: sync_timeout=240s
[2026-06-22 06:12:11] task_conditioned refresh sync :: status=ok exit=0
[2026-06-22 06:12:13] task_conditioned refresh complete :: sync=ok sync_exit=0 stage=task_conditioned_round3_done_waiting_decision next_action=manual_decide live_phase=unknown round3=done,done,done winner=false duration=45s
[2026-06-22 06:13:18] task_conditioned refresh start :: sync_timeout=240s
[2026-06-22 06:14:01] task_conditioned refresh sync :: status=ok exit=0
[2026-06-22 06:14:03] task_conditioned refresh complete :: sync=ok sync_exit=0 stage=task_conditioned_round3_done_waiting_decision next_action=manual_decide live_phase=unknown round3=done,done,done winner=false duration=45s
[2026-06-22 06:15:08] task_conditioned refresh start :: sync_timeout=240s
[2026-06-22 06:15:51] task_conditioned refresh sync :: status=ok exit=0
[2026-06-22 06:15:53] task_conditioned refresh complete :: sync=ok sync_exit=0 stage=task_conditioned_round3_done_waiting_decision next_action=manual_decide live_phase=unknown round3=done,done,done winner=false duration=45s
[2026-06-22 06:16:58] task_conditioned refresh start :: sync_timeout=240s
[2026-06-22 06:17:41] task_conditioned refresh sync :: status=ok exit=0
[2026-06-22 06:17:43] task_conditioned refresh complete :: sync=ok sync_exit=0 stage=task_conditioned_round3_done_waiting_decision next_action=manual_decide live_phase=unknown round3=done,done,done winner=false duration=45s
[2026-06-22 06:18:48] task_conditioned refresh start :: sync_timeout=240s
[2026-06-22 06:19:30] task_conditioned refresh sync :: status=ok exit=0
[2026-06-22 06:19:32] task_conditioned refresh complete :: sync=ok sync_exit=0 stage=task_conditioned_round3_done_waiting_decision next_action=manual_decide live_phase=unknown round3=done,done,done winner=false duration=44s
[2026-06-22 06:20:37] task_conditioned refresh start :: sync_timeout=240s
[2026-06-22 06:21:21] task_conditioned refresh sync :: status=ok exit=0
[2026-06-22 06:21:22] task_conditioned refresh complete :: sync=ok sync_exit=0 stage=task_conditioned_round3_done_waiting_decision next_action=manual_decide live_phase=unknown round3=done,done,done winner=false duration=45s
[2026-06-22 06:22:27] task_conditioned refresh start :: sync_timeout=240s
[2026-06-22 06:23:10] task_conditioned refresh sync :: status=ok exit=0
[2026-06-22 06:23:12] task_conditioned refresh complete :: sync=ok sync_exit=0 stage=task_conditioned_round3_done_waiting_decision next_action=manual_decide live_phase=unknown round3=done,done,done winner=false duration=45s
[2026-06-22 06:24:17] task_conditioned refresh start :: sync_timeout=240s
[2026-06-22 06:25:00] task_conditioned refresh sync :: status=ok exit=0
[2026-06-22 06:25:02] task_conditioned refresh complete :: sync=ok sync_exit=0 stage=task_conditioned_round3_done_waiting_decision next_action=manual_decide live_phase=unknown round3=done,done,done winner=false duration=45s
[2026-06-22 06:26:07] task_conditioned refresh start :: sync_timeout=240s
[2026-06-22 06:26:51] task_conditioned refresh sync :: status=ok exit=0
[2026-06-22 06:26:52] task_conditioned refresh complete :: sync=ok sync_exit=0 stage=task_conditioned_round3_done_waiting_decision next_action=manual_decide live_phase=unknown round3=done,done,done winner=false duration=45s
[2026-06-22 06:27:58] task_conditioned refresh start :: sync_timeout=240s
[2026-06-22 06:28:41] task_conditioned refresh sync :: status=ok exit=0
[2026-06-22 06:28:43] task_conditioned refresh complete :: sync=ok sync_exit=0 stage=task_conditioned_round3_done_waiting_decision next_action=manual_decide live_phase=unknown round3=done,done,done winner=false duration=45s
[2026-06-22 06:29:48] task_conditioned refresh start :: sync_timeout=240s
[2026-06-22 06:30:31] task_conditioned refresh sync :: status=ok exit=0
[2026-06-22 06:30:33] task_conditioned refresh complete :: sync=ok sync_exit=0 stage=task_conditioned_round3_done_waiting_decision next_action=manual_decide live_phase=unknown round3=done,done,done winner=false duration=45s
[2026-06-22 06:31:38] task_conditioned refresh start :: sync_timeout=240s
[2026-06-22 06:32:21] task_conditioned refresh sync :: status=ok exit=0
[2026-06-22 06:32:23] task_conditioned refresh complete :: sync=ok sync_exit=0 stage=task_conditioned_round3_done_waiting_decision next_action=manual_decide live_phase=unknown round3=done,done,done winner=false duration=45s
[2026-06-22 06:33:28] task_conditioned refresh start :: sync_timeout=240s
[2026-06-22 06:34:12] task_conditioned refresh sync :: status=ok exit=0
[2026-06-22 06:34:13] task_conditioned refresh complete :: sync=ok sync_exit=0 stage=task_conditioned_round3_done_waiting_decision next_action=manual_decide live_phase=unknown round3=done,done,done winner=false duration=45s
[2026-06-22 06:35:19] task_conditioned refresh start :: sync_timeout=240s
[2026-06-22 06:36:02] task_conditioned refresh sync :: status=ok exit=0
[2026-06-22 06:36:03] task_conditioned refresh complete :: sync=ok sync_exit=0 stage=task_conditioned_round3_done_waiting_decision next_action=manual_decide live_phase=unknown round3=done,done,done winner=false duration=44s
[2026-06-22 06:37:09] task_conditioned refresh start :: sync_timeout=240s
[2026-06-22 06:37:52] task_conditioned refresh sync :: status=ok exit=0
[2026-06-22 06:37:53] task_conditioned refresh complete :: sync=ok sync_exit=0 stage=task_conditioned_round3_done_waiting_decision next_action=manual_decide live_phase=unknown round3=done,done,done winner=false duration=44s
[2026-06-22 06:38:58] task_conditioned refresh start :: sync_timeout=240s
[2026-06-22 06:39:42] task_conditioned refresh sync :: status=ok exit=0
[2026-06-22 06:39:44] task_conditioned refresh complete :: sync=ok sync_exit=0 stage=task_conditioned_round3_done_waiting_decision next_action=manual_decide live_phase=unknown round3=done,done,done winner=false duration=46s
[2026-06-22 06:40:49] task_conditioned refresh start :: sync_timeout=240s
[2026-06-22 06:41:32] task_conditioned refresh sync :: status=ok exit=0
[2026-06-22 06:41:34] task_conditioned refresh complete :: sync=ok sync_exit=0 stage=task_conditioned_round3_done_waiting_decision next_action=manual_decide live_phase=unknown round3=done,done,done winner=false duration=45s
[2026-06-22 06:42:39] task_conditioned refresh start :: sync_timeout=240s
[2026-06-22 06:43:22] task_conditioned refresh sync :: status=ok exit=0
[2026-06-22 06:43:24] task_conditioned refresh complete :: sync=ok sync_exit=0 stage=task_conditioned_round3_done_waiting_decision next_action=manual_decide live_phase=unknown round3=done,done,done winner=false duration=45s
[2026-06-22 06:44:29] task_conditioned refresh start :: sync_timeout=240s
[2026-06-22 06:45:12] task_conditioned refresh sync :: status=ok exit=0
[2026-06-22 06:45:13] task_conditioned refresh complete :: sync=ok sync_exit=0 stage=task_conditioned_round3_done_waiting_decision next_action=manual_decide live_phase=unknown round3=done,done,done winner=false duration=44s
[2026-06-22 06:46:19] task_conditioned refresh start :: sync_timeout=240s
[2026-06-22 06:47:02] task_conditioned refresh sync :: status=ok exit=0
[2026-06-22 06:47:04] task_conditioned refresh complete :: sync=ok sync_exit=0 stage=task_conditioned_round3_done_waiting_decision next_action=manual_decide live_phase=unknown round3=done,done,done winner=false duration=45s
[2026-06-22 06:48:09] task_conditioned refresh start :: sync_timeout=240s
[2026-06-22 06:48:53] task_conditioned refresh sync :: status=ok exit=0
[2026-06-22 06:48:54] task_conditioned refresh complete :: sync=ok sync_exit=0 stage=task_conditioned_round3_done_waiting_decision next_action=manual_decide live_phase=unknown round3=done,done,done winner=false duration=45s
[2026-06-22 06:50:00] task_conditioned refresh start :: sync_timeout=240s
[2026-06-22 06:50:44] task_conditioned refresh sync :: status=ok exit=0
[2026-06-22 06:50:45] task_conditioned refresh complete :: sync=ok sync_exit=0 stage=task_conditioned_round3_done_waiting_decision next_action=manual_decide live_phase=unknown round3=done,done,done winner=false duration=45s
[2026-06-22 06:51:51] task_conditioned refresh start :: sync_timeout=240s
[2026-06-22 06:52:33] task_conditioned refresh sync :: status=ok exit=0
[2026-06-22 06:52:35] task_conditioned refresh complete :: sync=ok sync_exit=0 stage=task_conditioned_round3_done_waiting_decision next_action=manual_decide live_phase=unknown round3=done,done,done winner=false duration=44s
[2026-06-22 06:53:40] task_conditioned refresh start :: sync_timeout=240s
[2026-06-22 06:54:23] task_conditioned refresh sync :: status=ok exit=0
[2026-06-22 06:54:25] task_conditioned refresh complete :: sync=ok sync_exit=0 stage=task_conditioned_round3_done_waiting_decision next_action=manual_decide live_phase=unknown round3=done,done,done winner=false duration=45s
[2026-06-22 06:55:30] task_conditioned refresh start :: sync_timeout=240s
[2026-06-22 06:56:14] task_conditioned refresh sync :: status=ok exit=0
[2026-06-22 06:56:16] task_conditioned refresh complete :: sync=ok sync_exit=0 stage=task_conditioned_round3_done_waiting_decision next_action=manual_decide live_phase=unknown round3=done,done,done winner=false duration=46s
[2026-06-22 06:57:21] task_conditioned refresh start :: sync_timeout=240s
[2026-06-22 06:58:04] task_conditioned refresh sync :: status=ok exit=0
[2026-06-22 06:58:06] task_conditioned refresh complete :: sync=ok sync_exit=0 stage=task_conditioned_round3_done_waiting_decision next_action=manual_decide live_phase=unknown round3=done,done,done winner=false duration=45s
[2026-06-22 06:59:11] task_conditioned refresh start :: sync_timeout=240s
[2026-06-22 06:59:54] task_conditioned refresh sync :: status=ok exit=0
[2026-06-22 06:59:56] task_conditioned refresh complete :: sync=ok sync_exit=0 stage=task_conditioned_round3_done_waiting_decision next_action=manual_decide live_phase=unknown round3=done,done,done winner=false duration=45s
[2026-06-22 07:01:01] task_conditioned refresh start :: sync_timeout=240s
[2026-06-22 07:01:44] task_conditioned refresh sync :: status=ok exit=0
[2026-06-22 07:01:46] task_conditioned refresh complete :: sync=ok sync_exit=0 stage=task_conditioned_round3_done_waiting_decision next_action=manual_decide live_phase=unknown round3=done,done,done winner=false duration=45s
[2026-06-22 07:02:51] task_conditioned refresh start :: sync_timeout=240s
[2026-06-22 07:03:34] task_conditioned refresh sync :: status=ok exit=0
[2026-06-22 07:03:36] task_conditioned refresh complete :: sync=ok sync_exit=0 stage=task_conditioned_round3_done_waiting_decision next_action=manual_decide live_phase=unknown round3=done,done,done winner=false duration=45s
[2026-06-22 07:04:41] task_conditioned refresh start :: sync_timeout=240s
[2026-06-22 07:05:24] task_conditioned refresh sync :: status=ok exit=0
[2026-06-22 07:05:26] task_conditioned refresh complete :: sync=ok sync_exit=0 stage=task_conditioned_round3_done_waiting_decision next_action=manual_decide live_phase=unknown round3=done,done,done winner=false duration=45s
[2026-06-22 07:06:31] task_conditioned refresh start :: sync_timeout=240s
[2026-06-22 07:07:14] task_conditioned refresh sync :: status=ok exit=0
[2026-06-22 07:07:16] task_conditioned refresh complete :: sync=ok sync_exit=0 stage=task_conditioned_round3_done_waiting_decision next_action=manual_decide live_phase=unknown round3=done,done,done winner=false duration=45s
[2026-06-22 07:08:21] task_conditioned refresh start :: sync_timeout=240s
[2026-06-22 07:09:04] task_conditioned refresh sync :: status=ok exit=0
[2026-06-22 07:09:06] task_conditioned refresh complete :: sync=ok sync_exit=0 stage=task_conditioned_round3_done_waiting_decision next_action=manual_decide live_phase=unknown round3=done,done,done winner=false duration=45s
[2026-06-22 07:10:11] task_conditioned refresh start :: sync_timeout=240s
[2026-06-22 07:10:54] task_conditioned refresh sync :: status=ok exit=0
[2026-06-22 07:10:56] task_conditioned refresh complete :: sync=ok sync_exit=0 stage=task_conditioned_round3_done_waiting_decision next_action=manual_decide live_phase=unknown round3=done,done,done winner=false duration=45s
[2026-06-22 07:12:01] task_conditioned refresh start :: sync_timeout=240s
[2026-06-22 07:12:44] task_conditioned refresh sync :: status=ok exit=0
[2026-06-22 07:12:46] task_conditioned refresh complete :: sync=ok sync_exit=0 stage=task_conditioned_round3_done_waiting_decision next_action=manual_decide live_phase=unknown round3=done,done,done winner=false duration=45s
[2026-06-22 07:13:51] task_conditioned refresh start :: sync_timeout=240s
[2026-06-22 07:14:34] task_conditioned refresh sync :: status=ok exit=0
[2026-06-22 07:14:36] task_conditioned refresh complete :: sync=ok sync_exit=0 stage=task_conditioned_round3_done_waiting_decision next_action=manual_decide live_phase=unknown round3=done,done,done winner=false duration=45s
[2026-06-22 07:15:41] task_conditioned refresh start :: sync_timeout=240s
[2026-06-22 07:16:25] task_conditioned refresh sync :: status=ok exit=0
[2026-06-22 07:16:26] task_conditioned refresh complete :: sync=ok sync_exit=0 stage=task_conditioned_round3_done_waiting_decision next_action=manual_decide live_phase=unknown round3=done,done,done winner=false duration=45s
[2026-06-22 07:17:32] task_conditioned refresh start :: sync_timeout=240s
[2026-06-22 07:18:15] task_conditioned refresh sync :: status=ok exit=0
[2026-06-22 07:18:17] task_conditioned refresh complete :: sync=ok sync_exit=0 stage=task_conditioned_round3_done_waiting_decision next_action=manual_decide live_phase=unknown round3=done,done,done winner=false duration=45s
[2026-06-22 07:19:22] task_conditioned refresh start :: sync_timeout=240s
[2026-06-22 07:20:05] task_conditioned refresh sync :: status=ok exit=0
[2026-06-22 07:20:07] task_conditioned refresh complete :: sync=ok sync_exit=0 stage=task_conditioned_round3_done_waiting_decision next_action=manual_decide live_phase=unknown round3=done,done,done winner=false duration=45s
[2026-06-22 07:21:12] task_conditioned refresh start :: sync_timeout=240s
[2026-06-22 07:21:55] task_conditioned refresh sync :: status=ok exit=0
[2026-06-22 07:21:57] task_conditioned refresh complete :: sync=ok sync_exit=0 stage=task_conditioned_round3_done_waiting_decision next_action=manual_decide live_phase=unknown round3=done,done,done winner=false duration=45s
[2026-06-22 07:23:02] task_conditioned refresh start :: sync_timeout=240s
[2026-06-22 07:23:46] task_conditioned refresh sync :: status=ok exit=0
[2026-06-22 07:23:47] task_conditioned refresh complete :: sync=ok sync_exit=0 stage=task_conditioned_round3_done_waiting_decision next_action=manual_decide live_phase=unknown round3=done,done,done winner=false duration=45s
[2026-06-22 07:24:53] task_conditioned refresh start :: sync_timeout=240s
[2026-06-22 07:25:36] task_conditioned refresh sync :: status=ok exit=0
[2026-06-22 07:25:37] task_conditioned refresh complete :: sync=ok sync_exit=0 stage=task_conditioned_round3_done_waiting_decision next_action=manual_decide live_phase=unknown round3=done,done,done winner=false duration=44s
[2026-06-22 07:26:43] task_conditioned refresh start :: sync_timeout=240s
[2026-06-22 07:27:26] task_conditioned refresh sync :: status=ok exit=0
[2026-06-22 07:27:28] task_conditioned refresh complete :: sync=ok sync_exit=0 stage=task_conditioned_round3_done_waiting_decision next_action=manual_decide live_phase=unknown round3=done,done,done winner=false duration=45s
[2026-06-22 07:28:33] task_conditioned refresh start :: sync_timeout=240s
[2026-06-22 07:29:17] task_conditioned refresh sync :: status=ok exit=0
[2026-06-22 07:29:18] task_conditioned refresh complete :: sync=ok sync_exit=0 stage=task_conditioned_round3_done_waiting_decision next_action=manual_decide live_phase=unknown round3=done,done,done winner=false duration=45s
[2026-06-22 07:30:24] task_conditioned refresh start :: sync_timeout=240s
[2026-06-22 07:31:07] task_conditioned refresh sync :: status=ok exit=0
[2026-06-22 07:31:09] task_conditioned refresh complete :: sync=ok sync_exit=0 stage=task_conditioned_round3_done_waiting_decision next_action=manual_decide live_phase=unknown round3=done,done,done winner=false duration=45s
[2026-06-22 07:32:14] task_conditioned refresh start :: sync_timeout=240s
[2026-06-22 07:32:57] task_conditioned refresh sync :: status=ok exit=0
[2026-06-22 07:32:59] task_conditioned refresh complete :: sync=ok sync_exit=0 stage=task_conditioned_round3_done_waiting_decision next_action=manual_decide live_phase=unknown round3=done,done,done winner=false duration=45s
[2026-06-22 07:34:04] task_conditioned refresh start :: sync_timeout=240s
[2026-06-22 07:34:47] task_conditioned refresh sync :: status=ok exit=0
[2026-06-22 07:34:49] task_conditioned refresh complete :: sync=ok sync_exit=0 stage=task_conditioned_round3_done_waiting_decision next_action=manual_decide live_phase=unknown round3=done,done,done winner=false duration=45s
[2026-06-22 07:35:54] task_conditioned refresh start :: sync_timeout=240s
[2026-06-22 07:36:38] task_conditioned refresh sync :: status=ok exit=0
[2026-06-22 07:36:39] task_conditioned refresh complete :: sync=ok sync_exit=0 stage=task_conditioned_round3_done_waiting_decision next_action=manual_decide live_phase=unknown round3=done,done,done winner=false duration=45s
[2026-06-22 07:37:45] task_conditioned refresh start :: sync_timeout=240s
[2026-06-22 07:38:27] task_conditioned refresh sync :: status=ok exit=0
[2026-06-22 07:38:29] task_conditioned refresh complete :: sync=ok sync_exit=0 stage=task_conditioned_round3_done_waiting_decision next_action=manual_decide live_phase=unknown round3=done,done,done winner=false duration=44s
[2026-06-22 07:39:34] task_conditioned refresh start :: sync_timeout=240s
[2026-06-22 07:40:18] task_conditioned refresh sync :: status=ok exit=0
[2026-06-22 07:40:20] task_conditioned refresh complete :: sync=ok sync_exit=0 stage=task_conditioned_round3_done_waiting_decision next_action=manual_decide live_phase=unknown round3=done,done,done winner=false duration=46s
[2026-06-22 07:41:25] task_conditioned refresh start :: sync_timeout=240s
[2026-06-22 07:42:08] task_conditioned refresh sync :: status=ok exit=0
[2026-06-22 07:42:10] task_conditioned refresh complete :: sync=ok sync_exit=0 stage=task_conditioned_round3_done_waiting_decision next_action=manual_decide live_phase=unknown round3=done,done,done winner=false duration=45s
[2026-06-22 07:43:15] task_conditioned refresh start :: sync_timeout=240s
[2026-06-22 07:43:59] task_conditioned refresh sync :: status=ok exit=0
[2026-06-22 07:44:01] task_conditioned refresh complete :: sync=ok sync_exit=0 stage=task_conditioned_round3_done_waiting_decision next_action=manual_decide live_phase=unknown round3=done,done,done winner=false duration=46s
[2026-06-22 07:45:06] task_conditioned refresh start :: sync_timeout=240s
[2026-06-22 07:45:49] task_conditioned refresh sync :: status=ok exit=0
[2026-06-22 07:45:51] task_conditioned refresh complete :: sync=ok sync_exit=0 stage=task_conditioned_round3_done_waiting_decision next_action=manual_decide live_phase=unknown round3=done,done,done winner=false duration=45s
[2026-06-22 07:46:56] task_conditioned refresh start :: sync_timeout=240s
[2026-06-22 07:47:39] task_conditioned refresh sync :: status=ok exit=0
[2026-06-22 07:47:41] task_conditioned refresh complete :: sync=ok sync_exit=0 stage=task_conditioned_round3_done_waiting_decision next_action=manual_decide live_phase=unknown round3=done,done,done winner=false duration=45s
[2026-06-22 07:48:46] task_conditioned refresh start :: sync_timeout=240s
[2026-06-22 07:49:30] task_conditioned refresh sync :: status=ok exit=0
[2026-06-22 07:49:31] task_conditioned refresh complete :: sync=ok sync_exit=0 stage=task_conditioned_round3_done_waiting_decision next_action=manual_decide live_phase=unknown round3=done,done,done winner=false duration=45s
[2026-06-22 07:50:37] task_conditioned refresh start :: sync_timeout=240s
[2026-06-22 07:51:20] task_conditioned refresh sync :: status=ok exit=0
[2026-06-22 07:51:22] task_conditioned refresh complete :: sync=ok sync_exit=0 stage=task_conditioned_round3_done_waiting_decision next_action=manual_decide live_phase=unknown round3=done,done,done winner=false duration=45s
[2026-06-22 07:52:27] task_conditioned refresh start :: sync_timeout=240s
[2026-06-22 07:53:10] task_conditioned refresh sync :: status=ok exit=0
[2026-06-22 07:53:12] task_conditioned refresh complete :: sync=ok sync_exit=0 stage=task_conditioned_round3_done_waiting_decision next_action=manual_decide live_phase=unknown round3=done,done,done winner=false duration=45s
[2026-06-22 07:54:17] task_conditioned refresh start :: sync_timeout=240s
[2026-06-22 07:55:01] task_conditioned refresh sync :: status=ok exit=0
[2026-06-22 07:55:03] task_conditioned refresh complete :: sync=ok sync_exit=0 stage=task_conditioned_round3_done_waiting_decision next_action=manual_decide live_phase=unknown round3=done,done,done winner=false duration=46s
[2026-06-22 07:56:08] task_conditioned refresh start :: sync_timeout=240s
[2026-06-22 07:56:52] task_conditioned refresh sync :: status=ok exit=0
[2026-06-22 07:56:54] task_conditioned refresh complete :: sync=ok sync_exit=0 stage=task_conditioned_round3_done_waiting_decision next_action=manual_decide live_phase=unknown round3=done,done,done winner=false duration=46s
[2026-06-22 07:57:59] task_conditioned refresh start :: sync_timeout=240s
[2026-06-22 07:58:43] task_conditioned refresh sync :: status=ok exit=0
[2026-06-22 07:58:45] task_conditioned refresh complete :: sync=ok sync_exit=0 stage=task_conditioned_round3_done_waiting_decision next_action=manual_decide live_phase=unknown round3=done,done,done winner=false duration=46s
[2026-06-22 07:59:50] task_conditioned refresh start :: sync_timeout=240s
[2026-06-22 08:00:33] task_conditioned refresh sync :: status=ok exit=0
[2026-06-22 08:00:35] task_conditioned refresh complete :: sync=ok sync_exit=0 stage=task_conditioned_round3_done_waiting_decision next_action=manual_decide live_phase=unknown round3=done,done,done winner=false duration=45s
[2026-06-22 08:01:40] task_conditioned refresh start :: sync_timeout=240s
[2026-06-22 08:02:24] task_conditioned refresh sync :: status=ok exit=0
[2026-06-22 08:02:26] task_conditioned refresh complete :: sync=ok sync_exit=0 stage=task_conditioned_round3_done_waiting_decision next_action=manual_decide live_phase=unknown round3=done,done,done winner=false duration=46s
[2026-06-22 08:03:31] task_conditioned refresh start :: sync_timeout=240s
[2026-06-22 08:04:14] task_conditioned refresh sync :: status=ok exit=0
[2026-06-22 08:04:16] task_conditioned refresh complete :: sync=ok sync_exit=0 stage=task_conditioned_round3_done_waiting_decision next_action=manual_decide live_phase=unknown round3=done,done,done winner=false duration=45s
[2026-06-22 08:05:21] task_conditioned refresh start :: sync_timeout=240s
[2026-06-22 08:06:05] task_conditioned refresh sync :: status=ok exit=0
[2026-06-22 08:06:07] task_conditioned refresh complete :: sync=ok sync_exit=0 stage=task_conditioned_round3_done_waiting_decision next_action=manual_decide live_phase=unknown round3=done,done,done winner=false duration=46s
[2026-06-22 08:07:12] task_conditioned refresh start :: sync_timeout=240s
[2026-06-22 08:07:56] task_conditioned refresh sync :: status=ok exit=0
[2026-06-22 08:07:58] task_conditioned refresh complete :: sync=ok sync_exit=0 stage=task_conditioned_round3_done_waiting_decision next_action=manual_decide live_phase=unknown round3=done,done,done winner=false duration=46s
[2026-06-22 08:09:03] task_conditioned refresh start :: sync_timeout=240s
[2026-06-22 08:09:46] task_conditioned refresh sync :: status=ok exit=0
[2026-06-22 08:09:47] task_conditioned refresh complete :: sync=ok sync_exit=0 stage=task_conditioned_round3_done_waiting_decision next_action=manual_decide live_phase=unknown round3=done,done,done winner=false duration=44s
[2026-06-22 08:10:53] task_conditioned refresh start :: sync_timeout=240s
[2026-06-22 08:11:36] task_conditioned refresh sync :: status=ok exit=0
[2026-06-22 08:11:38] task_conditioned refresh complete :: sync=ok sync_exit=0 stage=task_conditioned_round3_done_waiting_decision next_action=manual_decide live_phase=unknown round3=done,done,done winner=false duration=45s
[2026-06-22 08:12:43] task_conditioned refresh start :: sync_timeout=240s
[2026-06-22 08:13:28] task_conditioned refresh sync :: status=ok exit=0
[2026-06-22 08:13:30] task_conditioned refresh complete :: sync=ok sync_exit=0 stage=task_conditioned_round3_done_waiting_decision next_action=manual_decide live_phase=unknown round3=done,done,done winner=false duration=47s
[2026-06-22 08:14:35] task_conditioned refresh start :: sync_timeout=240s
[2026-06-22 08:15:18] task_conditioned refresh sync :: status=ok exit=0
[2026-06-22 08:15:20] task_conditioned refresh complete :: sync=ok sync_exit=0 stage=task_conditioned_round3_done_waiting_decision next_action=manual_decide live_phase=unknown round3=done,done,done winner=false duration=45s
[2026-06-22 08:16:25] task_conditioned refresh start :: sync_timeout=240s
[2026-06-22 08:17:10] task_conditioned refresh sync :: status=ok exit=0
[2026-06-22 08:17:12] task_conditioned refresh complete :: sync=ok sync_exit=0 stage=task_conditioned_round3_done_waiting_decision next_action=manual_decide live_phase=unknown round3=done,done,done winner=false duration=47s
[2026-06-22 08:18:17] task_conditioned refresh start :: sync_timeout=240s
[2026-06-22 08:19:01] task_conditioned refresh sync :: status=ok exit=0
[2026-06-22 08:19:03] task_conditioned refresh complete :: sync=ok sync_exit=0 stage=task_conditioned_round3_done_waiting_decision next_action=manual_decide live_phase=unknown round3=done,done,done winner=false duration=46s
[2026-06-22 08:20:08] task_conditioned refresh start :: sync_timeout=240s
[2026-06-22 08:20:51] task_conditioned refresh sync :: status=ok exit=0
[2026-06-22 08:20:53] task_conditioned refresh complete :: sync=ok sync_exit=0 stage=task_conditioned_round3_done_waiting_decision next_action=manual_decide live_phase=unknown round3=done,done,done winner=false duration=45s
[2026-06-22 08:21:58] task_conditioned refresh start :: sync_timeout=240s
[2026-06-22 08:22:43] task_conditioned refresh sync :: status=ok exit=0
[2026-06-22 08:22:45] task_conditioned refresh complete :: sync=ok sync_exit=0 stage=task_conditioned_round3_done_waiting_decision next_action=manual_decide live_phase=unknown round3=done,done,done winner=false duration=47s
[2026-06-22 08:23:50] task_conditioned refresh start :: sync_timeout=240s
[2026-06-22 08:24:34] task_conditioned refresh sync :: status=ok exit=0
[2026-06-22 08:24:36] task_conditioned refresh complete :: sync=ok sync_exit=0 stage=task_conditioned_round3_done_waiting_decision next_action=manual_decide live_phase=unknown round3=done,done,done winner=false duration=46s
[2026-06-22 08:25:41] task_conditioned refresh start :: sync_timeout=240s
[2026-06-22 08:26:25] task_conditioned refresh sync :: status=ok exit=0
[2026-06-22 08:26:27] task_conditioned refresh complete :: sync=ok sync_exit=0 stage=task_conditioned_round3_done_waiting_decision next_action=manual_decide live_phase=unknown round3=done,done,done winner=false duration=46s
[2026-06-22 08:27:32] task_conditioned refresh start :: sync_timeout=240s
[2026-06-22 08:28:16] task_conditioned refresh sync :: status=ok exit=0
[2026-06-22 08:28:17] task_conditioned refresh complete :: sync=ok sync_exit=0 stage=task_conditioned_round3_done_waiting_decision next_action=manual_decide live_phase=unknown round3=done,done,done winner=false duration=45s
[2026-06-22 08:29:23] task_conditioned refresh start :: sync_timeout=240s
[2026-06-22 08:30:07] task_conditioned refresh sync :: status=ok exit=0
[2026-06-22 08:30:09] task_conditioned refresh complete :: sync=ok sync_exit=0 stage=task_conditioned_round3_done_waiting_decision next_action=manual_decide live_phase=unknown round3=done,done,done winner=false duration=46s
[2026-06-22 08:31:14] task_conditioned refresh start :: sync_timeout=240s
[2026-06-22 08:31:58] task_conditioned refresh sync :: status=ok exit=0
[2026-06-22 08:31:59] task_conditioned refresh complete :: sync=ok sync_exit=0 stage=task_conditioned_round3_done_waiting_decision next_action=manual_decide live_phase=unknown round3=done,done,done winner=false duration=45s
[2026-06-22 08:33:04] task_conditioned refresh start :: sync_timeout=240s
[2026-06-22 08:33:48] task_conditioned refresh sync :: status=ok exit=0
[2026-06-22 08:33:50] task_conditioned refresh complete :: sync=ok sync_exit=0 stage=task_conditioned_round3_done_waiting_decision next_action=manual_decide live_phase=unknown round3=done,done,done winner=false duration=46s
[2026-06-22 08:34:55] task_conditioned refresh start :: sync_timeout=240s
[2026-06-22 08:35:39] task_conditioned refresh sync :: status=ok exit=0
[2026-06-22 08:35:41] task_conditioned refresh complete :: sync=ok sync_exit=0 stage=task_conditioned_round3_done_waiting_decision next_action=manual_decide live_phase=unknown round3=done,done,done winner=false duration=46s
[2026-06-22 08:36:46] task_conditioned refresh start :: sync_timeout=240s
[2026-06-22 08:37:30] task_conditioned refresh sync :: status=ok exit=0
[2026-06-22 08:37:32] task_conditioned refresh complete :: sync=ok sync_exit=0 stage=task_conditioned_round3_done_waiting_decision next_action=manual_decide live_phase=unknown round3=done,done,done winner=false duration=46s
[2026-06-22 08:38:37] task_conditioned refresh start :: sync_timeout=240s
[2026-06-22 08:39:21] task_conditioned refresh sync :: status=ok exit=0
[2026-06-22 08:39:23] task_conditioned refresh complete :: sync=ok sync_exit=0 stage=task_conditioned_round3_done_waiting_decision next_action=manual_decide live_phase=unknown round3=done,done,done winner=false duration=46s
[2026-06-22 08:40:28] task_conditioned refresh start :: sync_timeout=240s
[2026-06-22 08:41:12] task_conditioned refresh sync :: status=ok exit=0
[2026-06-22 08:41:14] task_conditioned refresh complete :: sync=ok sync_exit=0 stage=task_conditioned_round3_done_waiting_decision next_action=manual_decide live_phase=unknown round3=done,done,done winner=false duration=46s
[2026-06-22 08:42:19] task_conditioned refresh start :: sync_timeout=240s
[2026-06-22 08:43:04] task_conditioned refresh sync :: status=ok exit=0
[2026-06-22 08:43:06] task_conditioned refresh complete :: sync=ok sync_exit=0 stage=task_conditioned_round3_done_waiting_decision next_action=manual_decide live_phase=unknown round3=done,done,done winner=false duration=47s
[2026-06-22 08:44:11] task_conditioned refresh start :: sync_timeout=240s
[2026-06-22 08:44:55] task_conditioned refresh sync :: status=ok exit=0
[2026-06-22 08:44:57] task_conditioned refresh complete :: sync=ok sync_exit=0 stage=task_conditioned_round3_done_waiting_decision next_action=manual_decide live_phase=unknown round3=done,done,done winner=false duration=46s
[2026-06-22 08:46:02] task_conditioned refresh start :: sync_timeout=240s
[2026-06-22 08:46:46] task_conditioned refresh sync :: status=ok exit=0
[2026-06-22 08:46:48] task_conditioned refresh complete :: sync=ok sync_exit=0 stage=task_conditioned_round3_done_waiting_decision next_action=manual_decide live_phase=unknown round3=done,done,done winner=false duration=46s
[2026-06-22 08:47:53] task_conditioned refresh start :: sync_timeout=240s
[2026-06-22 08:48:37] task_conditioned refresh sync :: status=ok exit=0
[2026-06-22 08:48:39] task_conditioned refresh complete :: sync=ok sync_exit=0 stage=task_conditioned_round3_done_waiting_decision next_action=manual_decide live_phase=unknown round3=done,done,done winner=false duration=46s
[2026-06-22 08:49:44] task_conditioned refresh start :: sync_timeout=240s
[2026-06-22 08:50:30] task_conditioned refresh sync :: status=ok exit=0
[2026-06-22 08:50:32] task_conditioned refresh complete :: sync=ok sync_exit=0 stage=task_conditioned_round3_done_waiting_decision next_action=manual_decide live_phase=unknown round3=done,done,done winner=false duration=48s
[2026-06-22 08:51:37] task_conditioned refresh start :: sync_timeout=240s
[2026-06-22 08:52:21] task_conditioned refresh sync :: status=ok exit=0
[2026-06-22 08:52:23] task_conditioned refresh complete :: sync=ok sync_exit=0 stage=task_conditioned_round3_done_waiting_decision next_action=manual_decide live_phase=unknown round3=done,done,done winner=false duration=46s
[2026-06-22 08:53:28] task_conditioned refresh start :: sync_timeout=240s
[2026-06-22 08:54:13] task_conditioned refresh sync :: status=ok exit=0
[2026-06-22 08:54:15] task_conditioned refresh complete :: sync=ok sync_exit=0 stage=task_conditioned_round3_done_waiting_decision next_action=manual_decide live_phase=unknown round3=done,done,done winner=false duration=47s
[2026-06-22 08:55:20] task_conditioned refresh start :: sync_timeout=240s
[2026-06-22 08:56:05] task_conditioned refresh sync :: status=ok exit=0
[2026-06-22 08:56:07] task_conditioned refresh complete :: sync=ok sync_exit=0 stage=task_conditioned_round3_done_waiting_decision next_action=manual_decide live_phase=unknown round3=done,done,done winner=false duration=47s
[2026-06-22 08:57:12] task_conditioned refresh start :: sync_timeout=240s
[2026-06-22 08:57:56] task_conditioned refresh sync :: status=ok exit=0
[2026-06-22 08:57:58] task_conditioned refresh complete :: sync=ok sync_exit=0 stage=task_conditioned_round3_done_waiting_decision next_action=manual_decide live_phase=unknown round3=done,done,done winner=false duration=46s
[2026-06-22 08:59:03] task_conditioned refresh start :: sync_timeout=240s
[2026-06-22 08:59:47] task_conditioned refresh sync :: status=ok exit=0
[2026-06-22 08:59:49] task_conditioned refresh complete :: sync=ok sync_exit=0 stage=task_conditioned_round3_done_waiting_decision next_action=manual_decide live_phase=unknown round3=done,done,done winner=false duration=46s
[2026-06-22 09:00:54] task_conditioned refresh start :: sync_timeout=240s
[2026-06-22 09:01:39] task_conditioned refresh sync :: status=ok exit=0
[2026-06-22 09:01:41] task_conditioned refresh complete :: sync=ok sync_exit=0 stage=task_conditioned_round3_done_waiting_decision next_action=manual_decide live_phase=unknown round3=done,done,done winner=false duration=47s
[2026-06-22 09:02:46] task_conditioned refresh start :: sync_timeout=240s
[2026-06-22 09:03:31] task_conditioned refresh sync :: status=ok exit=0
[2026-06-22 09:03:33] task_conditioned refresh complete :: sync=ok sync_exit=0 stage=task_conditioned_round3_done_waiting_decision next_action=manual_decide live_phase=unknown round3=done,done,done winner=false duration=47s
[2026-06-22 09:04:38] task_conditioned refresh start :: sync_timeout=240s
[2026-06-22 09:05:23] task_conditioned refresh sync :: status=ok exit=0
[2026-06-22 09:05:24] task_conditioned refresh complete :: sync=ok sync_exit=0 stage=task_conditioned_round3_done_waiting_decision next_action=manual_decide live_phase=unknown round3=done,done,done winner=false duration=46s
[2026-06-22 09:06:29] task_conditioned refresh start :: sync_timeout=240s
[2026-06-22 09:07:13] task_conditioned refresh sync :: status=ok exit=0
[2026-06-22 09:07:15] task_conditioned refresh complete :: sync=ok sync_exit=0 stage=task_conditioned_round3_done_waiting_decision next_action=manual_decide live_phase=unknown round3=done,done,done winner=false duration=46s
[2026-06-22 09:08:20] task_conditioned refresh start :: sync_timeout=240s
[2026-06-22 09:09:05] task_conditioned refresh sync :: status=ok exit=0
[2026-06-22 09:09:06] task_conditioned refresh complete :: sync=ok sync_exit=0 stage=task_conditioned_round3_done_waiting_decision next_action=manual_decide live_phase=unknown round3=done,done,done winner=false duration=46s
[2026-06-22 09:10:12] task_conditioned refresh start :: sync_timeout=240s
[2026-06-22 09:10:56] task_conditioned refresh sync :: status=ok exit=0
[2026-06-22 09:10:58] task_conditioned refresh complete :: sync=ok sync_exit=0 stage=task_conditioned_round3_done_waiting_decision next_action=manual_decide live_phase=unknown round3=done,done,done winner=false duration=46s
[2026-06-22 09:12:03] task_conditioned refresh start :: sync_timeout=240s
[2026-06-22 09:12:47] task_conditioned refresh sync :: status=ok exit=0
[2026-06-22 09:12:49] task_conditioned refresh complete :: sync=ok sync_exit=0 stage=task_conditioned_round3_done_waiting_decision next_action=manual_decide live_phase=unknown round3=done,done,done winner=false duration=46s
[2026-06-22 09:13:54] task_conditioned refresh start :: sync_timeout=240s
[2026-06-22 09:14:40] task_conditioned refresh sync :: status=ok exit=0
[2026-06-22 09:14:41] task_conditioned refresh complete :: sync=ok sync_exit=0 stage=task_conditioned_round3_done_waiting_decision next_action=manual_decide live_phase=unknown round3=done,done,done winner=false duration=47s
[2026-06-22 09:15:46] task_conditioned refresh start :: sync_timeout=240s
[2026-06-22 09:16:30] task_conditioned refresh sync :: status=ok exit=0
[2026-06-22 09:16:32] task_conditioned refresh complete :: sync=ok sync_exit=0 stage=task_conditioned_round3_done_waiting_decision next_action=manual_decide live_phase=unknown round3=done,done,done winner=false duration=46s
[2026-06-22 09:17:37] task_conditioned refresh start :: sync_timeout=240s
[2026-06-22 09:18:21] task_conditioned refresh sync :: status=ok exit=0
[2026-06-22 09:18:22] task_conditioned refresh complete :: sync=ok sync_exit=0 stage=task_conditioned_round3_done_waiting_decision next_action=manual_decide live_phase=unknown round3=done,done,done winner=false duration=45s
[2026-06-22 09:19:28] task_conditioned refresh start :: sync_timeout=240s
[2026-06-22 09:20:12] task_conditioned refresh sync :: status=ok exit=0
[2026-06-22 09:20:13] task_conditioned refresh complete :: sync=ok sync_exit=0 stage=task_conditioned_round3_done_waiting_decision next_action=manual_decide live_phase=unknown round3=done,done,done winner=false duration=45s
[2026-06-22 09:21:19] task_conditioned refresh start :: sync_timeout=240s
[2026-06-22 09:22:03] task_conditioned refresh sync :: status=ok exit=0
[2026-06-22 09:22:05] task_conditioned refresh complete :: sync=ok sync_exit=0 stage=task_conditioned_round3_done_waiting_decision next_action=manual_decide live_phase=unknown round3=done,done,done winner=false duration=46s
[2026-06-22 09:23:10] task_conditioned refresh start :: sync_timeout=240s
[2026-06-22 09:23:54] task_conditioned refresh sync :: status=ok exit=0
[2026-06-22 09:23:56] task_conditioned refresh complete :: sync=ok sync_exit=0 stage=task_conditioned_round3_done_waiting_decision next_action=manual_decide live_phase=unknown round3=done,done,done winner=false duration=46s
[2026-06-22 09:25:01] task_conditioned refresh start :: sync_timeout=240s
[2026-06-22 09:25:47] task_conditioned refresh sync :: status=ok exit=0
[2026-06-22 09:25:48] task_conditioned refresh complete :: sync=ok sync_exit=0 stage=task_conditioned_round3_done_waiting_decision next_action=manual_decide live_phase=unknown round3=done,done,done winner=false duration=47s
[2026-06-22 09:26:54] task_conditioned refresh start :: sync_timeout=240s
[2026-06-22 09:27:41] task_conditioned refresh sync :: status=ok exit=0
[2026-06-22 09:27:43] task_conditioned refresh complete :: sync=ok sync_exit=0 stage=task_conditioned_round3_done_waiting_decision next_action=manual_decide live_phase=unknown round3=done,done,done winner=false duration=49s
[2026-06-22 09:28:48] task_conditioned refresh start :: sync_timeout=240s
[2026-06-22 09:29:33] task_conditioned refresh sync :: status=ok exit=0
[2026-06-22 09:29:35] task_conditioned refresh complete :: sync=ok sync_exit=0 stage=task_conditioned_round3_done_waiting_decision next_action=manual_decide live_phase=unknown round3=done,done,done winner=false duration=47s
[2026-06-22 09:30:40] task_conditioned refresh start :: sync_timeout=240s
[2026-06-22 09:31:24] task_conditioned refresh sync :: status=ok exit=0
[2026-06-22 09:31:26] task_conditioned refresh complete :: sync=ok sync_exit=0 stage=task_conditioned_round3_done_waiting_decision next_action=manual_decide live_phase=unknown round3=done,done,done winner=false duration=46s
[2026-06-22 09:32:31] task_conditioned refresh start :: sync_timeout=240s
[2026-06-22 09:33:15] task_conditioned refresh sync :: status=ok exit=0
[2026-06-22 09:33:17] task_conditioned refresh complete :: sync=ok sync_exit=0 stage=task_conditioned_round3_done_waiting_decision next_action=manual_decide live_phase=unknown round3=done,done,done winner=false duration=46s
[2026-06-22 09:34:23] task_conditioned refresh start :: sync_timeout=240s
[2026-06-22 09:35:08] task_conditioned refresh sync :: status=ok exit=0
[2026-06-22 09:35:10] task_conditioned refresh complete :: sync=ok sync_exit=0 stage=task_conditioned_round3_done_waiting_decision next_action=manual_decide live_phase=unknown round3=done,done,done winner=false duration=47s
[2026-06-22 09:36:15] task_conditioned refresh start :: sync_timeout=240s
[2026-06-22 09:37:05] task_conditioned refresh sync :: status=ok exit=0
[2026-06-22 09:37:07] task_conditioned refresh complete :: sync=ok sync_exit=0 stage=task_conditioned_round3_done_waiting_decision next_action=manual_decide live_phase=unknown round3=done,done,done winner=false duration=52s
[2026-06-22 09:38:12] task_conditioned refresh start :: sync_timeout=240s
[2026-06-22 09:38:58] task_conditioned refresh sync :: status=ok exit=0
[2026-06-22 09:38:59] task_conditioned refresh complete :: sync=ok sync_exit=0 stage=task_conditioned_round3_done_waiting_decision next_action=manual_decide live_phase=unknown round3=done,done,done winner=false duration=47s
[2026-06-22 09:40:05] task_conditioned refresh start :: sync_timeout=240s
[2026-06-22 09:40:52] task_conditioned refresh sync :: status=ok exit=0
[2026-06-22 09:40:53] task_conditioned refresh complete :: sync=ok sync_exit=0 stage=task_conditioned_round3_done_waiting_decision next_action=manual_decide live_phase=unknown round3=done,done,done winner=false duration=48s
[2026-06-22 09:41:59] task_conditioned refresh start :: sync_timeout=240s
[2026-06-22 09:42:47] task_conditioned refresh sync :: status=ok exit=0
[2026-06-22 09:42:48] task_conditioned refresh complete :: sync=ok sync_exit=0 stage=task_conditioned_round3_done_waiting_decision next_action=manual_decide live_phase=unknown round3=done,done,done winner=false duration=49s
[2026-06-22 09:43:54] task_conditioned refresh start :: sync_timeout=240s
[2026-06-22 09:44:39] task_conditioned refresh sync :: status=ok exit=0
[2026-06-22 09:44:41] task_conditioned refresh complete :: sync=ok sync_exit=0 stage=task_conditioned_round3_done_waiting_decision next_action=manual_decide live_phase=unknown round3=done,done,done winner=false duration=47s
[2026-06-22 09:45:46] task_conditioned refresh start :: sync_timeout=240s
[2026-06-22 09:46:31] task_conditioned refresh sync :: status=ok exit=0
[2026-06-22 09:46:33] task_conditioned refresh complete :: sync=ok sync_exit=0 stage=task_conditioned_round3_done_waiting_decision next_action=manual_decide live_phase=unknown round3=done,done,done winner=false duration=47s
[2026-06-22 09:47:38] task_conditioned refresh start :: sync_timeout=240s
[2026-06-22 09:48:24] task_conditioned refresh sync :: status=ok exit=0
[2026-06-22 09:48:26] task_conditioned refresh complete :: sync=ok sync_exit=0 stage=task_conditioned_round3_done_waiting_decision next_action=manual_decide live_phase=unknown round3=done,done,done winner=false duration=48s
[2026-06-22 09:49:31] task_conditioned refresh start :: sync_timeout=240s
[2026-06-22 09:50:17] task_conditioned refresh sync :: status=ok exit=0
[2026-06-22 09:50:18] task_conditioned refresh complete :: sync=ok sync_exit=0 stage=task_conditioned_round3_done_waiting_decision next_action=manual_decide live_phase=unknown round3=done,done,done winner=false duration=47s
[2026-06-22 09:51:24] task_conditioned refresh start :: sync_timeout=240s
[2026-06-22 09:54:27] task_conditioned refresh sync :: status=ok exit=0
[2026-06-22 09:54:29] task_conditioned refresh complete :: sync=ok sync_exit=0 stage=task_conditioned_round3_done_waiting_decision next_action=manual_decide live_phase=unknown round3=done,done,done winner=false duration=186s
[2026-06-22 09:55:34] task_conditioned refresh start :: sync_timeout=240s
[2026-06-22 09:57:47] task_conditioned refresh sync :: status=ok exit=0
[2026-06-22 09:57:49] task_conditioned refresh complete :: sync=ok sync_exit=0 stage=task_conditioned_round3_done_waiting_decision next_action=manual_decide live_phase=unknown round3=done,done,done winner=false duration=135s
[2026-06-22 09:58:54] task_conditioned refresh start :: sync_timeout=240s
[2026-06-22 09:59:40] task_conditioned refresh sync :: status=ok exit=0
[2026-06-22 09:59:42] task_conditioned refresh complete :: sync=ok sync_exit=0 stage=task_conditioned_round3_done_waiting_decision next_action=manual_decide live_phase=unknown round3=done,done,done winner=false duration=48s
[2026-06-22 10:00:47] task_conditioned refresh start :: sync_timeout=240s
[2026-06-22 10:01:37] task_conditioned refresh sync :: status=ok exit=0
[2026-06-22 10:01:39] task_conditioned refresh complete :: sync=ok sync_exit=0 stage=task_conditioned_round3_done_waiting_decision next_action=manual_decide live_phase=unknown round3=done,done,done winner=false duration=52s
[2026-06-22 10:02:44] task_conditioned refresh start :: sync_timeout=240s
[2026-06-22 10:03:33] task_conditioned refresh sync :: status=ok exit=0
[2026-06-22 10:03:35] task_conditioned refresh complete :: sync=ok sync_exit=0 stage=task_conditioned_round3_done_waiting_decision next_action=manual_decide live_phase=unknown round3=done,done,done winner=false duration=51s
[2026-06-22 10:04:40] task_conditioned refresh start :: sync_timeout=240s
[2026-06-22 10:05:32] task_conditioned refresh sync :: status=ok exit=0
[2026-06-22 10:05:34] task_conditioned refresh complete :: sync=ok sync_exit=0 stage=task_conditioned_round3_done_waiting_decision next_action=manual_decide live_phase=unknown round3=done,done,done winner=false duration=54s
[2026-06-22 10:06:39] task_conditioned refresh start :: sync_timeout=240s
[2026-06-22 10:07:26] task_conditioned refresh sync :: status=ok exit=0
[2026-06-22 10:07:28] task_conditioned refresh complete :: sync=ok sync_exit=0 stage=task_conditioned_round3_done_waiting_decision next_action=manual_decide live_phase=unknown round3=done,done,done winner=false duration=49s
[2026-06-22 10:08:33] task_conditioned refresh start :: sync_timeout=240s
[2026-06-22 10:09:24] task_conditioned refresh sync :: status=ok exit=0
[2026-06-22 10:09:25] task_conditioned refresh complete :: sync=ok sync_exit=0 stage=task_conditioned_round3_done_waiting_decision next_action=manual_decide live_phase=unknown round3=done,done,done winner=false duration=52s
[2026-06-22 10:10:31] task_conditioned refresh start :: sync_timeout=240s
[2026-06-22 10:11:16] task_conditioned refresh sync :: status=ok exit=0
[2026-06-22 10:11:18] task_conditioned refresh complete :: sync=ok sync_exit=0 stage=task_conditioned_round3_done_waiting_decision next_action=manual_decide live_phase=unknown round3=done,done,done winner=false duration=47s
[2026-06-22 10:12:23] task_conditioned refresh start :: sync_timeout=240s
[2026-06-22 10:13:10] task_conditioned refresh sync :: status=ok exit=0
[2026-06-22 10:13:12] task_conditioned refresh complete :: sync=ok sync_exit=0 stage=task_conditioned_round3_done_waiting_decision next_action=manual_decide live_phase=unknown round3=done,done,done winner=false duration=49s
[2026-06-22 10:14:17] task_conditioned refresh start :: sync_timeout=240s
[2026-06-22 10:15:04] task_conditioned refresh sync :: status=ok exit=0
[2026-06-22 10:15:06] task_conditioned refresh complete :: sync=ok sync_exit=0 stage=task_conditioned_round3_done_waiting_decision next_action=manual_decide live_phase=unknown round3=done,done,done winner=false duration=49s
[2026-06-22 10:16:11] task_conditioned refresh start :: sync_timeout=240s
[2026-06-22 10:16:58] task_conditioned refresh sync :: status=ok exit=0
[2026-06-22 10:17:00] task_conditioned refresh complete :: sync=ok sync_exit=0 stage=task_conditioned_round3_done_waiting_decision next_action=manual_decide live_phase=unknown round3=done,done,done winner=false duration=49s
[2026-06-22 10:18:05] task_conditioned refresh start :: sync_timeout=240s
[2026-06-22 10:18:57] task_conditioned refresh sync :: status=ok exit=0
[2026-06-22 10:18:58] task_conditioned refresh complete :: sync=ok sync_exit=0 stage=task_conditioned_round3_done_waiting_decision next_action=manual_decide live_phase=unknown round3=done,done,done winner=false duration=53s
[2026-06-22 10:20:04] task_conditioned refresh start :: sync_timeout=240s
[2026-06-22 10:20:48] task_conditioned refresh sync :: status=ok exit=0
[2026-06-22 10:20:50] task_conditioned refresh complete :: sync=ok sync_exit=0 stage=task_conditioned_round3_done_waiting_decision next_action=manual_decide live_phase=unknown round3=done,done,done winner=false duration=46s
[2026-06-22 10:21:55] task_conditioned refresh start :: sync_timeout=240s
[2026-06-22 10:22:41] task_conditioned refresh sync :: status=ok exit=0
[2026-06-22 10:22:43] task_conditioned refresh complete :: sync=ok sync_exit=0 stage=task_conditioned_round3_done_waiting_decision next_action=manual_decide live_phase=unknown round3=done,done,done winner=false duration=48s
[2026-06-22 10:23:48] task_conditioned refresh start :: sync_timeout=240s
[2026-06-22 10:24:37] task_conditioned refresh sync :: status=ok exit=0
[2026-06-22 10:24:38] task_conditioned refresh complete :: sync=ok sync_exit=0 stage=task_conditioned_round3_done_waiting_decision next_action=manual_decide live_phase=unknown round3=done,done,done winner=false duration=50s
[2026-06-22 10:25:44] task_conditioned refresh start :: sync_timeout=240s
[2026-06-22 10:26:29] task_conditioned refresh sync :: status=ok exit=0
[2026-06-22 10:26:31] task_conditioned refresh complete :: sync=ok sync_exit=0 stage=task_conditioned_round3_done_waiting_decision next_action=manual_decide live_phase=unknown round3=done,done,done winner=false duration=47s
[2026-06-22 10:27:36] task_conditioned refresh start :: sync_timeout=240s
[2026-06-22 10:28:24] task_conditioned refresh sync :: status=ok exit=0
[2026-06-22 10:28:26] task_conditioned refresh complete :: sync=ok sync_exit=0 stage=task_conditioned_round3_done_waiting_decision next_action=manual_decide live_phase=unknown round3=done,done,done winner=false duration=50s
[2026-06-22 10:29:31] task_conditioned refresh start :: sync_timeout=240s
[2026-06-22 10:30:18] task_conditioned refresh sync :: status=ok exit=0
[2026-06-22 10:30:20] task_conditioned refresh complete :: sync=ok sync_exit=0 stage=task_conditioned_round3_done_waiting_decision next_action=manual_decide live_phase=unknown round3=done,done,done winner=false duration=49s
[2026-06-22 10:31:25] task_conditioned refresh start :: sync_timeout=240s
[2026-06-22 10:32:13] task_conditioned refresh sync :: status=ok exit=0
[2026-06-22 10:32:14] task_conditioned refresh complete :: sync=ok sync_exit=0 stage=task_conditioned_round3_done_waiting_decision next_action=manual_decide live_phase=unknown round3=done,done,done winner=false duration=49s
[2026-06-22 10:33:20] task_conditioned refresh start :: sync_timeout=240s
[2026-06-22 10:34:18] task_conditioned refresh sync :: status=ok exit=0
[2026-06-22 10:34:19] task_conditioned refresh complete :: sync=ok sync_exit=0 stage=task_conditioned_round3_done_waiting_decision next_action=manual_decide live_phase=unknown round3=done,done,done winner=false duration=59s
[2026-06-22 10:35:24] task_conditioned refresh start :: sync_timeout=240s
[2026-06-22 10:36:07] task_conditioned refresh sync :: status=ok exit=0
[2026-06-22 10:36:09] task_conditioned refresh complete :: sync=ok sync_exit=0 stage=task_conditioned_round3_done_waiting_decision next_action=manual_decide live_phase=unknown round3=done,done,done winner=false duration=45s
[2026-06-22 10:50:48] task_conditioned refresh start :: sync_timeout=240s
[2026-06-22 10:51:32] task_conditioned refresh sync :: status=ok exit=0
[2026-06-22 10:51:34] task_conditioned refresh complete :: sync=ok sync_exit=0 stage=task_conditioned_round3_running next_action=wait_round3 live_phase=training round3=done,done,done,running winner=false duration=46s
[2026-06-22 10:51:46] task_conditioned refresh start :: sync_timeout=240s
[2026-06-22 10:52:31] task_conditioned refresh sync :: status=ok exit=0
[2026-06-22 10:52:33] task_conditioned refresh complete :: sync=ok sync_exit=0 stage=task_conditioned_round3_running next_action=wait_round3 live_phase=training round3=done,done,done,running winner=false duration=47s
[2026-06-22 11:01:55] task_conditioned refresh start :: sync_timeout=240s
[2026-06-22 11:02:40] task_conditioned refresh sync :: status=ok exit=0
[2026-06-22 11:02:42] task_conditioned refresh complete :: sync=ok sync_exit=0 stage=task_conditioned_round3_running next_action=wait_round3 live_phase=training round3=done,done,done,running winner=false duration=47s
[2026-06-22 11:07:32] task_conditioned refresh start :: sync_timeout=240s
[2026-06-22 11:08:18] task_conditioned refresh sync :: status=ok exit=0
[2026-06-22 11:08:20] task_conditioned refresh complete :: sync=ok sync_exit=0 stage=task_conditioned_round3_running next_action=wait_round3 live_phase=training round3=done,done,done,running winner=false duration=48s
[2026-06-22 11:09:11] task_conditioned refresh start :: sync_timeout=240s
[2026-06-22 11:09:55] task_conditioned refresh sync :: status=ok exit=0
[2026-06-22 11:09:57] task_conditioned refresh complete :: sync=ok sync_exit=0 stage=task_conditioned_round3_running next_action=wait_round3 live_phase=training round3=done,done,done,running winner=false duration=46s
[2026-06-22 11:18:19] task_conditioned refresh start :: sync_timeout=240s
[2026-06-22 11:19:05] task_conditioned refresh sync :: status=ok exit=0
[2026-06-22 11:19:07] task_conditioned refresh complete :: sync=ok sync_exit=0 stage=task_conditioned_round3_running next_action=wait_round3 live_phase=training round3=done,done,done,running winner=false duration=48s
[2026-06-22 11:21:44] task_conditioned refresh start :: sync_timeout=240s
[2026-06-22 11:22:30] task_conditioned refresh sync :: status=ok exit=0
[2026-06-22 11:22:32] task_conditioned refresh complete :: sync=ok sync_exit=0 stage=task_conditioned_round3_running next_action=wait_round3 live_phase=training round3=done,done,done,running winner=false duration=48s
[2026-06-22 11:29:06] task_conditioned refresh start :: sync_timeout=240s
[2026-06-22 11:29:52] task_conditioned refresh sync :: status=ok exit=0
[2026-06-22 11:29:54] task_conditioned refresh complete :: sync=ok sync_exit=0 stage=task_conditioned_round3_running next_action=wait_round3 live_phase=training round3=done,done,done,running winner=false duration=48s
[2026-06-22 11:32:58] task_conditioned refresh start :: sync_timeout=240s
[2026-06-22 11:33:42] task_conditioned refresh sync :: status=ok exit=0
[2026-06-22 11:33:44] task_conditioned refresh complete :: sync=ok sync_exit=0 stage=task_conditioned_round3_running next_action=wait_round3 live_phase=training round3=done,done,done,running winner=false duration=46s
[2026-06-22 11:39:53] task_conditioned refresh start :: sync_timeout=240s
[2026-06-22 11:40:39] task_conditioned refresh sync :: status=ok exit=0
[2026-06-22 11:40:41] task_conditioned refresh complete :: sync=ok sync_exit=0 stage=task_conditioned_round3_running next_action=wait_round3 live_phase=training round3=done,done,done,running winner=false duration=48s
[2026-06-22 11:46:17] task_conditioned refresh start :: sync_timeout=240s
[2026-06-22 11:47:02] task_conditioned refresh sync :: status=ok exit=0
[2026-06-22 11:47:04] task_conditioned refresh complete :: sync=ok sync_exit=0 stage=task_conditioned_round3_running next_action=wait_round3 live_phase=training round3=done,done,done,running winner=false duration=47s
[2026-06-22 11:50:40] task_conditioned refresh start :: sync_timeout=240s
[2026-06-22 11:51:25] task_conditioned refresh sync :: status=ok exit=0
[2026-06-22 11:51:27] task_conditioned refresh complete :: sync=ok sync_exit=0 stage=task_conditioned_round3_running next_action=wait_round3 live_phase=training round3=done,done,done,running winner=false duration=47s
[2026-06-22 11:57:57] task_conditioned refresh start :: sync_timeout=240s
[2026-06-22 11:58:42] task_conditioned refresh sync :: status=ok exit=0
[2026-06-22 11:58:44] task_conditioned refresh complete :: sync=ok sync_exit=0 stage=task_conditioned_round3_running next_action=wait_round3 live_phase=training round3=done,done,done,running winner=false duration=47s
[2026-06-22 12:00:54] task_conditioned refresh start :: sync_timeout=240s
[2026-06-22 12:01:26] task_conditioned refresh start :: sync_timeout=240s
[2026-06-22 12:01:40] task_conditioned refresh sync :: status=ok exit=0
[2026-06-22 12:01:42] task_conditioned refresh complete :: sync=ok sync_exit=0 stage=task_conditioned_round3_running next_action=wait_round3 live_phase=training round3=done,done,done,running winner=false duration=48s
[2026-06-22 12:02:12] task_conditioned refresh sync :: status=ok exit=0
[2026-06-22 12:02:14] task_conditioned refresh complete :: sync=ok sync_exit=0 stage=task_conditioned_round3_running next_action=wait_round3 live_phase=training round3=done,done,done,running winner=false duration=48s
[2026-06-22 12:12:13] task_conditioned refresh start :: sync_timeout=240s
[2026-06-22 12:12:58] task_conditioned refresh sync :: status=ok exit=0
[2026-06-22 12:13:00] task_conditioned refresh complete :: sync=ok sync_exit=0 stage=task_conditioned_round3_running next_action=wait_round3 live_phase=training round3=done,done,done,running winner=false duration=47s
[2026-06-22 12:13:03] task_conditioned refresh start :: sync_timeout=240s
[2026-06-22 12:13:48] task_conditioned refresh sync :: status=ok exit=0
[2026-06-22 12:13:50] task_conditioned refresh complete :: sync=ok sync_exit=0 stage=task_conditioned_round3_running next_action=wait_round3 live_phase=training round3=done,done,done,running winner=false duration=47s
[2026-06-22 12:22:59] task_conditioned refresh start :: sync_timeout=240s
[2026-06-22 12:23:44] task_conditioned refresh sync :: status=ok exit=0
[2026-06-22 12:23:46] task_conditioned refresh complete :: sync=ok sync_exit=0 stage=task_conditioned_round3_running next_action=wait_round3 live_phase=training round3=done,done,done,running winner=false duration=47s
[2026-06-22 12:24:09] task_conditioned refresh start :: sync_timeout=240s
[2026-06-22 12:24:54] task_conditioned refresh sync :: status=ok exit=0
[2026-06-22 12:24:56] task_conditioned refresh complete :: sync=ok sync_exit=0 stage=task_conditioned_round3_running next_action=wait_round3 live_phase=training round3=done,done,done,running winner=false duration=47s
[2026-06-22 12:30:22] task_conditioned refresh start :: sync_timeout=240s
[2026-06-22 12:31:07] task_conditioned refresh sync :: status=ok exit=0
[2026-06-22 12:31:09] task_conditioned refresh complete :: sync=ok sync_exit=0 stage=task_conditioned_round3_running next_action=wait_round3 live_phase=training round3=done,done,done,running winner=false duration=47s
[2026-06-22 12:33:45] task_conditioned refresh start :: sync_timeout=240s
[2026-06-22 12:34:30] task_conditioned refresh sync :: status=ok exit=0
[2026-06-22 12:34:32] task_conditioned refresh complete :: sync=ok sync_exit=0 stage=task_conditioned_round3_running next_action=wait_round3 live_phase=training round3=done,done,done,running winner=false duration=47s
[2026-06-22 12:39:32] task_conditioned refresh start :: sync_timeout=240s
[2026-06-22 12:39:55] task_conditioned refresh start :: sync_timeout=240s
[2026-06-22 12:40:17] task_conditioned refresh sync :: status=ok exit=0
[2026-06-22 12:40:19] task_conditioned refresh complete :: sync=ok sync_exit=0 stage=task_conditioned_round3_running next_action=wait_round3 live_phase=training round3=done,done,done,running winner=false duration=47s
[2026-06-22 12:40:39] task_conditioned refresh sync :: status=ok exit=0
[2026-06-22 12:40:41] task_conditioned refresh complete :: sync=ok sync_exit=0 stage=task_conditioned_round3_running next_action=wait_round3 live_phase=training round3=done,done,done,running winner=false duration=46s
[2026-06-22 12:45:21] task_conditioned refresh start :: sync_timeout=240s
[2026-06-22 12:46:06] task_conditioned refresh sync :: status=ok exit=0
[2026-06-22 12:46:07] task_conditioned refresh complete :: sync=ok sync_exit=0 stage=task_conditioned_round3_running next_action=wait_round3 live_phase=training round3=done,done,done,running winner=false duration=46s
[2026-06-22 12:46:08] task_conditioned refresh start :: sync_timeout=240s
[2026-06-22 12:46:54] task_conditioned refresh sync :: status=ok exit=0
[2026-06-22 12:46:56] task_conditioned refresh complete :: sync=ok sync_exit=0 stage=task_conditioned_round3_running next_action=wait_round3 live_phase=training round3=done,done,done,running winner=false duration=48s
[2026-06-22 12:51:11] task_conditioned refresh start :: sync_timeout=240s
[2026-06-22 12:51:55] task_conditioned refresh sync :: status=ok exit=0
[2026-06-22 12:51:57] task_conditioned refresh complete :: sync=ok sync_exit=0 stage=task_conditioned_round3_running next_action=wait_round3 live_phase=training round3=done,done,done,running winner=false duration=46s
[2026-06-22 12:52:48] task_conditioned refresh start :: sync_timeout=240s
[2026-06-22 12:53:34] task_conditioned refresh sync :: status=ok exit=0
[2026-06-22 12:53:36] task_conditioned refresh complete :: sync=ok sync_exit=0 stage=task_conditioned_round3_running next_action=wait_round3 live_phase=training round3=done,done,done,running winner=false duration=48s
[2026-06-22 12:57:00] task_conditioned refresh start :: sync_timeout=240s
[2026-06-22 12:57:46] task_conditioned refresh sync :: status=ok exit=0
[2026-06-22 12:57:48] task_conditioned refresh complete :: sync=ok sync_exit=0 stage=task_conditioned_round3_running next_action=wait_round3 live_phase=training round3=done,done,done,running winner=false duration=48s
[2026-06-22 12:59:20] task_conditioned refresh start :: sync_timeout=240s
[2026-06-22 13:00:05] task_conditioned refresh sync :: status=ok exit=0
[2026-06-22 13:00:07] task_conditioned refresh complete :: sync=ok sync_exit=0 stage=task_conditioned_round3_running next_action=wait_round3 live_phase=training round3=done,done,done,running winner=false duration=47s
[2026-06-22 13:02:52] task_conditioned refresh start :: sync_timeout=240s
[2026-06-22 13:03:36] task_conditioned refresh sync :: status=ok exit=0
[2026-06-22 13:03:38] task_conditioned refresh complete :: sync=ok sync_exit=0 stage=task_conditioned_round3_running next_action=wait_round3 live_phase=training round3=done,done,done,running winner=false duration=46s
[2026-06-22 13:05:49] task_conditioned refresh start :: sync_timeout=240s
[2026-06-22 13:06:35] task_conditioned refresh sync :: status=ok exit=0
[2026-06-22 13:06:36] task_conditioned refresh complete :: sync=ok sync_exit=0 stage=task_conditioned_round3_running next_action=wait_round3 live_phase=validating round3=done,done,done,running winner=false duration=47s
[2026-06-22 13:08:41] task_conditioned refresh start :: sync_timeout=240s
[2026-06-22 13:09:26] task_conditioned refresh sync :: status=ok exit=0
[2026-06-22 13:09:28] task_conditioned refresh complete :: sync=ok sync_exit=0 stage=task_conditioned_round3_running next_action=wait_round3 live_phase=validating round3=done,done,done,running winner=false duration=47s
[2026-06-22 13:12:13] task_conditioned refresh start :: sync_timeout=240s
[2026-06-22 13:12:59] task_conditioned refresh sync :: status=ok exit=0
[2026-06-22 13:13:01] task_conditioned refresh complete :: sync=ok sync_exit=0 stage=task_conditioned_round3_running next_action=wait_round3 live_phase=validating round3=done,done,done,running winner=false duration=48s
[2026-06-22 13:14:32] task_conditioned refresh start :: sync_timeout=240s
[2026-06-22 13:15:17] task_conditioned refresh sync :: status=ok exit=0
[2026-06-22 13:15:19] task_conditioned refresh complete :: sync=ok sync_exit=0 stage=task_conditioned_round3_running next_action=wait_round3 live_phase=validating round3=done,done,done,running winner=false duration=47s
[2026-06-22 13:17:20] task_conditioned refresh start :: sync_timeout=240s
[2026-06-22 13:18:05] task_conditioned refresh sync :: status=ok exit=0
[2026-06-22 13:18:07] task_conditioned refresh complete :: sync=ok sync_exit=0 stage=task_conditioned_round3_running next_action=wait_round3 live_phase=training round3=done,done,done,running winner=false duration=47s
[2026-06-22 13:18:37] task_conditioned refresh start :: sync_timeout=240s
[2026-06-22 13:19:21] task_conditioned refresh sync :: status=ok exit=0
[2026-06-22 13:19:23] task_conditioned refresh complete :: sync=ok sync_exit=0 stage=task_conditioned_round3_running next_action=wait_round3 live_phase=training round3=done,done,done,running winner=false duration=46s
[2026-06-22 13:33:22] task_conditioned refresh start :: sync_timeout=240s
[2026-06-22 13:34:08] task_conditioned refresh sync :: status=ok exit=0
[2026-06-22 13:34:10] task_conditioned refresh complete :: sync=ok sync_exit=0 stage=task_conditioned_round3_running next_action=wait_round3 live_phase=training round3=done,done,done,running winner=false duration=48s
[2026-06-22 13:35:52] task_conditioned refresh start :: sync_timeout=240s
[2026-06-22 13:36:38] task_conditioned refresh sync :: status=ok exit=0
[2026-06-22 13:36:40] task_conditioned refresh complete :: sync=ok sync_exit=0 stage=task_conditioned_round3_running next_action=wait_round3 live_phase=training round3=done,done,done,running winner=false duration=48s
[2026-06-22 13:44:21] task_conditioned refresh start :: sync_timeout=240s
[2026-06-22 13:45:06] task_conditioned refresh sync :: status=ok exit=0
[2026-06-22 13:45:08] task_conditioned refresh complete :: sync=ok sync_exit=0 stage=task_conditioned_round3_running next_action=wait_round3 live_phase=training round3=done,done,done,running winner=false duration=47s
[2026-06-22 13:47:43] task_conditioned refresh start :: sync_timeout=240s
[2026-06-22 13:48:27] task_conditioned refresh sync :: status=ok exit=0
[2026-06-22 13:48:29] task_conditioned refresh complete :: sync=ok sync_exit=0 stage=task_conditioned_round3_running next_action=wait_round3 live_phase=training round3=done,done,done,running winner=false duration=46s
[2026-06-22 13:55:18] task_conditioned refresh start :: sync_timeout=240s
[2026-06-22 13:56:03] task_conditioned refresh sync :: status=ok exit=0
[2026-06-22 13:56:05] task_conditioned refresh complete :: sync=ok sync_exit=0 stage=task_conditioned_round3_running next_action=wait_round3 live_phase=training round3=done,done,done,running winner=false duration=47s
[2026-06-22 14:00:15] task_conditioned refresh start :: sync_timeout=240s
[2026-06-22 14:01:00] task_conditioned refresh sync :: status=ok exit=0
[2026-06-22 14:01:02] task_conditioned refresh complete :: sync=ok sync_exit=0 stage=task_conditioned_round3_running next_action=wait_round3 live_phase=training round3=done,done,done,running winner=false duration=47s
[2026-06-22 14:06:16] task_conditioned refresh start :: sync_timeout=240s
[2026-06-22 14:07:01] task_conditioned refresh sync :: status=ok exit=0
[2026-06-22 14:07:03] task_conditioned refresh complete :: sync=ok sync_exit=0 stage=task_conditioned_round3_running next_action=wait_round3 live_phase=training round3=done,done,done,running winner=false duration=47s
[2026-06-22 14:12:27] task_conditioned refresh start :: sync_timeout=240s
[2026-06-22 14:13:12] task_conditioned refresh sync :: status=ok exit=0
[2026-06-22 14:13:14] task_conditioned refresh complete :: sync=ok sync_exit=0 stage=task_conditioned_round3_running next_action=wait_round3 live_phase=training round3=done,done,done,running winner=false duration=47s
[2026-06-22 14:17:13] task_conditioned refresh start :: sync_timeout=240s
[2026-06-22 14:17:58] task_conditioned refresh sync :: status=ok exit=0
[2026-06-22 14:18:00] task_conditioned refresh complete :: sync=ok sync_exit=0 stage=task_conditioned_round3_running next_action=wait_round3 live_phase=training round3=done,done,done,running winner=false duration=47s
[2026-06-22 14:24:34] task_conditioned refresh start :: sync_timeout=240s
[2026-06-22 14:25:19] task_conditioned refresh sync :: status=ok exit=0
[2026-06-22 14:25:22] task_conditioned refresh complete :: sync=ok sync_exit=0 stage=task_conditioned_round3_running next_action=wait_round3 live_phase=training round3=done,done,done,running winner=false duration=48s
[2026-06-22 14:28:11] task_conditioned refresh start :: sync_timeout=240s
[2026-06-22 14:28:57] task_conditioned refresh sync :: status=ok exit=0
[2026-06-22 14:28:58] task_conditioned refresh complete :: sync=ok sync_exit=0 stage=task_conditioned_round3_running next_action=wait_round3 live_phase=training round3=done,done,done,running winner=false duration=47s
[2026-06-22 14:36:33] task_conditioned refresh start :: sync_timeout=240s
[2026-06-22 14:37:18] task_conditioned refresh sync :: status=ok exit=0
[2026-06-22 14:37:20] task_conditioned refresh complete :: sync=ok sync_exit=0 stage=task_conditioned_round3_running next_action=wait_round3 live_phase=training round3=done,done,done,running winner=false duration=47s
[2026-06-22 14:39:10] task_conditioned refresh start :: sync_timeout=240s
[2026-06-22 14:39:55] task_conditioned refresh sync :: status=ok exit=0
[2026-06-22 14:39:57] task_conditioned refresh complete :: sync=ok sync_exit=0 stage=task_conditioned_round3_running next_action=wait_round3 live_phase=training round3=done,done,done,running winner=false duration=47s
[2026-06-22 14:48:18] task_conditioned refresh start :: sync_timeout=240s
[2026-06-22 14:49:04] task_conditioned refresh sync :: status=ok exit=0
[2026-06-22 14:49:06] task_conditioned refresh complete :: sync=ok sync_exit=0 stage=task_conditioned_round3_running next_action=wait_round3 live_phase=training round3=done,done,done,running winner=false duration=48s
[2026-06-22 14:50:09] task_conditioned refresh start :: sync_timeout=240s
[2026-06-22 14:50:54] task_conditioned refresh sync :: status=ok exit=0
[2026-06-22 14:50:56] task_conditioned refresh complete :: sync=ok sync_exit=0 stage=task_conditioned_round3_running next_action=wait_round3 live_phase=training round3=done,done,done,running winner=false duration=47s
[2026-06-22 14:59:33] task_conditioned refresh start :: sync_timeout=240s
[2026-06-22 15:00:18] task_conditioned refresh sync :: status=ok exit=0
[2026-06-22 15:00:20] task_conditioned refresh complete :: sync=ok sync_exit=0 stage=task_conditioned_round3_running next_action=wait_round3 live_phase=training round3=done,done,done,running winner=false duration=47s
[2026-06-22 15:01:08] task_conditioned refresh start :: sync_timeout=240s
[2026-06-22 15:01:53] task_conditioned refresh sync :: status=ok exit=0
[2026-06-22 15:01:55] task_conditioned refresh complete :: sync=ok sync_exit=0 stage=task_conditioned_round3_running next_action=wait_round3 live_phase=training round3=done,done,done,running winner=false duration=47s
[2026-06-22 15:11:25] task_conditioned refresh start :: sync_timeout=240s
[2026-06-22 15:12:07] task_conditioned refresh start :: sync_timeout=240s
[2026-06-22 15:12:11] task_conditioned refresh sync :: status=ok exit=0
[2026-06-22 15:12:12] task_conditioned refresh complete :: sync=ok sync_exit=0 stage=task_conditioned_round3_running next_action=wait_round3 live_phase=training round3=done,done,done,running winner=false duration=47s
[2026-06-22 15:12:52] task_conditioned refresh sync :: status=ok exit=0
[2026-06-22 15:12:54] task_conditioned refresh complete :: sync=ok sync_exit=0 stage=task_conditioned_round3_running next_action=wait_round3 live_phase=training round3=done,done,done,running winner=false duration=47s
[2026-06-22 15:17:39] task_conditioned refresh start :: sync_timeout=240s
[2026-06-22 15:18:00] task_conditioned refresh start :: sync_timeout=240s
[2026-06-22 15:18:23] task_conditioned refresh sync :: status=ok exit=0
[2026-06-22 15:18:25] task_conditioned refresh complete :: sync=ok sync_exit=0 stage=task_conditioned_round3_running next_action=wait_round3 live_phase=training round3=done,done,done,running winner=false duration=46s
[2026-06-22 15:18:45] task_conditioned refresh sync :: status=ok exit=0
[2026-06-22 15:18:47] task_conditioned refresh complete :: sync=ok sync_exit=0 stage=task_conditioned_round3_running next_action=wait_round3 live_phase=training round3=done,done,done,running winner=false duration=47s
[2026-06-22 15:23:43] task_conditioned refresh start :: sync_timeout=240s
[2026-06-22 15:23:52] task_conditioned refresh start :: sync_timeout=240s
[2026-06-22 15:24:29] task_conditioned refresh sync :: status=ok exit=0
[2026-06-22 15:24:31] task_conditioned refresh complete :: sync=ok sync_exit=0 stage=task_conditioned_round3_running next_action=wait_round3 live_phase=training round3=done,done,done,running winner=false duration=48s
[2026-06-22 15:24:38] task_conditioned refresh sync :: status=ok exit=0
[2026-06-22 15:24:39] task_conditioned refresh complete :: sync=ok sync_exit=0 stage=task_conditioned_round3_running next_action=wait_round3 live_phase=training round3=done,done,done,running winner=false duration=47s
[2026-06-22 15:29:45] task_conditioned refresh start :: sync_timeout=240s
[2026-06-22 15:30:19] task_conditioned refresh start :: sync_timeout=240s
[2026-06-22 15:30:30] task_conditioned refresh sync :: status=ok exit=0
[2026-06-22 15:30:32] task_conditioned refresh complete :: sync=ok sync_exit=0 stage=task_conditioned_round3_running next_action=wait_round3 live_phase=training round3=done,done,done,running winner=false duration=47s
[2026-06-22 15:31:04] task_conditioned refresh sync :: status=ok exit=0
[2026-06-22 15:31:06] task_conditioned refresh complete :: sync=ok sync_exit=0 stage=task_conditioned_round3_running next_action=wait_round3 live_phase=training round3=done,done,done,running winner=false duration=47s
[2026-06-22 15:32:34] task_conditioned refresh start :: sync_timeout=240s
[2026-06-22 15:33:19] task_conditioned refresh sync :: status=ok exit=0
[2026-06-22 15:33:21] task_conditioned refresh complete :: sync=ok sync_exit=0 stage=task_conditioned_round3_running next_action=wait_round3 live_phase=validating round3=done,done,done,running winner=false duration=47s
[2026-06-22 15:33:35] task_conditioned refresh start :: sync_timeout=240s
[2026-06-22 15:34:20] task_conditioned refresh sync :: status=ok exit=0
[2026-06-22 15:34:22] task_conditioned refresh complete :: sync=ok sync_exit=0 stage=task_conditioned_round3_running next_action=wait_round3 live_phase=validating round3=done,done,done,running winner=false duration=47s
[2026-06-22 15:38:26] task_conditioned refresh start :: sync_timeout=240s
[2026-06-22 15:39:12] task_conditioned refresh sync :: status=ok exit=0
[2026-06-22 15:39:14] task_conditioned refresh complete :: sync=ok sync_exit=0 stage=task_conditioned_round3_running next_action=wait_round3 live_phase=validating round3=done,done,done,running winner=false duration=48s
[2026-06-22 15:39:57] task_conditioned refresh start :: sync_timeout=240s
[2026-06-22 15:40:43] task_conditioned refresh sync :: status=ok exit=0
[2026-06-22 15:40:45] task_conditioned refresh complete :: sync=ok sync_exit=0 stage=task_conditioned_round3_running next_action=wait_round3 live_phase=validating round3=done,done,done,running winner=false duration=48s
[2026-06-22 15:41:16] task_conditioned refresh start :: sync_timeout=240s
[2026-06-22 15:42:00] task_conditioned refresh sync :: status=ok exit=0
[2026-06-22 15:42:02] task_conditioned refresh complete :: sync=ok sync_exit=0 stage=task_conditioned_round3_running next_action=wait_round3 live_phase=validating round3=done,done,done,running winner=false duration=46s
[2026-06-22 15:43:14] task_conditioned refresh start :: sync_timeout=240s
[2026-06-22 15:43:59] task_conditioned refresh sync :: status=ok exit=0
[2026-06-22 15:44:01] task_conditioned refresh complete :: sync=ok sync_exit=0 stage=task_conditioned_round3_running next_action=wait_round3 live_phase=testing round3=done,done,done,running winner=false duration=47s
[2026-06-22 15:44:04] task_conditioned refresh start :: sync_timeout=240s
[2026-06-22 15:44:49] task_conditioned refresh sync :: status=ok exit=0
[2026-06-22 15:44:51] task_conditioned refresh complete :: sync=ok sync_exit=0 stage=task_conditioned_round3_running next_action=wait_round3 live_phase=testing round3=done,done,done,running winner=false duration=47s
[2026-06-22 15:49:29] task_conditioned refresh start :: sync_timeout=240s
[2026-06-22 15:49:57] task_conditioned refresh start :: sync_timeout=240s
[2026-06-22 15:50:14] task_conditioned refresh sync :: status=ok exit=0
[2026-06-22 15:50:16] task_conditioned refresh complete :: sync=ok sync_exit=0 stage=task_conditioned_round3_running next_action=wait_round3 live_phase=testing round3=done,done,done,running winner=false duration=47s
[2026-06-22 15:50:43] task_conditioned refresh sync :: status=ok exit=0
[2026-06-22 15:50:45] task_conditioned refresh complete :: sync=ok sync_exit=0 stage=task_conditioned_round3_running next_action=wait_round3 live_phase=testing round3=done,done,done,running winner=false duration=48s
[2026-06-22 15:52:46] task_conditioned refresh start :: sync_timeout=240s
[2026-06-22 15:52:48] task_conditioned refresh start :: sync_timeout=240s
[2026-06-22 15:53:33] task_conditioned refresh sync :: status=ok exit=0
[2026-06-22 15:53:34] task_conditioned refresh sync :: status=ok exit=0
[2026-06-22 15:53:35] task_conditioned refresh complete :: sync=ok sync_exit=0 stage=task_conditioned_round3_done_waiting_decision next_action=manual_decide live_phase=unknown round3=done,done,done,done winner=false duration=49s
[2026-06-22 15:53:37] task_conditioned refresh complete :: sync=ok sync_exit=0 stage=task_conditioned_round3_done_waiting_decision next_action=manual_decide live_phase=unknown round3=done,done,done,done winner=false duration=49s
[2026-06-22 15:54:18] task_conditioned refresh start :: sync_timeout=240s
[2026-06-22 15:55:05] task_conditioned refresh sync :: status=ok exit=0
[2026-06-22 15:55:07] task_conditioned refresh complete :: sync=ok sync_exit=0 stage=task_conditioned_round3_done_waiting_decision next_action=manual_decide live_phase=unknown round3=done,done,done,done winner=false duration=49s
[2026-06-22 16:05:35] task_conditioned refresh start :: sync_timeout=240s
[2026-06-22 16:06:24] task_conditioned refresh sync :: status=ok exit=0
[2026-06-22 16:06:26] task_conditioned refresh complete :: sync=ok sync_exit=0 stage=task_conditioned_round3_pending_launch next_action=launch_round3 live_phase=unknown round3=done,done,done,done,pending winner=false duration=51s
[2026-06-22 16:12:46] task_conditioned refresh start :: sync_timeout=240s
[2026-06-22 16:13:34] task_conditioned refresh sync :: status=ok exit=0
[2026-06-22 16:13:36] task_conditioned refresh complete :: sync=ok sync_exit=0 stage=task_conditioned_round3_running next_action=wait_round3 live_phase=training round3=done,done,done,done,running winner=false duration=50s
[2026-06-22 16:24:36] task_conditioned refresh start :: sync_timeout=240s
[2026-06-22 16:25:25] task_conditioned refresh sync :: status=ok exit=0
[2026-06-22 16:25:27] task_conditioned refresh complete :: sync=ok sync_exit=0 stage=task_conditioned_round3_running next_action=wait_round3 live_phase=training round3=done,done,done,done,running winner=false duration=51s
[2026-06-22 16:35:37] task_conditioned refresh start :: sync_timeout=240s
[2026-06-22 16:36:08] task_conditioned refresh start :: sync_timeout=240s
[2026-06-22 16:36:24] task_conditioned refresh sync :: status=ok exit=0
[2026-06-22 16:36:26] task_conditioned refresh complete :: sync=ok sync_exit=0 stage=task_conditioned_round3_running next_action=wait_round3 live_phase=training round3=done,done,done,done,running winner=false duration=49s
[2026-06-22 16:36:57] task_conditioned refresh sync :: status=ok exit=0
[2026-06-22 16:36:59] task_conditioned refresh complete :: sync=ok sync_exit=0 stage=task_conditioned_round3_running next_action=wait_round3 live_phase=training round3=done,done,done,done,running winner=false duration=51s
[2026-06-22 16:46:37] task_conditioned refresh start :: sync_timeout=240s
[2026-06-22 16:47:25] task_conditioned refresh sync :: status=ok exit=0
[2026-06-22 16:47:27] task_conditioned refresh complete :: sync=ok sync_exit=0 stage=task_conditioned_round3_running next_action=wait_round3 live_phase=training round3=done,done,done,done,running winner=false duration=50s
[2026-06-22 16:48:42] task_conditioned refresh start :: sync_timeout=240s
[2026-06-22 16:49:31] task_conditioned refresh sync :: status=ok exit=0
[2026-06-22 16:49:33] task_conditioned refresh complete :: sync=ok sync_exit=0 stage=task_conditioned_round3_running next_action=wait_round3 live_phase=training round3=done,done,done,done,running winner=false duration=51s
[2026-06-22 16:57:38] task_conditioned refresh start :: sync_timeout=240s
[2026-06-22 16:58:27] task_conditioned refresh sync :: status=ok exit=0
[2026-06-22 16:58:29] task_conditioned refresh complete :: sync=ok sync_exit=0 stage=task_conditioned_round3_running next_action=wait_round3 live_phase=training round3=done,done,done,done,running winner=false duration=51s
[2026-06-22 17:00:08] task_conditioned refresh start :: sync_timeout=240s
[2026-06-22 17:00:55] task_conditioned refresh sync :: status=ok exit=0
[2026-06-22 17:00:58] task_conditioned refresh complete :: sync=ok sync_exit=0 stage=task_conditioned_round3_running next_action=wait_round3 live_phase=training round3=done,done,done,done,running winner=false duration=50s
[2026-06-22 17:08:41] task_conditioned refresh start :: sync_timeout=240s
[2026-06-22 17:09:29] task_conditioned refresh sync :: status=ok exit=0
[2026-06-22 17:09:31] task_conditioned refresh complete :: sync=ok sync_exit=0 stage=task_conditioned_round3_running next_action=wait_round3 live_phase=training round3=done,done,done,done,running winner=false duration=50s
[2026-06-22 17:11:38] task_conditioned refresh start :: sync_timeout=240s
[2026-06-22 17:12:25] task_conditioned refresh sync :: status=ok exit=0
[2026-06-22 17:12:28] task_conditioned refresh complete :: sync=ok sync_exit=0 stage=task_conditioned_round3_running next_action=wait_round3 live_phase=training round3=done,done,done,done,running winner=false duration=50s
[2026-06-22 17:22:36] task_conditioned refresh start :: sync_timeout=240s
[2026-06-22 17:23:23] task_conditioned refresh sync :: status=ok exit=0
[2026-06-22 17:23:25] task_conditioned refresh complete :: sync=ok sync_exit=0 stage=task_conditioned_round3_running next_action=wait_round3 live_phase=training round3=done,done,done,done,running winner=false duration=49s
[2026-06-22 17:33:40] task_conditioned refresh start :: sync_timeout=240s
[2026-06-22 17:34:27] task_conditioned refresh sync :: status=ok exit=0
[2026-06-22 17:34:29] task_conditioned refresh complete :: sync=ok sync_exit=0 stage=task_conditioned_round3_running next_action=wait_round3 live_phase=training round3=done,done,done,done,running winner=false duration=49s
[2026-06-22 17:44:44] task_conditioned refresh start :: sync_timeout=240s
[2026-06-22 17:45:32] task_conditioned refresh sync :: status=ok exit=0
[2026-06-22 17:45:34] task_conditioned refresh complete :: sync=ok sync_exit=0 stage=task_conditioned_round3_running next_action=wait_round3 live_phase=training round3=done,done,done,done,running winner=false duration=50s
[2026-06-22 17:55:48] task_conditioned refresh start :: sync_timeout=240s
[2026-06-22 17:56:37] task_conditioned refresh sync :: status=ok exit=0
[2026-06-22 17:56:39] task_conditioned refresh complete :: sync=ok sync_exit=0 stage=task_conditioned_round3_running next_action=wait_round3 live_phase=training round3=done,done,done,done,running winner=false duration=51s
[2026-06-22 18:06:53] task_conditioned refresh start :: sync_timeout=240s
[2026-06-22 18:07:41] task_conditioned refresh sync :: status=ok exit=0
[2026-06-22 18:07:43] task_conditioned refresh complete :: sync=ok sync_exit=0 stage=task_conditioned_round3_running next_action=wait_round3 live_phase=training round3=done,done,done,done,running winner=false duration=50s
[2026-06-22 18:12:50] task_conditioned refresh start :: sync_timeout=240s
[2026-06-22 18:13:38] task_conditioned refresh sync :: status=ok exit=0
[2026-06-22 18:13:40] task_conditioned refresh complete :: sync=ok sync_exit=0 stage=task_conditioned_round3_running next_action=wait_round3 live_phase=training round3=done,done,done,done,running winner=false duration=50s
[2026-06-22 18:18:47] task_conditioned refresh start :: sync_timeout=240s
[2026-06-22 18:19:34] task_conditioned refresh sync :: status=ok exit=0
[2026-06-22 18:19:37] task_conditioned refresh complete :: sync=ok sync_exit=0 stage=task_conditioned_round3_running next_action=wait_round3 live_phase=training round3=done,done,done,done,running winner=false duration=50s
[2026-06-22 18:24:43] task_conditioned refresh start :: sync_timeout=240s
[2026-06-22 18:25:31] task_conditioned refresh sync :: status=ok exit=0
[2026-06-22 18:25:33] task_conditioned refresh complete :: sync=ok sync_exit=0 stage=task_conditioned_round3_running next_action=wait_round3 live_phase=training round3=done,done,done,done,running winner=false duration=50s
[2026-06-22 18:27:36] task_conditioned refresh start :: sync_timeout=240s
[2026-06-22 18:28:23] task_conditioned refresh sync :: status=ok exit=0
[2026-06-22 18:28:25] task_conditioned refresh complete :: sync=ok sync_exit=0 stage=task_conditioned_round3_running next_action=wait_round3 live_phase=training round3=done,done,done,done,running winner=false duration=49s
[2026-06-22 18:30:27] task_conditioned refresh start :: sync_timeout=240s
[2026-06-22 18:31:16] task_conditioned refresh sync :: status=ok exit=0
[2026-06-22 18:31:18] task_conditioned refresh complete :: sync=ok sync_exit=0 stage=task_conditioned_round3_running next_action=wait_round3 live_phase=validating round3=done,done,done,done,running winner=false duration=51s
[2026-06-22 18:36:25] task_conditioned refresh start :: sync_timeout=240s
[2026-06-22 18:37:13] task_conditioned refresh sync :: status=ok exit=0
[2026-06-22 18:37:15] task_conditioned refresh complete :: sync=ok sync_exit=0 stage=task_conditioned_round3_running next_action=wait_round3 live_phase=validating round3=done,done,done,done,running winner=false duration=50s
[2026-06-22 18:39:17] task_conditioned refresh start :: sync_timeout=240s
[2026-06-22 18:40:06] task_conditioned refresh sync :: status=ok exit=0
[2026-06-22 18:40:08] task_conditioned refresh complete :: sync=ok sync_exit=0 stage=task_conditioned_round3_running next_action=wait_round3 live_phase=training round3=done,done,done,done,running winner=false duration=51s
[2026-06-22 18:55:31] task_conditioned refresh start :: sync_timeout=240s
[2026-06-22 18:56:19] task_conditioned refresh sync :: status=ok exit=0
[2026-06-22 18:56:21] task_conditioned refresh complete :: sync=ok sync_exit=0 stage=task_conditioned_round3_running next_action=wait_round3 live_phase=training round3=done,done,done,done,running winner=false duration=50s
[2026-06-22 19:06:34] task_conditioned refresh start :: sync_timeout=240s
[2026-06-22 19:07:23] task_conditioned refresh sync :: status=ok exit=0
[2026-06-22 19:07:25] task_conditioned refresh complete :: sync=ok sync_exit=0 stage=task_conditioned_round3_running next_action=wait_round3 live_phase=training round3=done,done,done,done,running winner=false duration=51s
[2026-06-22 19:17:38] task_conditioned refresh start :: sync_timeout=240s
[2026-06-22 19:18:26] task_conditioned refresh sync :: status=ok exit=0
[2026-06-22 19:18:28] task_conditioned refresh complete :: sync=ok sync_exit=0 stage=task_conditioned_round3_running next_action=wait_round3 live_phase=training round3=done,done,done,done,running winner=false duration=50s
[2026-06-22 19:28:43] task_conditioned refresh start :: sync_timeout=240s
[2026-06-22 19:29:30] task_conditioned refresh sync :: status=ok exit=0
[2026-06-22 19:29:32] task_conditioned refresh complete :: sync=ok sync_exit=0 stage=task_conditioned_round3_running next_action=wait_round3 live_phase=training round3=done,done,done,done,running winner=false duration=49s
[2026-06-22 19:39:48] task_conditioned refresh start :: sync_timeout=240s
[2026-06-22 19:40:36] task_conditioned refresh sync :: status=ok exit=0
[2026-06-22 19:40:38] task_conditioned refresh complete :: sync=ok sync_exit=0 stage=task_conditioned_round3_running next_action=wait_round3 live_phase=training round3=done,done,done,done,running winner=false duration=50s
[2026-06-22 19:50:55] task_conditioned refresh start :: sync_timeout=240s
[2026-06-22 19:51:42] task_conditioned refresh sync :: status=ok exit=0
[2026-06-22 19:51:44] task_conditioned refresh complete :: sync=ok sync_exit=0 stage=task_conditioned_round3_running next_action=wait_round3 live_phase=training round3=done,done,done,done,running winner=false duration=49s
[2026-06-22 20:02:00] task_conditioned refresh start :: sync_timeout=240s
[2026-06-22 20:02:48] task_conditioned refresh sync :: status=ok exit=0
[2026-06-22 20:02:50] task_conditioned refresh complete :: sync=ok sync_exit=0 stage=task_conditioned_round3_running next_action=wait_round3 live_phase=training round3=done,done,done,done,running winner=false duration=50s
[2026-06-22 20:13:07] task_conditioned refresh start :: sync_timeout=240s
[2026-06-22 20:13:55] task_conditioned refresh sync :: status=ok exit=0
[2026-06-22 20:13:57] task_conditioned refresh complete :: sync=ok sync_exit=0 stage=task_conditioned_round3_running next_action=wait_round3 live_phase=training round3=done,done,done,done,running winner=false duration=50s
[2026-06-22 20:24:15] task_conditioned refresh start :: sync_timeout=240s
[2026-06-22 20:25:03] task_conditioned refresh sync :: status=ok exit=0
[2026-06-22 20:25:05] task_conditioned refresh complete :: sync=ok sync_exit=0 stage=task_conditioned_round3_running next_action=wait_round3 live_phase=training round3=done,done,done,done,running winner=false duration=50s
[2026-06-22 20:30:14] task_conditioned refresh start :: sync_timeout=240s
[2026-06-22 20:31:02] task_conditioned refresh sync :: status=ok exit=0
[2026-06-22 20:31:04] task_conditioned refresh complete :: sync=ok sync_exit=0 stage=task_conditioned_round3_running next_action=wait_round3 live_phase=training round3=done,done,done,done,running winner=false duration=50s
[2026-06-22 20:36:13] task_conditioned refresh start :: sync_timeout=240s
[2026-06-22 20:37:02] task_conditioned refresh sync :: status=ok exit=0
[2026-06-22 20:37:04] task_conditioned refresh complete :: sync=ok sync_exit=0 stage=task_conditioned_round3_running next_action=wait_round3 live_phase=training round3=done,done,done,done,running winner=false duration=51s
[2026-06-22 20:42:12] task_conditioned refresh start :: sync_timeout=240s
[2026-06-22 20:43:01] task_conditioned refresh sync :: status=ok exit=0
[2026-06-22 20:43:03] task_conditioned refresh complete :: sync=ok sync_exit=0 stage=task_conditioned_round3_running next_action=wait_round3 live_phase=training round3=done,done,done,done,running winner=false duration=51s
[2026-06-22 20:48:11] task_conditioned refresh start :: sync_timeout=240s
[2026-06-22 20:48:58] task_conditioned refresh sync :: status=ok exit=0
[2026-06-22 20:49:01] task_conditioned refresh complete :: sync=ok sync_exit=0 stage=task_conditioned_round3_running next_action=wait_round3 live_phase=training round3=done,done,done,done,running winner=false duration=50s
[2026-06-22 20:54:10] task_conditioned refresh start :: sync_timeout=240s
[2026-06-22 20:54:59] task_conditioned refresh sync :: status=ok exit=0
[2026-06-22 20:55:01] task_conditioned refresh complete :: sync=ok sync_exit=0 stage=task_conditioned_round3_running next_action=wait_round3 live_phase=training round3=done,done,done,done,running winner=false duration=51s
[2026-06-22 20:57:04] task_conditioned refresh start :: sync_timeout=240s
[2026-06-22 20:57:52] task_conditioned refresh sync :: status=ok exit=0
[2026-06-22 20:57:54] task_conditioned refresh complete :: sync=ok sync_exit=0 stage=task_conditioned_round3_running next_action=wait_round3 live_phase=validating round3=done,done,done,done,running winner=false duration=50s
[2026-06-22 21:03:02] task_conditioned refresh start :: sync_timeout=240s
[2026-06-22 21:03:50] task_conditioned refresh sync :: status=ok exit=0
[2026-06-22 21:03:52] task_conditioned refresh complete :: sync=ok sync_exit=0 stage=task_conditioned_round3_running next_action=wait_round3 live_phase=validating round3=done,done,done,done,running winner=false duration=50s
[2026-06-22 21:05:55] task_conditioned refresh start :: sync_timeout=240s
[2026-06-22 21:06:42] task_conditioned refresh sync :: status=ok exit=0
[2026-06-22 21:06:44] task_conditioned refresh complete :: sync=ok sync_exit=0 stage=task_conditioned_round3_running next_action=wait_round3 live_phase=testing round3=done,done,done,done,running winner=false duration=49s
[2026-06-22 21:11:52] task_conditioned refresh start :: sync_timeout=240s
[2026-06-22 21:12:42] task_conditioned refresh sync :: status=ok exit=0
[2026-06-22 21:12:44] task_conditioned refresh complete :: sync=ok sync_exit=0 stage=task_conditioned_round3_running next_action=wait_round3 live_phase=testing round3=done,done,done,done,running winner=false duration=52s
[2026-06-22 21:14:47] task_conditioned refresh start :: sync_timeout=240s
[2026-06-22 21:15:36] task_conditioned refresh sync :: status=ok exit=0
[2026-06-22 21:15:38] task_conditioned refresh complete :: sync=ok sync_exit=0 stage=task_conditioned_round3_running next_action=wait_round3 live_phase=testing round3=done,done,done,done,running winner=false duration=51s
[2026-06-22 21:16:20] task_conditioned refresh start :: sync_timeout=240s
[2026-06-22 21:17:10] task_conditioned refresh sync :: status=ok exit=0
[2026-06-22 21:17:12] task_conditioned refresh complete :: sync=ok sync_exit=0 stage=task_conditioned_round3_done_waiting_decision next_action=manual_decide live_phase=unknown round3=done,done,done,done,done winner=false duration=52s
[2026-06-22 21:17:29] task_conditioned refresh start :: sync_timeout=240s
[2026-06-22 21:18:19] task_conditioned refresh sync :: status=ok exit=0
[2026-06-22 21:18:21] task_conditioned refresh complete :: sync=ok sync_exit=0 stage=task_conditioned_round3_done_waiting_decision next_action=manual_decide live_phase=unknown round3=done,done,done,done,done winner=false duration=52s
[2026-06-22 21:18:23] task_conditioned refresh start :: sync_timeout=240s
[2026-06-22 21:19:12] task_conditioned refresh sync :: status=ok exit=0
[2026-06-22 21:19:15] task_conditioned refresh complete :: sync=ok sync_exit=0 stage=task_conditioned_round3_done_waiting_decision next_action=manual_decide live_phase=unknown round3=done,done,done,done,done winner=false duration=52s
[2026-06-22 21:35:43] task_conditioned refresh start :: sync_timeout=240s
[2026-06-22 21:36:33] task_conditioned refresh sync :: status=ok exit=0
[2026-06-22 21:36:35] task_conditioned refresh complete :: sync=ok sync_exit=0 stage=task_conditioned_round3_running next_action=wait_round3 live_phase=training round3=done,done,done,done,done,running winner=false duration=52s
[2026-06-22 21:46:45] task_conditioned refresh start :: sync_timeout=240s
[2026-06-22 21:47:36] task_conditioned refresh sync :: status=ok exit=0
[2026-06-22 21:47:38] task_conditioned refresh complete :: sync=ok sync_exit=0 stage=task_conditioned_round3_running next_action=wait_round3 live_phase=training round3=done,done,done,done,done,running winner=false duration=53s
[2026-06-22 21:52:46] task_conditioned refresh start :: sync_timeout=240s
[2026-06-22 21:53:37] task_conditioned refresh sync :: status=ok exit=0
[2026-06-22 21:53:39] task_conditioned refresh complete :: sync=ok sync_exit=0 stage=task_conditioned_round3_running next_action=wait_round3 live_phase=training round3=done,done,done,done,done,running winner=false duration=53s
[2026-06-22 21:53:41] task_conditioned refresh start :: sync_timeout=240s
[2026-06-22 21:54:32] task_conditioned refresh sync :: status=ok exit=0
[2026-06-22 21:54:34] task_conditioned refresh complete :: sync=ok sync_exit=0 stage=task_conditioned_round3_running next_action=wait_round3 live_phase=training round3=done,done,done,done,done,running winner=false duration=53s
[2026-06-22 21:59:34] task_conditioned refresh start :: sync_timeout=240s
[2026-06-22 22:00:25] task_conditioned refresh sync :: status=ok exit=0
[2026-06-22 22:00:27] task_conditioned refresh complete :: sync=ok sync_exit=0 stage=task_conditioned_round3_running next_action=wait_round3 live_phase=training round3=done,done,done,done,done,running winner=false duration=53s
[2026-06-22 22:05:36] task_conditioned refresh start :: sync_timeout=240s
[2026-06-22 22:06:26] task_conditioned refresh sync :: status=ok exit=0
[2026-06-22 22:06:29] task_conditioned refresh complete :: sync=ok sync_exit=0 stage=task_conditioned_round3_running next_action=wait_round3 live_phase=training round3=done,done,done,done,done,running winner=false duration=53s
[2026-06-22 22:06:32] task_conditioned refresh start :: sync_timeout=240s
[2026-06-22 22:07:28] task_conditioned refresh sync :: status=ok exit=0
[2026-06-22 22:07:31] task_conditioned refresh complete :: sync=ok sync_exit=0 stage=task_conditioned_round3_running next_action=wait_round3 live_phase=training round3=done,done,done,done,done,running winner=false duration=59s
[2026-06-22 22:12:31] task_conditioned refresh start :: sync_timeout=240s
[2026-06-22 22:13:27] task_conditioned refresh sync :: status=ok exit=0
[2026-06-22 22:13:29] task_conditioned refresh complete :: sync=ok sync_exit=0 stage=task_conditioned_round3_running next_action=wait_round3 live_phase=validating round3=done,done,done,done,done,running winner=false duration=58s
[2026-06-22 22:13:32] task_conditioned refresh start :: sync_timeout=240s
[2026-06-22 22:14:31] task_conditioned refresh sync :: status=ok exit=0
[2026-06-22 22:14:33] task_conditioned refresh complete :: sync=ok sync_exit=0 stage=task_conditioned_round3_running next_action=wait_round3 live_phase=validating round3=done,done,done,done,done,running winner=false duration=61s
[2026-06-22 22:19:34] task_conditioned refresh start :: sync_timeout=240s
[2026-06-22 22:20:32] task_conditioned refresh sync :: status=ok exit=0
[2026-06-22 22:20:35] task_conditioned refresh complete :: sync=ok sync_exit=0 stage=task_conditioned_round3_running next_action=wait_round3 live_phase=validating round3=done,done,done,done,done,running winner=false duration=61s
[2026-06-22 22:20:37] task_conditioned refresh start :: sync_timeout=240s
[2026-06-22 22:21:33] task_conditioned refresh sync :: status=ok exit=0
[2026-06-22 22:21:35] task_conditioned refresh complete :: sync=ok sync_exit=0 stage=task_conditioned_round3_running next_action=wait_round3 live_phase=validating round3=done,done,done,done,done,running winner=false duration=58s
[2026-06-22 22:23:36] task_conditioned refresh start :: sync_timeout=240s
[2026-06-22 22:24:33] task_conditioned refresh sync :: status=ok exit=0
[2026-06-22 22:24:35] task_conditioned refresh complete :: sync=ok sync_exit=0 stage=task_conditioned_round3_running next_action=wait_round3 live_phase=training round3=done,done,done,done,done,running winner=false duration=59s
[2026-06-22 22:40:04] task_conditioned refresh start :: sync_timeout=240s
[2026-06-22 22:40:59] task_conditioned refresh sync :: status=ok exit=0
[2026-06-22 22:41:02] task_conditioned refresh complete :: sync=ok sync_exit=0 stage=task_conditioned_round3_running next_action=wait_round3 live_phase=training round3=done,done,done,done,done,running winner=false duration=58s
[2026-06-22 22:51:22] task_conditioned refresh start :: sync_timeout=240s
[2026-06-22 22:52:21] task_conditioned refresh sync :: status=ok exit=0
[2026-06-22 22:52:23] task_conditioned refresh complete :: sync=ok sync_exit=0 stage=task_conditioned_round3_running next_action=wait_round3 live_phase=training round3=done,done,done,done,done,running winner=false duration=61s
[2026-06-22 23:02:41] task_conditioned refresh start :: sync_timeout=240s
[2026-06-22 23:03:34] task_conditioned refresh sync :: status=ok exit=0
[2026-06-22 23:03:37] task_conditioned refresh complete :: sync=ok sync_exit=0 stage=task_conditioned_round3_running next_action=wait_round3 live_phase=training round3=done,done,done,done,done,running winner=false duration=56s
[2026-06-22 23:13:55] task_conditioned refresh start :: sync_timeout=240s
[2026-06-22 23:14:57] task_conditioned refresh sync :: status=ok exit=0
[2026-06-22 23:14:59] task_conditioned refresh complete :: sync=ok sync_exit=0 stage=task_conditioned_round3_running next_action=wait_round3 live_phase=training round3=done,done,done,done,done,running winner=false duration=64s
[2026-06-22 23:25:17] task_conditioned refresh start :: sync_timeout=240s
[2026-06-22 23:26:19] task_conditioned refresh sync :: status=ok exit=0
[2026-06-22 23:26:22] task_conditioned refresh complete :: sync=ok sync_exit=0 stage=task_conditioned_round3_running next_action=wait_round3 live_phase=training round3=done,done,done,done,done,running winner=false duration=65s
[2026-06-22 23:36:40] task_conditioned refresh start :: sync_timeout=240s
[2026-06-22 23:37:51] task_conditioned refresh sync :: status=ok exit=0
[2026-06-22 23:37:53] task_conditioned refresh complete :: sync=ok sync_exit=0 stage=task_conditioned_round3_running next_action=wait_round3 live_phase=training round3=done,done,done,done,done,running winner=false duration=73s
[2026-06-22 23:48:12] task_conditioned refresh start :: sync_timeout=240s
[2026-06-22 23:49:12] task_conditioned refresh sync :: status=ok exit=0
[2026-06-22 23:49:15] task_conditioned refresh complete :: sync=ok sync_exit=0 stage=task_conditioned_round3_running next_action=wait_round3 live_phase=training round3=done,done,done,done,done,running winner=false duration=63s
[2026-06-22 23:59:30] task_conditioned refresh start :: sync_timeout=240s
[2026-06-23 00:00:31] task_conditioned refresh sync :: status=ok exit=0
[2026-06-23 00:00:34] task_conditioned refresh complete :: sync=ok sync_exit=0 stage=task_conditioned_round3_running next_action=wait_round3 live_phase=training round3=done,done,done,done,done,running winner=false duration=64s
[2026-06-23 00:10:50] task_conditioned refresh start :: sync_timeout=240s
[2026-06-23 00:11:49] task_conditioned refresh sync :: status=ok exit=0
[2026-06-23 00:11:51] task_conditioned refresh complete :: sync=ok sync_exit=0 stage=task_conditioned_round3_running next_action=wait_round3 live_phase=training round3=done,done,done,done,done,running winner=false duration=61s
[2026-06-23 00:16:59] task_conditioned refresh start :: sync_timeout=240s
[2026-06-23 00:18:03] task_conditioned refresh sync :: status=ok exit=0
[2026-06-23 00:18:05] task_conditioned refresh complete :: sync=ok sync_exit=0 stage=task_conditioned_round3_running next_action=wait_round3 live_phase=training round3=done,done,done,done,done,running winner=false duration=66s
[2026-06-23 00:23:14] task_conditioned refresh start :: sync_timeout=240s
[2026-06-23 00:24:18] task_conditioned refresh sync :: status=ok exit=0
[2026-06-23 00:24:20] task_conditioned refresh complete :: sync=ok sync_exit=0 stage=task_conditioned_round3_running next_action=wait_round3 live_phase=training round3=done,done,done,done,done,running winner=false duration=66s
[2026-06-23 00:29:31] task_conditioned refresh start :: sync_timeout=240s
[2026-06-23 00:30:25] task_conditioned refresh sync :: status=ok exit=0
[2026-06-23 00:30:27] task_conditioned refresh complete :: sync=ok sync_exit=0 stage=task_conditioned_round3_running next_action=wait_round3 live_phase=training round3=done,done,done,done,done,running winner=false duration=56s
[2026-06-23 00:35:37] task_conditioned refresh start :: sync_timeout=240s
[2026-06-23 00:36:39] task_conditioned refresh sync :: status=ok exit=0
[2026-06-23 00:36:41] task_conditioned refresh complete :: sync=ok sync_exit=0 stage=task_conditioned_round3_running next_action=wait_round3 live_phase=training round3=done,done,done,done,done,running winner=false duration=64s
[2026-06-23 00:38:45] task_conditioned refresh start :: sync_timeout=240s
[2026-06-23 00:39:46] task_conditioned refresh sync :: status=ok exit=0
[2026-06-23 00:39:48] task_conditioned refresh complete :: sync=ok sync_exit=0 stage=task_conditioned_round3_running next_action=wait_round3 live_phase=validating round3=done,done,done,done,done,running winner=false duration=63s
[2026-06-23 00:44:59] task_conditioned refresh start :: sync_timeout=240s
[2026-06-23 00:46:01] task_conditioned refresh sync :: status=ok exit=0
[2026-06-23 00:46:03] task_conditioned refresh complete :: sync=ok sync_exit=0 stage=task_conditioned_round3_running next_action=wait_round3 live_phase=validating round3=done,done,done,done,done,running winner=false duration=64s
[2026-06-23 00:48:08] task_conditioned refresh start :: sync_timeout=240s
[2026-06-23 00:49:14] task_conditioned refresh sync :: status=ok exit=0
[2026-06-23 00:49:16] task_conditioned refresh complete :: sync=ok sync_exit=0 stage=task_conditioned_round3_running next_action=wait_round3 live_phase=validating round3=done,done,done,done,done,running winner=false duration=68s
[2026-06-23 00:51:20] task_conditioned refresh start :: sync_timeout=240s
[2026-06-23 00:52:19] task_conditioned refresh sync :: status=ok exit=0
[2026-06-23 00:52:22] task_conditioned refresh complete :: sync=ok sync_exit=0 stage=task_conditioned_round3_running next_action=wait_round3 live_phase=testing round3=done,done,done,done,done,running winner=false duration=62s
[2026-06-23 00:54:25] task_conditioned refresh start :: sync_timeout=240s
[2026-06-23 00:55:27] task_conditioned refresh sync :: status=ok exit=0
[2026-06-23 00:55:29] task_conditioned refresh complete :: sync=ok sync_exit=0 stage=task_conditioned_round3_running next_action=wait_round3 live_phase=testing round3=done,done,done,done,done,running winner=false duration=64s
[2026-06-23 00:57:33] task_conditioned refresh start :: sync_timeout=240s
[2026-06-23 00:58:31] task_conditioned refresh sync :: status=ok exit=0
[2026-06-23 00:58:34] task_conditioned refresh complete :: sync=ok sync_exit=0 stage=task_conditioned_round3_running next_action=wait_round3 live_phase=testing round3=done,done,done,done,done,running winner=false duration=61s
[2026-06-23 01:00:36] task_conditioned refresh start :: sync_timeout=240s
[2026-06-23 01:01:40] task_conditioned refresh sync :: status=ok exit=0
[2026-06-23 01:01:42] task_conditioned refresh complete :: sync=ok sync_exit=0 stage=task_conditioned_round3_done_waiting_decision next_action=manual_decide live_phase=unknown round3=done,done,done,done,done,done winner=false duration=66s
[2026-06-23 01:01:44] task_conditioned refresh start :: sync_timeout=240s
[2026-06-23 01:02:46] task_conditioned refresh sync :: status=ok exit=0
[2026-06-23 01:02:48] task_conditioned refresh complete :: sync=ok sync_exit=0 stage=task_conditioned_tuning_completed_with_winner next_action=done live_phase=unknown round3=done,done,done,done,done,done winner=true duration=64s
[2026-06-23 01:02:59] task_conditioned refresh start :: sync_timeout=240s
[2026-06-23 01:03:59] task_conditioned refresh sync :: status=ok exit=0
[2026-06-23 01:04:01] task_conditioned refresh complete :: sync=ok sync_exit=0 stage=task_conditioned_tuning_completed_with_winner next_action=done live_phase=unknown round3=done,done,done,done,done,done winner=true duration=62s
[2026-06-23 01:04:10] task_conditioned refresh start :: sync_timeout=240s
[2026-06-23 01:05:08] task_conditioned refresh sync :: status=ok exit=0
[2026-06-23 01:05:10] task_conditioned refresh complete :: sync=ok sync_exit=0 stage=task_conditioned_tuning_completed_with_winner next_action=done live_phase=unknown round3=done,done,done,done,done,done winner=true duration=60s
[2026-06-23 01:12:13] task_conditioned refresh start :: sync_timeout=240s
[2026-06-23 01:13:14] task_conditioned refresh sync :: status=ok exit=0
[2026-06-23 01:13:16] task_conditioned refresh complete :: sync=ok sync_exit=0 stage=task_conditioned_tuning_completed_with_winner next_action=done live_phase=unknown round3=done,done,done,done,done,done winner=true duration=63s
[2026-06-23 01:23:42] task_conditioned refresh start :: sync_timeout=240s
[2026-06-23 01:24:41] task_conditioned refresh sync :: status=ok exit=0
[2026-06-23 01:24:44] task_conditioned refresh complete :: sync=ok sync_exit=0 stage=task_conditioned_tuning_completed_with_winner next_action=done live_phase=unknown round3=done,done,done,done,done,done winner=true duration=62s
[2026-06-23 01:35:08] task_conditioned refresh start :: sync_timeout=240s
[2026-06-23 01:36:03] task_conditioned refresh sync :: status=ok exit=0
[2026-06-23 01:36:05] task_conditioned refresh complete :: sync=ok sync_exit=0 stage=task_conditioned_tuning_completed_with_winner next_action=done live_phase=unknown round3=done,done,done,done,done,done winner=true duration=57s
[2026-06-23 01:46:30] task_conditioned refresh start :: sync_timeout=240s
[2026-06-23 01:47:26] task_conditioned refresh sync :: status=ok exit=0
[2026-06-23 01:47:29] task_conditioned refresh complete :: sync=ok sync_exit=0 stage=task_conditioned_tuning_completed_with_winner next_action=done live_phase=unknown round3=done,done,done,done,done,done winner=true duration=59s
[2026-06-23 01:57:55] task_conditioned refresh start :: sync_timeout=240s
[2026-06-23 01:58:53] task_conditioned refresh sync :: status=ok exit=0
[2026-06-23 01:58:56] task_conditioned refresh complete :: sync=ok sync_exit=0 stage=task_conditioned_tuning_completed_with_winner next_action=done live_phase=unknown round3=done,done,done,done,done,done winner=true duration=61s
[2026-06-23 02:09:25] task_conditioned refresh start :: sync_timeout=240s
[2026-06-23 02:10:27] task_conditioned refresh sync :: status=ok exit=0
[2026-06-23 02:10:29] task_conditioned refresh complete :: sync=ok sync_exit=0 stage=task_conditioned_tuning_completed_with_winner next_action=done live_phase=unknown round3=done,done,done,done,done,done winner=true duration=64s
[2026-06-23 02:21:00] task_conditioned refresh start :: sync_timeout=240s
[2026-06-23 02:21:57] task_conditioned refresh sync :: status=ok exit=0
[2026-06-23 02:22:00] task_conditioned refresh complete :: sync=ok sync_exit=0 stage=task_conditioned_tuning_completed_with_winner next_action=done live_phase=unknown round3=done,done,done,done,done,done winner=true duration=60s
[2026-06-23 02:32:31] task_conditioned refresh start :: sync_timeout=240s
[2026-06-23 02:33:32] task_conditioned refresh sync :: status=ok exit=0
[2026-06-23 02:33:34] task_conditioned refresh complete :: sync=ok sync_exit=0 stage=task_conditioned_tuning_completed_with_winner next_action=done live_phase=unknown round3=done,done,done,done,done,done winner=true duration=63s
[2026-06-23 02:44:07] task_conditioned refresh start :: sync_timeout=240s
[2026-06-23 02:45:11] task_conditioned refresh sync :: status=ok exit=0
[2026-06-23 02:45:13] task_conditioned refresh complete :: sync=ok sync_exit=0 stage=task_conditioned_tuning_completed_with_winner next_action=done live_phase=unknown round3=done,done,done,done,done,done winner=true duration=66s
[2026-06-23 02:55:45] task_conditioned refresh start :: sync_timeout=240s
[2026-06-23 02:56:41] task_conditioned refresh sync :: status=ok exit=0
[2026-06-23 02:56:44] task_conditioned refresh complete :: sync=ok sync_exit=0 stage=task_conditioned_tuning_completed_with_winner next_action=done live_phase=unknown round3=done,done,done,done,done,done winner=true duration=59s
[2026-06-23 03:07:13] task_conditioned refresh start :: sync_timeout=240s
[2026-06-23 03:08:09] task_conditioned refresh sync :: status=ok exit=0
[2026-06-23 03:08:13] task_conditioned refresh complete :: sync=ok sync_exit=0 stage=task_conditioned_tuning_completed_with_winner next_action=done live_phase=unknown round3=done,done,done,done,done,done winner=true duration=60s
[2026-06-23 03:18:38] task_conditioned refresh start :: sync_timeout=240s
[2026-06-23 03:19:36] task_conditioned refresh sync :: status=ok exit=0
[2026-06-23 03:19:39] task_conditioned refresh complete :: sync=ok sync_exit=0 stage=task_conditioned_tuning_completed_with_winner next_action=done live_phase=unknown round3=done,done,done,done,done,done winner=true duration=61s
[2026-06-23 03:30:03] task_conditioned refresh start :: sync_timeout=240s
[2026-06-23 03:31:05] task_conditioned refresh sync :: status=ok exit=0
[2026-06-23 03:31:08] task_conditioned refresh complete :: sync=ok sync_exit=0 stage=task_conditioned_tuning_completed_with_winner next_action=done live_phase=unknown round3=done,done,done,done,done,done winner=true duration=65s
[2026-06-23 03:41:37] task_conditioned refresh start :: sync_timeout=240s
[2026-06-23 03:42:36] task_conditioned refresh sync :: status=ok exit=0
[2026-06-23 03:42:38] task_conditioned refresh complete :: sync=ok sync_exit=0 stage=task_conditioned_tuning_completed_with_winner next_action=done live_phase=unknown round3=done,done,done,done,done,done winner=true duration=61s
[2026-06-23 03:53:11] task_conditioned refresh start :: sync_timeout=240s
[2026-06-23 03:54:12] task_conditioned refresh sync :: status=ok exit=0
[2026-06-23 03:54:14] task_conditioned refresh complete :: sync=ok sync_exit=0 stage=task_conditioned_tuning_completed_with_winner next_action=done live_phase=unknown round3=done,done,done,done,done,done winner=true duration=63s
[2026-06-23 04:04:48] task_conditioned refresh start :: sync_timeout=240s
[2026-06-23 04:05:47] task_conditioned refresh sync :: status=ok exit=0
[2026-06-23 04:05:49] task_conditioned refresh complete :: sync=ok sync_exit=0 stage=task_conditioned_tuning_completed_with_winner next_action=done live_phase=unknown round3=done,done,done,done,done,done winner=true duration=61s
[2026-06-23 04:16:24] task_conditioned refresh start :: sync_timeout=240s
[2026-06-23 04:17:29] task_conditioned refresh sync :: status=ok exit=0
[2026-06-23 04:17:32] task_conditioned refresh complete :: sync=ok sync_exit=0 stage=task_conditioned_tuning_completed_with_winner next_action=done live_phase=unknown round3=done,done,done,done,done,done winner=true duration=68s
[2026-06-23 04:28:05] task_conditioned refresh start :: sync_timeout=240s
[2026-06-23 04:29:09] task_conditioned refresh sync :: status=ok exit=0
[2026-06-23 04:29:11] task_conditioned refresh complete :: sync=ok sync_exit=0 stage=task_conditioned_tuning_completed_with_winner next_action=done live_phase=unknown round3=done,done,done,done,done,done winner=true duration=66s
[2026-06-23 04:39:46] task_conditioned refresh start :: sync_timeout=240s
[2026-06-23 04:40:48] task_conditioned refresh sync :: status=ok exit=0
[2026-06-23 04:40:50] task_conditioned refresh complete :: sync=ok sync_exit=0 stage=task_conditioned_tuning_completed_with_winner next_action=done live_phase=unknown round3=done,done,done,done,done,done winner=true duration=64s
[2026-06-23 04:51:25] task_conditioned refresh start :: sync_timeout=240s
[2026-06-23 04:52:23] task_conditioned refresh sync :: status=ok exit=0
[2026-06-23 04:52:25] task_conditioned refresh complete :: sync=ok sync_exit=0 stage=task_conditioned_tuning_completed_with_winner next_action=done live_phase=unknown round3=done,done,done,done,done,done winner=true duration=60s
[2026-06-23 05:02:58] task_conditioned refresh start :: sync_timeout=240s
[2026-06-23 05:03:56] task_conditioned refresh sync :: status=ok exit=0
[2026-06-23 05:03:59] task_conditioned refresh complete :: sync=ok sync_exit=0 stage=task_conditioned_tuning_completed_with_winner next_action=done live_phase=unknown round3=done,done,done,done,done,done winner=true duration=61s
[2026-06-23 05:14:33] task_conditioned refresh start :: sync_timeout=240s
[2026-06-23 05:15:32] task_conditioned refresh sync :: status=ok exit=0
[2026-06-23 05:15:35] task_conditioned refresh complete :: sync=ok sync_exit=0 stage=task_conditioned_tuning_completed_with_winner next_action=done live_phase=unknown round3=done,done,done,done,done,done winner=true duration=62s
[2026-06-23 05:26:11] task_conditioned refresh start :: sync_timeout=240s
[2026-06-23 05:27:12] task_conditioned refresh sync :: status=ok exit=0
[2026-06-23 05:27:14] task_conditioned refresh complete :: sync=ok sync_exit=0 stage=task_conditioned_tuning_completed_with_winner next_action=done live_phase=unknown round3=done,done,done,done,done,done winner=true duration=63s
[2026-06-23 05:37:50] task_conditioned refresh start :: sync_timeout=240s
[2026-06-23 05:38:51] task_conditioned refresh sync :: status=ok exit=0
[2026-06-23 05:38:53] task_conditioned refresh complete :: sync=ok sync_exit=0 stage=task_conditioned_tuning_completed_with_winner next_action=done live_phase=unknown round3=done,done,done,done,done,done winner=true duration=63s
[2026-06-23 05:49:28] task_conditioned refresh start :: sync_timeout=240s
[2026-06-23 05:50:30] task_conditioned refresh sync :: status=ok exit=0
[2026-06-23 05:50:32] task_conditioned refresh complete :: sync=ok sync_exit=0 stage=task_conditioned_tuning_completed_with_winner next_action=done live_phase=unknown round3=done,done,done,done,done,done winner=true duration=64s
[2026-06-23 06:01:09] task_conditioned refresh start :: sync_timeout=240s
[2026-06-23 06:02:07] task_conditioned refresh sync :: status=ok exit=0
[2026-06-23 06:02:09] task_conditioned refresh complete :: sync=ok sync_exit=0 stage=task_conditioned_tuning_completed_with_winner next_action=done live_phase=unknown round3=done,done,done,done,done,done winner=true duration=60s
[2026-06-23 06:12:46] task_conditioned refresh start :: sync_timeout=240s
[2026-06-23 06:13:48] task_conditioned refresh sync :: status=ok exit=0
[2026-06-23 06:13:50] task_conditioned refresh complete :: sync=ok sync_exit=0 stage=task_conditioned_tuning_completed_with_winner next_action=done live_phase=unknown round3=done,done,done,done,done,done winner=true duration=64s
[2026-06-23 06:24:27] task_conditioned refresh start :: sync_timeout=240s
[2026-06-23 06:25:27] task_conditioned refresh sync :: status=ok exit=0
[2026-06-23 06:25:29] task_conditioned refresh complete :: sync=ok sync_exit=0 stage=task_conditioned_tuning_completed_with_winner next_action=done live_phase=unknown round3=done,done,done,done,done,done winner=true duration=62s
[2026-06-23 06:36:06] task_conditioned refresh start :: sync_timeout=240s
[2026-06-23 06:37:07] task_conditioned refresh sync :: status=ok exit=0
[2026-06-23 06:37:09] task_conditioned refresh complete :: sync=ok sync_exit=0 stage=task_conditioned_tuning_completed_with_winner next_action=done live_phase=unknown round3=done,done,done,done,done,done winner=true duration=63s
[2026-06-23 06:47:46] task_conditioned refresh start :: sync_timeout=240s
[2026-06-23 06:48:48] task_conditioned refresh sync :: status=ok exit=0
[2026-06-23 06:48:50] task_conditioned refresh complete :: sync=ok sync_exit=0 stage=task_conditioned_tuning_completed_with_winner next_action=done live_phase=unknown round3=done,done,done,done,done,done winner=true duration=64s
[2026-06-23 06:59:27] task_conditioned refresh start :: sync_timeout=240s
[2026-06-23 07:00:26] task_conditioned refresh sync :: status=ok exit=0
[2026-06-23 07:00:28] task_conditioned refresh complete :: sync=ok sync_exit=0 stage=task_conditioned_tuning_completed_with_winner next_action=done live_phase=unknown round3=done,done,done,done,done,done winner=true duration=61s
[2026-06-23 07:11:06] task_conditioned refresh start :: sync_timeout=240s
[2026-06-23 07:12:06] task_conditioned refresh sync :: status=ok exit=0
[2026-06-23 07:12:09] task_conditioned refresh complete :: sync=ok sync_exit=0 stage=task_conditioned_tuning_completed_with_winner next_action=done live_phase=unknown round3=done,done,done,done,done,done winner=true duration=63s
[2026-06-23 07:22:46] task_conditioned refresh start :: sync_timeout=240s
[2026-06-23 07:23:45] task_conditioned refresh sync :: status=ok exit=0
[2026-06-23 07:23:47] task_conditioned refresh complete :: sync=ok sync_exit=0 stage=task_conditioned_tuning_completed_with_winner next_action=done live_phase=unknown round3=done,done,done,done,done,done winner=true duration=61s
[2026-06-23 07:34:25] task_conditioned refresh start :: sync_timeout=240s
[2026-06-23 07:35:28] task_conditioned refresh sync :: status=ok exit=0
[2026-06-23 07:35:30] task_conditioned refresh complete :: sync=ok sync_exit=0 stage=task_conditioned_tuning_completed_with_winner next_action=done live_phase=unknown round3=done,done,done,done,done,done winner=true duration=65s
[2026-06-23 07:46:07] task_conditioned refresh start :: sync_timeout=240s
[2026-06-23 07:47:08] task_conditioned refresh sync :: status=ok exit=0
[2026-06-23 07:47:10] task_conditioned refresh complete :: sync=ok sync_exit=0 stage=task_conditioned_tuning_completed_with_winner next_action=done live_phase=unknown round3=done,done,done,done,done,done winner=true duration=63s
[2026-06-23 07:57:48] task_conditioned refresh start :: sync_timeout=240s
[2026-06-23 07:58:48] task_conditioned refresh sync :: status=ok exit=0
[2026-06-23 07:58:50] task_conditioned refresh complete :: sync=ok sync_exit=0 stage=task_conditioned_tuning_completed_with_winner next_action=done live_phase=unknown round3=done,done,done,done,done,done winner=true duration=62s
[2026-06-23 08:09:29] task_conditioned refresh start :: sync_timeout=240s
[2026-06-23 08:10:29] task_conditioned refresh sync :: status=ok exit=0
[2026-06-23 08:10:31] task_conditioned refresh complete :: sync=ok sync_exit=0 stage=task_conditioned_tuning_completed_with_winner next_action=done live_phase=unknown round3=done,done,done,done,done,done winner=true duration=62s
[2026-06-23 08:21:09] task_conditioned refresh start :: sync_timeout=240s
[2026-06-23 08:22:13] task_conditioned refresh sync :: status=ok exit=0
[2026-06-23 08:22:15] task_conditioned refresh complete :: sync=ok sync_exit=0 stage=task_conditioned_tuning_completed_with_winner next_action=done live_phase=unknown round3=done,done,done,done,done,done winner=true duration=66s
[2026-06-23 08:32:54] task_conditioned refresh start :: sync_timeout=240s
[2026-06-23 08:33:56] task_conditioned refresh sync :: status=ok exit=0
[2026-06-23 08:33:59] task_conditioned refresh complete :: sync=ok sync_exit=0 stage=task_conditioned_tuning_completed_with_winner next_action=done live_phase=unknown round3=done,done,done,done,done,done winner=true duration=65s
[2026-06-23 08:44:38] task_conditioned refresh start :: sync_timeout=240s
[2026-06-23 08:45:38] task_conditioned refresh sync :: status=ok exit=0
[2026-06-23 08:45:40] task_conditioned refresh complete :: sync=ok sync_exit=0 stage=task_conditioned_tuning_completed_with_winner next_action=done live_phase=unknown round3=done,done,done,done,done,done winner=true duration=62s
[2026-06-23 08:56:18] task_conditioned refresh start :: sync_timeout=240s
[2026-06-23 08:57:24] task_conditioned refresh sync :: status=ok exit=0
[2026-06-23 08:57:26] task_conditioned refresh complete :: sync=ok sync_exit=0 stage=task_conditioned_tuning_completed_with_winner next_action=done live_phase=unknown round3=done,done,done,done,done,done winner=true duration=68s
[2026-06-23 09:08:05] task_conditioned refresh start :: sync_timeout=240s
[2026-06-23 09:09:09] task_conditioned refresh sync :: status=ok exit=0
[2026-06-23 09:09:12] task_conditioned refresh complete :: sync=ok sync_exit=0 stage=task_conditioned_tuning_completed_with_winner next_action=done live_phase=unknown round3=done,done,done,done,done,done winner=true duration=67s
[2026-06-23 09:19:51] task_conditioned refresh start :: sync_timeout=240s
[2026-06-23 09:20:55] task_conditioned refresh sync :: status=ok exit=0
[2026-06-23 09:20:57] task_conditioned refresh complete :: sync=ok sync_exit=0 stage=task_conditioned_tuning_completed_with_winner next_action=done live_phase=unknown round3=done,done,done,done,done,done winner=true duration=66s
[2026-06-23 09:31:36] task_conditioned refresh start :: sync_timeout=240s
[2026-06-23 09:32:34] task_conditioned refresh sync :: status=ok exit=0
[2026-06-23 09:32:38] task_conditioned refresh complete :: sync=ok sync_exit=0 stage=task_conditioned_tuning_completed_with_winner next_action=done live_phase=unknown round3=done,done,done,done,done,done winner=true duration=62s
[2026-06-23 09:43:16] task_conditioned refresh start :: sync_timeout=240s
[2026-06-23 09:44:20] task_conditioned refresh sync :: status=ok exit=0
[2026-06-23 09:44:23] task_conditioned refresh complete :: sync=ok sync_exit=0 stage=task_conditioned_tuning_completed_with_winner next_action=done live_phase=unknown round3=done,done,done,done,done,done winner=true duration=67s
[2026-06-23 09:55:04] task_conditioned refresh start :: sync_timeout=240s
[2026-06-23 09:56:04] task_conditioned refresh sync :: status=ok exit=0
[2026-06-23 09:56:06] task_conditioned refresh complete :: sync=ok sync_exit=0 stage=task_conditioned_tuning_completed_with_winner next_action=done live_phase=unknown round3=done,done,done,done,done,done winner=true duration=62s
[2026-06-23 10:06:45] task_conditioned refresh start :: sync_timeout=240s
[2026-06-23 10:07:55] task_conditioned refresh sync :: status=ok exit=0
[2026-06-23 10:07:57] task_conditioned refresh complete :: sync=ok sync_exit=0 stage=task_conditioned_tuning_completed_with_winner next_action=done live_phase=unknown round3=done,done,done,done,done,done winner=true duration=72s
[2026-06-23 10:18:38] task_conditioned refresh start :: sync_timeout=240s
[2026-06-23 10:19:38] task_conditioned refresh sync :: status=ok exit=0
[2026-06-23 10:19:42] task_conditioned refresh complete :: sync=ok sync_exit=0 stage=task_conditioned_tuning_completed_with_winner next_action=done live_phase=unknown round3=done,done,done,done,done,done winner=true duration=64s
[2026-06-23 10:30:22] task_conditioned refresh start :: sync_timeout=240s
[2026-06-23 10:31:24] task_conditioned refresh sync :: status=ok exit=0
[2026-06-23 10:31:27] task_conditioned refresh complete :: sync=ok sync_exit=0 stage=task_conditioned_tuning_completed_with_winner next_action=done live_phase=unknown round3=done,done,done,done,done,done winner=true duration=65s
[2026-06-23 10:42:06] task_conditioned refresh start :: sync_timeout=240s
[2026-06-23 10:43:16] task_conditioned refresh sync :: status=ok exit=0
[2026-06-23 10:43:19] task_conditioned refresh complete :: sync=ok sync_exit=0 stage=task_conditioned_tuning_completed_with_winner next_action=done live_phase=unknown round3=done,done,done,done,done,done winner=true duration=73s
[2026-06-23 10:54:00] task_conditioned refresh start :: sync_timeout=240s
[2026-06-23 10:55:13] task_conditioned refresh sync :: status=ok exit=0
[2026-06-23 10:55:15] task_conditioned refresh complete :: sync=ok sync_exit=0 stage=task_conditioned_tuning_completed_with_winner next_action=done live_phase=unknown round3=done,done,done,done,done,done winner=true duration=75s
[2026-06-23 11:05:56] task_conditioned refresh start :: sync_timeout=240s
[2026-06-23 11:07:03] task_conditioned refresh sync :: status=ok exit=0
[2026-06-23 11:07:05] task_conditioned refresh complete :: sync=ok sync_exit=0 stage=task_conditioned_tuning_completed_with_winner next_action=done live_phase=unknown round3=done,done,done,done,done,done winner=true duration=69s
[2026-06-23 11:17:47] task_conditioned refresh start :: sync_timeout=240s
[2026-06-23 11:18:51] task_conditioned refresh sync :: status=ok exit=0
[2026-06-23 11:18:53] task_conditioned refresh complete :: sync=ok sync_exit=0 stage=task_conditioned_tuning_completed_with_winner next_action=done live_phase=unknown round3=done,done,done,done,done,done winner=true duration=66s
[2026-06-23 11:29:35] task_conditioned refresh start :: sync_timeout=240s
[2026-06-23 11:30:47] task_conditioned refresh sync :: status=ok exit=0
[2026-06-23 11:30:49] task_conditioned refresh complete :: sync=ok sync_exit=0 stage=task_conditioned_tuning_completed_with_winner next_action=done live_phase=unknown round3=done,done,done,done,done,done winner=true duration=74s
[2026-06-23 11:41:29] task_conditioned refresh start :: sync_timeout=240s
[2026-06-23 11:42:35] task_conditioned refresh sync :: status=ok exit=0
[2026-06-23 11:42:37] task_conditioned refresh complete :: sync=ok sync_exit=0 stage=task_conditioned_tuning_completed_with_winner next_action=done live_phase=unknown round3=done,done,done,done,done,done winner=true duration=68s
[2026-06-23 11:53:18] task_conditioned refresh start :: sync_timeout=240s
[2026-06-23 11:54:26] task_conditioned refresh sync :: status=ok exit=0
[2026-06-23 11:54:29] task_conditioned refresh complete :: sync=ok sync_exit=0 stage=task_conditioned_tuning_completed_with_winner next_action=done live_phase=unknown round3=done,done,done,done,done,done winner=true duration=71s
[2026-06-23 12:05:12] task_conditioned refresh start :: sync_timeout=240s
[2026-06-23 12:06:28] task_conditioned refresh sync :: status=ok exit=0
[2026-06-23 12:06:31] task_conditioned refresh complete :: sync=ok sync_exit=0 stage=task_conditioned_tuning_completed_with_winner next_action=done live_phase=unknown round3=done,done,done,done,done,done winner=true duration=79s
[2026-06-23 12:17:12] task_conditioned refresh start :: sync_timeout=240s
[2026-06-23 12:18:18] task_conditioned refresh sync :: status=ok exit=0
[2026-06-23 12:18:20] task_conditioned refresh complete :: sync=ok sync_exit=0 stage=task_conditioned_tuning_completed_with_winner next_action=done live_phase=unknown round3=done,done,done,done,done,done winner=true duration=68s
[2026-06-23 12:29:02] task_conditioned refresh start :: sync_timeout=240s
[2026-06-23 12:30:04] task_conditioned refresh sync :: status=ok exit=0
[2026-06-23 12:30:06] task_conditioned refresh complete :: sync=ok sync_exit=0 stage=task_conditioned_tuning_completed_with_winner next_action=done live_phase=unknown round3=done,done,done,done,done,done winner=true duration=64s
[2026-06-23 12:40:50] task_conditioned refresh start :: sync_timeout=240s
[2026-06-23 12:41:56] task_conditioned refresh sync :: status=ok exit=0
[2026-06-23 12:41:58] task_conditioned refresh complete :: sync=ok sync_exit=0 stage=task_conditioned_tuning_completed_with_winner next_action=done live_phase=unknown round3=done,done,done,done,done,done winner=true duration=68s
[2026-06-23 12:52:39] task_conditioned refresh start :: sync_timeout=240s
[2026-06-23 12:53:40] task_conditioned refresh sync :: status=ok exit=0
[2026-06-23 12:53:42] task_conditioned refresh complete :: sync=ok sync_exit=0 stage=task_conditioned_tuning_completed_with_winner next_action=done live_phase=unknown round3=done,done,done,done,done,done winner=true duration=63s
[2026-06-23 13:04:24] task_conditioned refresh start :: sync_timeout=240s
[2026-06-23 13:05:51] task_conditioned refresh sync :: status=ok exit=0
[2026-06-23 13:05:54] task_conditioned refresh complete :: sync=ok sync_exit=0 stage=task_conditioned_tuning_completed_with_winner next_action=done live_phase=unknown round3=done,done,done,done,done,done winner=true duration=90s
[2026-06-23 13:16:38] task_conditioned refresh start :: sync_timeout=240s
[2026-06-23 13:17:42] task_conditioned refresh sync :: status=ok exit=0
[2026-06-23 13:17:44] task_conditioned refresh complete :: sync=ok sync_exit=0 stage=task_conditioned_tuning_completed_with_winner next_action=done live_phase=unknown round3=done,done,done,done,done,done winner=true duration=66s
[2026-06-23 13:28:29] task_conditioned refresh start :: sync_timeout=240s
[2026-06-23 13:29:32] task_conditioned refresh sync :: status=ok exit=0
[2026-06-23 13:29:37] task_conditioned refresh complete :: sync=ok sync_exit=0 stage=task_conditioned_tuning_completed_with_winner next_action=done live_phase=unknown round3=done,done,done,done,done,done winner=true duration=68s
[2026-06-23 13:40:19] task_conditioned refresh start :: sync_timeout=240s
[2026-06-23 13:41:25] task_conditioned refresh sync :: status=ok exit=0
[2026-06-23 13:41:27] task_conditioned refresh complete :: sync=ok sync_exit=0 stage=task_conditioned_tuning_completed_with_winner next_action=done live_phase=unknown round3=done,done,done,done,done,done winner=true duration=68s
[2026-06-23 13:52:10] task_conditioned refresh start :: sync_timeout=240s
[2026-06-23 13:53:11] task_conditioned refresh sync :: status=ok exit=0
[2026-06-23 13:53:13] task_conditioned refresh complete :: sync=ok sync_exit=0 stage=task_conditioned_tuning_completed_with_winner next_action=done live_phase=unknown round3=done,done,done,done,done,done winner=true duration=63s
[2026-06-23 14:03:59] task_conditioned refresh start :: sync_timeout=240s
[2026-06-23 14:05:06] task_conditioned refresh sync :: status=ok exit=0
[2026-06-23 14:05:08] task_conditioned refresh complete :: sync=ok sync_exit=0 stage=task_conditioned_tuning_completed_with_winner next_action=done live_phase=unknown round3=done,done,done,done,done,done winner=true duration=69s
[2026-06-23 14:15:51] task_conditioned refresh start :: sync_timeout=240s
[2026-06-23 14:16:52] task_conditioned refresh sync :: status=ok exit=0
[2026-06-23 14:16:54] task_conditioned refresh complete :: sync=ok sync_exit=0 stage=task_conditioned_tuning_completed_with_winner next_action=done live_phase=unknown round3=done,done,done,done,done,done winner=true duration=63s
[2026-06-23 14:27:39] task_conditioned refresh start :: sync_timeout=240s
[2026-06-23 14:28:44] task_conditioned refresh sync :: status=ok exit=0
[2026-06-23 14:28:46] task_conditioned refresh complete :: sync=ok sync_exit=0 stage=task_conditioned_tuning_completed_with_winner next_action=done live_phase=unknown round3=done,done,done,done,done,done winner=true duration=67s
[2026-06-23 14:39:28] task_conditioned refresh start :: sync_timeout=240s
[2026-06-23 14:40:37] task_conditioned refresh sync :: status=ok exit=0
[2026-06-23 14:40:39] task_conditioned refresh complete :: sync=ok sync_exit=0 stage=task_conditioned_tuning_completed_with_winner next_action=done live_phase=unknown round3=done,done,done,done,done,done winner=true duration=71s
[2026-06-23 14:51:26] task_conditioned refresh start :: sync_timeout=240s
[2026-06-23 14:52:42] task_conditioned refresh sync :: status=ok exit=0
[2026-06-23 14:52:46] task_conditioned refresh complete :: sync=ok sync_exit=0 stage=task_conditioned_tuning_completed_with_winner next_action=done live_phase=unknown round3=done,done,done,done,done,done winner=true duration=80s
[2026-06-23 15:03:31] task_conditioned refresh start :: sync_timeout=240s
[2026-06-23 15:04:50] task_conditioned refresh sync :: status=ok exit=0
[2026-06-23 15:04:53] task_conditioned refresh complete :: sync=ok sync_exit=0 stage=task_conditioned_tuning_completed_with_winner next_action=done live_phase=unknown round3=done,done,done,done,done,done winner=true duration=82s
[2026-06-23 15:15:24] task_conditioned refresh start :: sync_timeout=240s
[2026-06-23 15:16:19] task_conditioned refresh sync :: status=ok exit=0
[2026-06-23 15:16:21] task_conditioned refresh complete :: sync=ok sync_exit=0 stage=task_conditioned_tuning_completed_with_winner next_action=done live_phase=unknown round3=done,done,done,done,done,done winner=true duration=57s
[2026-06-23 15:26:55] task_conditioned refresh start :: sync_timeout=240s
[2026-06-23 15:27:52] task_conditioned refresh sync :: status=ok exit=0
[2026-06-23 15:27:55] task_conditioned refresh complete :: sync=ok sync_exit=0 stage=task_conditioned_tuning_completed_with_winner next_action=done live_phase=unknown round3=done,done,done,done,done,done winner=true duration=60s
[2026-06-23 15:38:30] task_conditioned refresh start :: sync_timeout=240s
[2026-06-23 15:39:43] task_conditioned refresh sync :: status=ok exit=0
[2026-06-23 15:39:45] task_conditioned refresh complete :: sync=ok sync_exit=0 stage=task_conditioned_tuning_completed_with_winner next_action=done live_phase=unknown round3=done,done,done,done,done,done winner=true duration=75s
[2026-06-23 15:50:27] task_conditioned refresh start :: sync_timeout=240s
[2026-06-23 15:51:34] task_conditioned refresh sync :: status=ok exit=0
[2026-06-23 15:51:37] task_conditioned refresh complete :: sync=ok sync_exit=0 stage=task_conditioned_tuning_completed_with_winner next_action=done live_phase=unknown round3=done,done,done,done,done,done winner=true duration=70s
[2026-06-23 16:02:18] task_conditioned refresh start :: sync_timeout=240s
[2026-06-23 16:03:27] task_conditioned refresh sync :: status=ok exit=0
[2026-06-23 16:03:30] task_conditioned refresh complete :: sync=ok sync_exit=0 stage=task_conditioned_tuning_completed_with_winner next_action=done live_phase=unknown round3=done,done,done,done,done,done winner=true duration=72s
[2026-06-23 16:14:16] task_conditioned refresh start :: sync_timeout=240s
[2026-06-23 16:15:34] task_conditioned refresh sync :: status=ok exit=0
[2026-06-23 16:15:36] task_conditioned refresh complete :: sync=ok sync_exit=0 stage=task_conditioned_tuning_completed_with_winner next_action=done live_phase=unknown round3=done,done,done,done,done,done winner=true duration=80s
[2026-06-23 16:26:23] task_conditioned refresh start :: sync_timeout=240s
[2026-06-23 16:27:36] task_conditioned refresh sync :: status=ok exit=0
[2026-06-23 16:27:38] task_conditioned refresh complete :: sync=ok sync_exit=0 stage=task_conditioned_tuning_completed_with_winner next_action=done live_phase=unknown round3=done,done,done,done,done,done winner=true duration=75s
[2026-06-23 16:38:25] task_conditioned refresh start :: sync_timeout=240s
[2026-06-23 16:39:32] task_conditioned refresh sync :: status=ok exit=0
[2026-06-23 16:39:34] task_conditioned refresh complete :: sync=ok sync_exit=0 stage=task_conditioned_tuning_completed_with_winner next_action=done live_phase=unknown round3=done,done,done,done,done,done winner=true duration=69s
[2026-06-23 16:50:22] task_conditioned refresh start :: sync_timeout=240s
[2026-06-23 16:51:27] task_conditioned refresh sync :: status=ok exit=0
[2026-06-23 16:51:29] task_conditioned refresh complete :: sync=ok sync_exit=0 stage=task_conditioned_tuning_completed_with_winner next_action=done live_phase=unknown round3=done,done,done,done,done,done winner=true duration=67s
[2026-06-23 17:02:16] task_conditioned refresh start :: sync_timeout=240s
[2026-06-23 17:03:13] task_conditioned refresh sync :: status=ok exit=0
[2026-06-23 17:03:16] task_conditioned refresh complete :: sync=ok sync_exit=0 stage=task_conditioned_tuning_completed_with_winner next_action=done live_phase=unknown round3=done,done,done,done,done,done winner=true duration=60s
[2026-06-23 17:14:01] task_conditioned refresh start :: sync_timeout=240s
[2026-06-23 17:15:03] task_conditioned refresh sync :: status=ok exit=0
[2026-06-23 17:15:05] task_conditioned refresh complete :: sync=ok sync_exit=0 stage=task_conditioned_tuning_completed_with_winner next_action=done live_phase=unknown round3=done,done,done,done,done,done winner=true duration=64s
[2026-06-23 17:25:51] task_conditioned refresh start :: sync_timeout=240s
[2026-06-23 17:27:00] task_conditioned refresh sync :: status=ok exit=0
[2026-06-23 17:27:03] task_conditioned refresh complete :: sync=ok sync_exit=0 stage=task_conditioned_tuning_completed_with_winner next_action=done live_phase=unknown round3=done,done,done,done,done,done winner=true duration=72s
[2026-06-23 17:37:51] task_conditioned refresh start :: sync_timeout=240s
[2026-06-23 17:38:59] task_conditioned refresh sync :: status=ok exit=0
[2026-06-23 17:39:01] task_conditioned refresh complete :: sync=ok sync_exit=0 stage=task_conditioned_tuning_completed_with_winner next_action=done live_phase=unknown round3=done,done,done,done,done,done winner=true duration=70s
[2026-06-23 17:49:50] task_conditioned refresh start :: sync_timeout=240s
[2026-06-23 17:50:57] task_conditioned refresh sync :: status=ok exit=0
[2026-06-23 17:51:01] task_conditioned refresh complete :: sync=ok sync_exit=0 stage=task_conditioned_tuning_completed_with_winner next_action=done live_phase=unknown round3=done,done,done,done,done,done winner=true duration=71s
[2026-06-23 18:01:48] task_conditioned refresh start :: sync_timeout=240s
[2026-06-23 18:02:52] task_conditioned refresh sync :: status=ok exit=0
[2026-06-23 18:02:54] task_conditioned refresh complete :: sync=ok sync_exit=0 stage=task_conditioned_tuning_completed_with_winner next_action=done live_phase=unknown round3=done,done,done,done,done,done winner=true duration=66s
[2026-06-23 18:13:39] task_conditioned refresh start :: sync_timeout=240s
[2026-06-23 18:14:43] task_conditioned refresh sync :: status=ok exit=0
[2026-06-23 18:14:45] task_conditioned refresh complete :: sync=ok sync_exit=0 stage=task_conditioned_tuning_completed_with_winner next_action=done live_phase=unknown round3=done,done,done,done,done,done winner=true duration=66s
[2026-06-23 18:25:32] task_conditioned refresh start :: sync_timeout=240s
[2026-06-23 18:26:51] task_conditioned refresh sync :: status=ok exit=0
[2026-06-23 18:26:53] task_conditioned refresh complete :: sync=ok sync_exit=0 stage=task_conditioned_tuning_completed_with_winner next_action=done live_phase=unknown round3=done,done,done,done,done,done winner=true duration=81s
[2026-06-23 18:37:41] task_conditioned refresh start :: sync_timeout=240s
[2026-06-23 18:38:49] task_conditioned refresh sync :: status=ok exit=0
[2026-06-23 18:38:52] task_conditioned refresh complete :: sync=ok sync_exit=0 stage=task_conditioned_tuning_completed_with_winner next_action=done live_phase=unknown round3=done,done,done,done,done,done winner=true duration=71s
[2026-06-23 18:49:41] task_conditioned refresh start :: sync_timeout=240s
[2026-06-23 18:50:53] task_conditioned refresh sync :: status=ok exit=0
[2026-06-23 18:50:55] task_conditioned refresh complete :: sync=ok sync_exit=0 stage=task_conditioned_tuning_completed_with_winner next_action=done live_phase=unknown round3=done,done,done,done,done,done winner=true duration=74s
[2026-06-23 19:01:44] task_conditioned refresh start :: sync_timeout=240s
[2026-06-23 19:03:04] task_conditioned refresh sync :: status=ok exit=0
[2026-06-23 19:03:06] task_conditioned refresh complete :: sync=ok sync_exit=0 stage=task_conditioned_tuning_completed_with_winner next_action=done live_phase=unknown round3=done,done,done,done,done,done winner=true duration=82s
[2026-06-23 19:13:56] task_conditioned refresh start :: sync_timeout=240s
[2026-06-23 19:14:59] task_conditioned refresh sync :: status=ok exit=0
[2026-06-23 19:15:01] task_conditioned refresh complete :: sync=ok sync_exit=0 stage=task_conditioned_tuning_completed_with_winner next_action=done live_phase=unknown round3=done,done,done,done,done,done winner=true duration=65s
[2026-06-23 19:25:51] task_conditioned refresh start :: sync_timeout=240s
[2026-06-23 19:27:07] task_conditioned refresh sync :: status=ok exit=0
[2026-06-23 19:27:09] task_conditioned refresh complete :: sync=ok sync_exit=0 stage=task_conditioned_tuning_completed_with_winner next_action=done live_phase=unknown round3=done,done,done,done,done,done winner=true duration=78s
[2026-06-23 19:37:59] task_conditioned refresh start :: sync_timeout=240s
[2026-06-23 19:39:13] task_conditioned refresh sync :: status=ok exit=0
[2026-06-23 19:39:15] task_conditioned refresh complete :: sync=ok sync_exit=0 stage=task_conditioned_tuning_completed_with_winner next_action=done live_phase=unknown round3=done,done,done,done,done,done winner=true duration=76s
[2026-06-23 19:50:05] task_conditioned refresh start :: sync_timeout=240s
[2026-06-23 19:51:20] task_conditioned refresh sync :: status=ok exit=0
[2026-06-23 19:51:22] task_conditioned refresh complete :: sync=ok sync_exit=0 stage=task_conditioned_tuning_completed_with_winner next_action=done live_phase=unknown round3=done,done,done,done,done,done winner=true duration=77s
[2026-06-23 20:02:12] task_conditioned refresh start :: sync_timeout=240s
[2026-06-23 20:03:18] task_conditioned refresh sync :: status=ok exit=0
[2026-06-23 20:03:20] task_conditioned refresh complete :: sync=ok sync_exit=0 stage=task_conditioned_tuning_completed_with_winner next_action=done live_phase=unknown round3=done,done,done,done,done,done winner=true duration=68s
[2026-06-23 20:14:08] task_conditioned refresh start :: sync_timeout=240s
[2026-06-23 20:15:12] task_conditioned refresh sync :: status=ok exit=0
[2026-06-23 20:15:14] task_conditioned refresh complete :: sync=ok sync_exit=0 stage=task_conditioned_tuning_completed_with_winner next_action=done live_phase=unknown round3=done,done,done,done,done,done winner=true duration=66s
[2026-06-23 20:26:05] task_conditioned refresh start :: sync_timeout=240s
[2026-06-23 20:27:11] task_conditioned refresh sync :: status=ok exit=0
[2026-06-23 20:27:13] task_conditioned refresh complete :: sync=ok sync_exit=0 stage=task_conditioned_tuning_completed_with_winner next_action=done live_phase=unknown round3=done,done,done,done,done,done winner=true duration=68s
[2026-06-23 20:38:03] task_conditioned refresh start :: sync_timeout=240s
[2026-06-23 20:39:10] task_conditioned refresh sync :: status=ok exit=0
[2026-06-23 20:39:13] task_conditioned refresh complete :: sync=ok sync_exit=0 stage=task_conditioned_tuning_completed_with_winner next_action=done live_phase=unknown round3=done,done,done,done,done,done winner=true duration=70s
[2026-06-23 20:50:05] task_conditioned refresh start :: sync_timeout=240s
[2026-06-23 20:51:13] task_conditioned refresh sync :: status=ok exit=0
[2026-06-23 20:51:15] task_conditioned refresh complete :: sync=ok sync_exit=0 stage=task_conditioned_tuning_completed_with_winner next_action=done live_phase=unknown round3=done,done,done,done,done,done winner=true duration=70s
[2026-06-23 21:02:10] task_conditioned refresh start :: sync_timeout=240s
[2026-06-23 21:03:10] task_conditioned refresh sync :: status=ok exit=0
[2026-06-23 21:03:13] task_conditioned refresh complete :: sync=ok sync_exit=0 stage=task_conditioned_tuning_completed_with_winner next_action=done live_phase=unknown round3=done,done,done,done,done,done winner=true duration=63s
[2026-06-23 21:14:04] task_conditioned refresh start :: sync_timeout=240s
[2026-06-23 21:15:00] task_conditioned refresh sync :: status=ok exit=0
[2026-06-23 21:15:02] task_conditioned refresh complete :: sync=ok sync_exit=0 stage=task_conditioned_tuning_completed_with_winner next_action=done live_phase=unknown round3=done,done,done,done,done,done winner=true duration=58s
[2026-06-23 21:25:57] task_conditioned refresh start :: sync_timeout=240s
[2026-06-23 21:26:50] task_conditioned refresh sync :: status=ok exit=0
[2026-06-23 21:26:52] task_conditioned refresh complete :: sync=ok sync_exit=0 stage=task_conditioned_tuning_completed_with_winner next_action=done live_phase=unknown round3=done,done,done,done,done,done winner=true duration=55s
[2026-06-23 21:37:43] task_conditioned refresh start :: sync_timeout=240s
[2026-06-23 21:38:39] task_conditioned refresh sync :: status=ok exit=0
[2026-06-23 21:38:41] task_conditioned refresh complete :: sync=ok sync_exit=0 stage=task_conditioned_tuning_completed_with_winner next_action=done live_phase=unknown round3=done,done,done,done,done,done winner=true duration=58s
[2026-06-23 21:49:21] task_conditioned refresh start :: sync_timeout=240s
[2026-06-23 21:50:15] task_conditioned refresh sync :: status=ok exit=0
[2026-06-23 21:50:18] task_conditioned refresh complete :: sync=ok sync_exit=0 stage=task_conditioned_tuning_completed_with_winner next_action=done live_phase=unknown round3=done,done,done,done,done,done winner=true duration=57s
[2026-06-23 22:01:03] task_conditioned refresh start :: sync_timeout=240s
[2026-06-23 22:02:04] task_conditioned refresh sync :: status=ok exit=0
[2026-06-23 22:02:07] task_conditioned refresh complete :: sync=ok sync_exit=0 stage=task_conditioned_tuning_completed_with_winner next_action=done live_phase=unknown round3=done,done,done,done,done,done winner=true duration=64s
[2026-06-23 22:12:54] task_conditioned refresh start :: sync_timeout=240s
[2026-06-23 22:13:54] task_conditioned refresh sync :: status=ok exit=0
[2026-06-23 22:13:57] task_conditioned refresh complete :: sync=ok sync_exit=0 stage=task_conditioned_tuning_completed_with_winner next_action=done live_phase=unknown round3=done,done,done,done,done,done winner=true duration=63s
[2026-06-23 22:24:45] task_conditioned refresh start :: sync_timeout=240s
[2026-06-23 22:25:46] task_conditioned refresh sync :: status=ok exit=0
[2026-06-23 22:25:48] task_conditioned refresh complete :: sync=ok sync_exit=0 stage=task_conditioned_tuning_completed_with_winner next_action=done live_phase=unknown round3=done,done,done,done,done,done winner=true duration=63s
[2026-06-23 22:36:42] task_conditioned refresh start :: sync_timeout=240s
[2026-06-23 22:37:43] task_conditioned refresh sync :: status=ok exit=0
[2026-06-23 22:37:45] task_conditioned refresh complete :: sync=ok sync_exit=0 stage=task_conditioned_tuning_completed_with_winner next_action=done live_phase=unknown round3=done,done,done,done,done,done winner=true duration=63s
[2026-06-23 22:48:39] task_conditioned refresh start :: sync_timeout=240s
[2026-06-23 22:49:41] task_conditioned refresh sync :: status=ok exit=0
[2026-06-23 22:49:44] task_conditioned refresh complete :: sync=ok sync_exit=0 stage=task_conditioned_tuning_completed_with_winner next_action=done live_phase=unknown round3=done,done,done,done,done,done winner=true duration=65s
[2026-06-23 23:00:39] task_conditioned refresh start :: sync_timeout=240s
[2026-06-23 23:01:38] task_conditioned refresh sync :: status=ok exit=0
[2026-06-23 23:01:40] task_conditioned refresh complete :: sync=ok sync_exit=0 stage=task_conditioned_tuning_completed_with_winner next_action=done live_phase=unknown round3=done,done,done,done,done,done winner=true duration=61s
[2026-06-23 23:12:34] task_conditioned refresh start :: sync_timeout=240s
[2026-06-23 23:13:32] task_conditioned refresh sync :: status=ok exit=0
[2026-06-23 23:13:35] task_conditioned refresh complete :: sync=ok sync_exit=0 stage=task_conditioned_tuning_completed_with_winner next_action=done live_phase=unknown round3=done,done,done,done,done,done winner=true duration=61s
[2026-06-23 23:24:31] task_conditioned refresh start :: sync_timeout=240s
[2026-06-23 23:25:33] task_conditioned refresh sync :: status=ok exit=0
[2026-06-23 23:25:35] task_conditioned refresh complete :: sync=ok sync_exit=0 stage=task_conditioned_tuning_completed_with_winner next_action=done live_phase=unknown round3=done,done,done,done,done,done winner=true duration=64s
[2026-06-23 23:36:31] task_conditioned refresh start :: sync_timeout=240s
[2026-06-23 23:37:29] task_conditioned refresh sync :: status=ok exit=0
[2026-06-23 23:37:31] task_conditioned refresh complete :: sync=ok sync_exit=0 stage=task_conditioned_tuning_completed_with_winner next_action=done live_phase=unknown round3=done,done,done,done,done,done winner=true duration=60s
[2026-06-23 23:48:28] task_conditioned refresh start :: sync_timeout=240s
[2026-06-23 23:49:23] task_conditioned refresh sync :: status=ok exit=0
[2026-06-23 23:49:28] task_conditioned refresh complete :: sync=ok sync_exit=0 stage=task_conditioned_tuning_completed_with_winner next_action=done live_phase=unknown round3=done,done,done,done,done,done winner=true duration=60s
[2026-06-24 00:00:21] task_conditioned refresh start :: sync_timeout=240s
[2026-06-24 00:01:19] task_conditioned refresh sync :: status=ok exit=0
[2026-06-24 00:01:21] task_conditioned refresh complete :: sync=ok sync_exit=0 stage=task_conditioned_tuning_completed_with_winner next_action=done live_phase=unknown round3=done,done,done,done,done,done winner=true duration=60s
[2026-06-24 00:12:16] task_conditioned refresh start :: sync_timeout=240s
[2026-06-24 00:13:19] task_conditioned refresh sync :: status=ok exit=0
[2026-06-24 00:13:21] task_conditioned refresh complete :: sync=ok sync_exit=0 stage=task_conditioned_tuning_completed_with_winner next_action=done live_phase=unknown round3=done,done,done,done,done,done winner=true duration=65s
[2026-06-24 00:24:15] task_conditioned refresh start :: sync_timeout=240s
[2026-06-24 00:25:09] task_conditioned refresh sync :: status=ok exit=0
[2026-06-24 00:25:11] task_conditioned refresh complete :: sync=ok sync_exit=0 stage=task_conditioned_tuning_completed_with_winner next_action=done live_phase=unknown round3=done,done,done,done,done,done winner=true duration=56s
[2026-06-24 00:36:08] task_conditioned refresh start :: sync_timeout=240s
[2026-06-24 00:37:00] task_conditioned refresh sync :: status=ok exit=0
[2026-06-24 00:37:02] task_conditioned refresh complete :: sync=ok sync_exit=0 stage=task_conditioned_tuning_completed_with_winner next_action=done live_phase=unknown round3=done,done,done,done,done,done winner=true duration=54s
[2026-06-24 00:48:00] task_conditioned refresh start :: sync_timeout=240s
[2026-06-24 00:48:53] task_conditioned refresh sync :: status=ok exit=0
[2026-06-24 00:48:55] task_conditioned refresh complete :: sync=ok sync_exit=0 stage=task_conditioned_tuning_completed_with_winner next_action=done live_phase=unknown round3=done,done,done,done,done,done winner=true duration=55s
[2026-06-24 00:59:53] task_conditioned refresh start :: sync_timeout=240s
[2026-06-24 01:00:47] task_conditioned refresh sync :: status=ok exit=0
[2026-06-24 01:00:49] task_conditioned refresh complete :: sync=ok sync_exit=0 stage=task_conditioned_tuning_completed_with_winner next_action=done live_phase=unknown round3=done,done,done,done,done,done winner=true duration=56s
[2026-06-24 01:11:48] task_conditioned refresh start :: sync_timeout=240s
[2026-06-24 01:12:38] task_conditioned refresh sync :: status=ok exit=0
[2026-06-24 01:12:40] task_conditioned refresh complete :: sync=ok sync_exit=0 stage=task_conditioned_tuning_completed_with_winner next_action=done live_phase=unknown round3=done,done,done,done,done,done winner=true duration=52s
[2026-06-24 01:23:40] task_conditioned refresh start :: sync_timeout=240s
[2026-06-24 01:24:33] task_conditioned refresh sync :: status=ok exit=0
[2026-06-24 01:24:36] task_conditioned refresh complete :: sync=ok sync_exit=0 stage=task_conditioned_tuning_completed_with_winner next_action=done live_phase=unknown round3=done,done,done,done,done,done winner=true duration=56s
[2026-06-24 01:35:35] task_conditioned refresh start :: sync_timeout=240s
[2026-06-24 01:36:26] task_conditioned refresh sync :: status=ok exit=0
[2026-06-24 01:36:28] task_conditioned refresh complete :: sync=ok sync_exit=0 stage=task_conditioned_tuning_completed_with_winner next_action=done live_phase=unknown round3=done,done,done,done,done,done winner=true duration=53s
[2026-06-24 01:47:08] task_conditioned refresh start :: sync_timeout=240s
[2026-06-24 01:47:59] task_conditioned refresh sync :: status=ok exit=0
[2026-06-24 01:48:01] task_conditioned refresh complete :: sync=ok sync_exit=0 stage=task_conditioned_tuning_completed_with_winner next_action=done live_phase=unknown round3=done,done,done,done,done,done winner=true duration=53s
[2026-06-24 01:58:12] task_conditioned refresh start :: sync_timeout=240s
[2026-06-24 01:59:04] task_conditioned refresh sync :: status=ok exit=0
[2026-06-24 01:59:06] task_conditioned refresh complete :: sync=ok sync_exit=0 stage=task_conditioned_tuning_completed_with_winner next_action=done live_phase=unknown round3=done,done,done,done,done,done winner=true duration=54s
[2026-06-24 02:09:14] task_conditioned refresh start :: sync_timeout=240s
[2026-06-24 02:10:05] task_conditioned refresh sync :: status=ok exit=0
[2026-06-24 02:10:07] task_conditioned refresh complete :: sync=ok sync_exit=0 stage=task_conditioned_tuning_completed_with_winner next_action=done live_phase=unknown round3=done,done,done,done,done,done winner=true duration=53s
[2026-06-24 02:20:15] task_conditioned refresh start :: sync_timeout=240s
[2026-06-24 02:21:06] task_conditioned refresh sync :: status=ok exit=0
[2026-06-24 02:21:08] task_conditioned refresh complete :: sync=ok sync_exit=0 stage=task_conditioned_tuning_completed_with_winner next_action=done live_phase=unknown round3=done,done,done,done,done,done winner=true duration=53s
[2026-06-24 02:31:16] task_conditioned refresh start :: sync_timeout=240s
[2026-06-24 02:32:07] task_conditioned refresh sync :: status=ok exit=0
[2026-06-24 02:32:09] task_conditioned refresh complete :: sync=ok sync_exit=0 stage=task_conditioned_tuning_completed_with_winner next_action=done live_phase=unknown round3=done,done,done,done,done,done winner=true duration=53s
[2026-06-24 02:42:16] task_conditioned refresh start :: sync_timeout=240s
[2026-06-24 02:43:07] task_conditioned refresh sync :: status=ok exit=0
[2026-06-24 02:43:10] task_conditioned refresh complete :: sync=ok sync_exit=0 stage=task_conditioned_tuning_completed_with_winner next_action=done live_phase=unknown round3=done,done,done,done,done,done winner=true duration=54s
[2026-06-24 02:53:17] task_conditioned refresh start :: sync_timeout=240s
[2026-06-24 02:54:08] task_conditioned refresh sync :: status=ok exit=0
[2026-06-24 02:54:10] task_conditioned refresh complete :: sync=ok sync_exit=0 stage=task_conditioned_tuning_completed_with_winner next_action=done live_phase=unknown round3=done,done,done,done,done,done winner=true duration=53s
[2026-06-24 03:04:18] task_conditioned refresh start :: sync_timeout=240s
[2026-06-24 03:05:08] task_conditioned refresh sync :: status=ok exit=0
[2026-06-24 03:05:11] task_conditioned refresh complete :: sync=ok sync_exit=0 stage=task_conditioned_tuning_completed_with_winner next_action=done live_phase=unknown round3=done,done,done,done,done,done winner=true duration=54s
[2026-06-24 03:15:18] task_conditioned refresh start :: sync_timeout=240s
[2026-06-24 03:16:09] task_conditioned refresh sync :: status=ok exit=0
[2026-06-24 03:16:11] task_conditioned refresh complete :: sync=ok sync_exit=0 stage=task_conditioned_tuning_completed_with_winner next_action=done live_phase=unknown round3=done,done,done,done,done,done winner=true duration=53s
[2026-06-24 03:26:19] task_conditioned refresh start :: sync_timeout=240s
[2026-06-24 03:27:09] task_conditioned refresh sync :: status=ok exit=0
[2026-06-24 03:27:12] task_conditioned refresh complete :: sync=ok sync_exit=0 stage=task_conditioned_tuning_completed_with_winner next_action=done live_phase=unknown round3=done,done,done,done,done,done winner=true duration=53s
[2026-06-24 03:37:19] task_conditioned refresh start :: sync_timeout=240s
[2026-06-24 03:38:10] task_conditioned refresh sync :: status=ok exit=0
[2026-06-24 03:38:13] task_conditioned refresh complete :: sync=ok sync_exit=0 stage=task_conditioned_tuning_completed_with_winner next_action=done live_phase=unknown round3=done,done,done,done,done,done winner=true duration=54s
[2026-06-24 03:48:20] task_conditioned refresh start :: sync_timeout=240s
[2026-06-24 03:49:11] task_conditioned refresh sync :: status=ok exit=0
[2026-06-24 03:49:13] task_conditioned refresh complete :: sync=ok sync_exit=0 stage=task_conditioned_tuning_completed_with_winner next_action=done live_phase=unknown round3=done,done,done,done,done,done winner=true duration=53s
[2026-06-24 03:59:21] task_conditioned refresh start :: sync_timeout=240s
[2026-06-24 04:00:11] task_conditioned refresh sync :: status=ok exit=0
[2026-06-24 04:00:13] task_conditioned refresh complete :: sync=ok sync_exit=0 stage=task_conditioned_tuning_completed_with_winner next_action=done live_phase=unknown round3=done,done,done,done,done,done winner=true duration=52s
[2026-06-24 04:10:21] task_conditioned refresh start :: sync_timeout=240s
[2026-06-24 04:11:11] task_conditioned refresh sync :: status=ok exit=0
[2026-06-24 04:11:14] task_conditioned refresh complete :: sync=ok sync_exit=0 stage=task_conditioned_tuning_completed_with_winner next_action=done live_phase=unknown round3=done,done,done,done,done,done winner=true duration=53s
[2026-06-24 04:21:21] task_conditioned refresh start :: sync_timeout=240s
[2026-06-24 04:22:12] task_conditioned refresh sync :: status=ok exit=0
[2026-06-24 04:22:14] task_conditioned refresh complete :: sync=ok sync_exit=0 stage=task_conditioned_tuning_completed_with_winner next_action=done live_phase=unknown round3=done,done,done,done,done,done winner=true duration=53s
[2026-06-24 04:32:22] task_conditioned refresh start :: sync_timeout=240s
[2026-06-24 04:33:13] task_conditioned refresh sync :: status=ok exit=0
[2026-06-24 04:33:15] task_conditioned refresh complete :: sync=ok sync_exit=0 stage=task_conditioned_tuning_completed_with_winner next_action=done live_phase=unknown round3=done,done,done,done,done,done winner=true duration=53s
[2026-06-24 04:43:22] task_conditioned refresh start :: sync_timeout=240s
[2026-06-24 04:44:13] task_conditioned refresh sync :: status=ok exit=0
[2026-06-24 04:44:16] task_conditioned refresh complete :: sync=ok sync_exit=0 stage=task_conditioned_tuning_completed_with_winner next_action=done live_phase=unknown round3=done,done,done,done,done,done winner=true duration=54s
[2026-06-24 04:54:23] task_conditioned refresh start :: sync_timeout=240s
[2026-06-24 04:55:14] task_conditioned refresh sync :: status=ok exit=0
[2026-06-24 04:55:16] task_conditioned refresh complete :: sync=ok sync_exit=0 stage=task_conditioned_tuning_completed_with_winner next_action=done live_phase=unknown round3=done,done,done,done,done,done winner=true duration=53s
[2026-06-24 05:05:24] task_conditioned refresh start :: sync_timeout=240s
[2026-06-24 05:06:14] task_conditioned refresh sync :: status=ok exit=0
[2026-06-24 05:06:17] task_conditioned refresh complete :: sync=ok sync_exit=0 stage=task_conditioned_tuning_completed_with_winner next_action=done live_phase=unknown round3=done,done,done,done,done,done winner=true duration=53s
[2026-06-24 05:16:24] task_conditioned refresh start :: sync_timeout=240s
[2026-06-24 05:17:15] task_conditioned refresh sync :: status=ok exit=0
[2026-06-24 05:17:17] task_conditioned refresh complete :: sync=ok sync_exit=0 stage=task_conditioned_tuning_completed_with_winner next_action=done live_phase=unknown round3=done,done,done,done,done,done winner=true duration=53s
[2026-06-24 05:27:24] task_conditioned refresh start :: sync_timeout=240s
[2026-06-24 05:28:15] task_conditioned refresh sync :: status=ok exit=0
[2026-06-24 05:28:17] task_conditioned refresh complete :: sync=ok sync_exit=0 stage=task_conditioned_tuning_completed_with_winner next_action=done live_phase=unknown round3=done,done,done,done,done,done winner=true duration=53s
[2026-06-24 05:38:25] task_conditioned refresh start :: sync_timeout=240s
[2026-06-24 05:39:16] task_conditioned refresh sync :: status=ok exit=0
[2026-06-24 05:39:18] task_conditioned refresh complete :: sync=ok sync_exit=0 stage=task_conditioned_tuning_completed_with_winner next_action=done live_phase=unknown round3=done,done,done,done,done,done winner=true duration=53s
[2026-06-24 05:49:26] task_conditioned refresh start :: sync_timeout=240s
[2026-06-24 05:50:16] task_conditioned refresh sync :: status=ok exit=0
[2026-06-24 05:50:19] task_conditioned refresh complete :: sync=ok sync_exit=0 stage=task_conditioned_tuning_completed_with_winner next_action=done live_phase=unknown round3=done,done,done,done,done,done winner=true duration=53s
[2026-06-24 06:00:26] task_conditioned refresh start :: sync_timeout=240s
[2026-06-24 06:01:18] task_conditioned refresh sync :: status=ok exit=0
[2026-06-24 06:01:20] task_conditioned refresh complete :: sync=ok sync_exit=0 stage=task_conditioned_tuning_completed_with_winner next_action=done live_phase=unknown round3=done,done,done,done,done,done winner=true duration=54s
[2026-06-24 06:11:28] task_conditioned refresh start :: sync_timeout=240s
[2026-06-24 06:12:19] task_conditioned refresh sync :: status=ok exit=0
[2026-06-24 06:12:21] task_conditioned refresh complete :: sync=ok sync_exit=0 stage=task_conditioned_tuning_completed_with_winner next_action=done live_phase=unknown round3=done,done,done,done,done,done winner=true duration=53s
[2026-06-24 06:22:29] task_conditioned refresh start :: sync_timeout=240s
[2026-06-24 06:23:19] task_conditioned refresh sync :: status=ok exit=0
[2026-06-24 06:23:21] task_conditioned refresh complete :: sync=ok sync_exit=0 stage=task_conditioned_tuning_completed_with_winner next_action=done live_phase=unknown round3=done,done,done,done,done,done winner=true duration=52s
[2026-06-24 06:33:29] task_conditioned refresh start :: sync_timeout=240s
[2026-06-24 06:34:19] task_conditioned refresh sync :: status=ok exit=0
[2026-06-24 06:34:22] task_conditioned refresh complete :: sync=ok sync_exit=0 stage=task_conditioned_tuning_completed_with_winner next_action=done live_phase=unknown round3=done,done,done,done,done,done winner=true duration=53s
[2026-06-24 06:44:29] task_conditioned refresh start :: sync_timeout=240s
[2026-06-24 06:45:21] task_conditioned refresh sync :: status=ok exit=0
[2026-06-24 06:45:23] task_conditioned refresh complete :: sync=ok sync_exit=0 stage=task_conditioned_tuning_completed_with_winner next_action=done live_phase=unknown round3=done,done,done,done,done,done winner=true duration=54s
[2026-06-24 06:55:30] task_conditioned refresh start :: sync_timeout=240s
[2026-06-24 06:56:21] task_conditioned refresh sync :: status=ok exit=0
[2026-06-24 06:56:23] task_conditioned refresh complete :: sync=ok sync_exit=0 stage=task_conditioned_tuning_completed_with_winner next_action=done live_phase=unknown round3=done,done,done,done,done,done winner=true duration=53s
[2026-06-24 07:06:30] task_conditioned refresh start :: sync_timeout=240s
[2026-06-24 07:07:22] task_conditioned refresh sync :: status=ok exit=0
[2026-06-24 07:07:24] task_conditioned refresh complete :: sync=ok sync_exit=0 stage=task_conditioned_tuning_completed_with_winner next_action=done live_phase=unknown round3=done,done,done,done,done,done winner=true duration=54s
[2026-06-24 07:17:32] task_conditioned refresh start :: sync_timeout=240s
[2026-06-24 07:18:23] task_conditioned refresh sync :: status=ok exit=0
[2026-06-24 07:18:25] task_conditioned refresh complete :: sync=ok sync_exit=0 stage=task_conditioned_tuning_completed_with_winner next_action=done live_phase=unknown round3=done,done,done,done,done,done winner=true duration=53s
[2026-06-24 07:28:33] task_conditioned refresh start :: sync_timeout=240s
[2026-06-24 07:29:23] task_conditioned refresh sync :: status=ok exit=0
[2026-06-24 07:29:26] task_conditioned refresh complete :: sync=ok sync_exit=0 stage=task_conditioned_tuning_completed_with_winner next_action=done live_phase=unknown round3=done,done,done,done,done,done winner=true duration=53s
[2026-06-24 07:39:33] task_conditioned refresh start :: sync_timeout=240s
[2026-06-24 07:40:25] task_conditioned refresh sync :: status=ok exit=0
[2026-06-24 07:40:27] task_conditioned refresh complete :: sync=ok sync_exit=0 stage=task_conditioned_tuning_completed_with_winner next_action=done live_phase=unknown round3=done,done,done,done,done,done winner=true duration=54s
[2026-06-24 07:50:34] task_conditioned refresh start :: sync_timeout=240s
[2026-06-24 07:51:26] task_conditioned refresh sync :: status=ok exit=0
[2026-06-24 07:51:29] task_conditioned refresh complete :: sync=ok sync_exit=0 stage=task_conditioned_tuning_completed_with_winner next_action=done live_phase=unknown round3=done,done,done,done,done,done winner=true duration=55s
[2026-06-24 08:01:36] task_conditioned refresh start :: sync_timeout=240s
[2026-06-24 08:02:28] task_conditioned refresh sync :: status=ok exit=0
[2026-06-24 08:02:30] task_conditioned refresh complete :: sync=ok sync_exit=0 stage=task_conditioned_tuning_completed_with_winner next_action=done live_phase=unknown round3=done,done,done,done,done,done winner=true duration=54s
[2026-06-24 08:12:37] task_conditioned refresh start :: sync_timeout=240s
[2026-06-24 08:13:28] task_conditioned refresh sync :: status=ok exit=0
[2026-06-24 08:13:31] task_conditioned refresh complete :: sync=ok sync_exit=0 stage=task_conditioned_tuning_completed_with_winner next_action=done live_phase=unknown round3=done,done,done,done,done,done winner=true duration=54s
[2026-06-24 08:23:38] task_conditioned refresh start :: sync_timeout=240s
[2026-06-24 08:24:30] task_conditioned refresh sync :: status=ok exit=0
[2026-06-24 08:24:32] task_conditioned refresh complete :: sync=ok sync_exit=0 stage=task_conditioned_tuning_completed_with_winner next_action=done live_phase=unknown round3=done,done,done,done,done,done winner=true duration=54s
[2026-06-24 08:34:39] task_conditioned refresh start :: sync_timeout=240s
[2026-06-24 08:35:31] task_conditioned refresh sync :: status=ok exit=0
[2026-06-24 08:35:34] task_conditioned refresh complete :: sync=ok sync_exit=0 stage=task_conditioned_tuning_completed_with_winner next_action=done live_phase=unknown round3=done,done,done,done,done,done winner=true duration=55s
[2026-06-24 08:45:41] task_conditioned refresh start :: sync_timeout=240s
[2026-06-24 08:46:32] task_conditioned refresh sync :: status=ok exit=0
[2026-06-24 08:46:35] task_conditioned refresh complete :: sync=ok sync_exit=0 stage=task_conditioned_tuning_completed_with_winner next_action=done live_phase=unknown round3=done,done,done,done,done,done winner=true duration=54s
[2026-06-24 08:56:42] task_conditioned refresh start :: sync_timeout=240s
[2026-06-24 08:57:36] task_conditioned refresh sync :: status=ok exit=0
[2026-06-24 08:57:38] task_conditioned refresh complete :: sync=ok sync_exit=0 stage=task_conditioned_tuning_completed_with_winner next_action=done live_phase=unknown round3=done,done,done,done,done,done winner=true duration=56s
[2026-06-24 09:07:45] task_conditioned refresh start :: sync_timeout=240s
[2026-06-24 09:08:40] task_conditioned refresh sync :: status=ok exit=0
[2026-06-24 09:08:43] task_conditioned refresh complete :: sync=ok sync_exit=0 stage=task_conditioned_tuning_completed_with_winner next_action=done live_phase=unknown round3=done,done,done,done,done,done winner=true duration=58s
[2026-06-24 09:18:50] task_conditioned refresh start :: sync_timeout=240s
[2026-06-24 09:19:45] task_conditioned refresh sync :: status=ok exit=0
[2026-06-24 09:19:48] task_conditioned refresh complete :: sync=ok sync_exit=0 stage=task_conditioned_tuning_completed_with_winner next_action=done live_phase=unknown round3=done,done,done,done,done,done winner=true duration=58s
[2026-06-24 09:29:55] task_conditioned refresh start :: sync_timeout=240s
[2026-06-24 09:30:50] task_conditioned refresh sync :: status=ok exit=0
[2026-06-24 09:30:52] task_conditioned refresh complete :: sync=ok sync_exit=0 stage=task_conditioned_tuning_completed_with_winner next_action=done live_phase=unknown round3=done,done,done,done,done,done winner=true duration=57s
[2026-06-24 09:41:00] task_conditioned refresh start :: sync_timeout=240s
[2026-06-24 09:41:52] task_conditioned refresh sync :: status=ok exit=0
[2026-06-24 09:41:55] task_conditioned refresh complete :: sync=ok sync_exit=0 stage=task_conditioned_tuning_completed_with_winner next_action=done live_phase=unknown round3=done,done,done,done,done,done winner=true duration=55s
[2026-06-24 09:52:02] task_conditioned refresh start :: sync_timeout=240s
[2026-06-24 09:52:54] task_conditioned refresh sync :: status=ok exit=0
[2026-06-24 09:52:57] task_conditioned refresh complete :: sync=ok sync_exit=0 stage=task_conditioned_tuning_completed_with_winner next_action=done live_phase=unknown round3=done,done,done,done,done,done winner=true duration=55s
[2026-06-24 10:03:04] task_conditioned refresh start :: sync_timeout=240s
[2026-06-24 10:03:57] task_conditioned refresh sync :: status=ok exit=0
[2026-06-24 10:04:00] task_conditioned refresh complete :: sync=ok sync_exit=0 stage=task_conditioned_tuning_completed_with_winner next_action=done live_phase=unknown round3=done,done,done,done,done,done winner=true duration=56s
[2026-06-24 10:14:07] task_conditioned refresh start :: sync_timeout=240s
[2026-06-24 10:14:59] task_conditioned refresh sync :: status=ok exit=0
[2026-06-24 10:15:02] task_conditioned refresh complete :: sync=ok sync_exit=0 stage=task_conditioned_tuning_completed_with_winner next_action=done live_phase=unknown round3=done,done,done,done,done,done winner=true duration=55s
[2026-06-24 10:25:09] task_conditioned refresh start :: sync_timeout=240s
[2026-06-24 10:26:04] task_conditioned refresh sync :: status=ok exit=0
[2026-06-24 10:26:07] task_conditioned refresh complete :: sync=ok sync_exit=0 stage=task_conditioned_tuning_completed_with_winner next_action=done live_phase=unknown round3=done,done,done,done,done,done winner=true duration=58s
[2026-06-24 10:36:14] task_conditioned refresh start :: sync_timeout=240s
[2026-06-24 10:37:12] task_conditioned refresh sync :: status=ok exit=0
[2026-06-24 10:37:15] task_conditioned refresh complete :: sync=ok sync_exit=0 stage=task_conditioned_tuning_completed_with_winner next_action=done live_phase=unknown round3=done,done,done,done,done,done winner=true duration=61s
[2026-06-24 10:47:22] task_conditioned refresh start :: sync_timeout=240s
[2026-06-24 10:48:16] task_conditioned refresh sync :: status=ok exit=0
[2026-06-24 10:48:18] task_conditioned refresh complete :: sync=ok sync_exit=0 stage=task_conditioned_tuning_completed_with_winner next_action=done live_phase=unknown round3=done,done,done,done,done,done winner=true duration=56s
[2026-06-24 10:58:25] task_conditioned refresh start :: sync_timeout=240s
[2026-06-24 10:59:20] task_conditioned refresh sync :: status=ok exit=0
[2026-06-24 10:59:23] task_conditioned refresh complete :: sync=ok sync_exit=0 stage=task_conditioned_tuning_completed_with_winner next_action=done live_phase=unknown round3=done,done,done,done,done,done winner=true duration=58s
[2026-06-24 11:09:30] task_conditioned refresh start :: sync_timeout=240s
[2026-06-24 11:10:25] task_conditioned refresh sync :: status=ok exit=0
[2026-06-24 11:10:28] task_conditioned refresh complete :: sync=ok sync_exit=0 stage=task_conditioned_tuning_completed_with_winner next_action=done live_phase=unknown round3=done,done,done,done,done,done winner=true duration=58s
[2026-06-24 11:20:35] task_conditioned refresh start :: sync_timeout=240s
[2026-06-24 11:21:31] task_conditioned refresh sync :: status=ok exit=0
[2026-06-24 11:21:34] task_conditioned refresh complete :: sync=ok sync_exit=0 stage=task_conditioned_tuning_completed_with_winner next_action=done live_phase=unknown round3=done,done,done,done,done,done winner=true duration=59s
[2026-06-24 11:31:41] task_conditioned refresh start :: sync_timeout=240s
[2026-06-24 11:32:42] task_conditioned refresh sync :: status=ok exit=0
[2026-06-24 11:32:44] task_conditioned refresh complete :: sync=ok sync_exit=0 stage=task_conditioned_tuning_completed_with_winner next_action=done live_phase=unknown round3=done,done,done,done,done,done winner=true duration=63s
[2026-06-24 11:42:52] task_conditioned refresh start :: sync_timeout=240s
[2026-06-24 11:43:46] task_conditioned refresh sync :: status=ok exit=0
[2026-06-24 11:43:49] task_conditioned refresh complete :: sync=ok sync_exit=0 stage=task_conditioned_tuning_completed_with_winner next_action=done live_phase=unknown round3=done,done,done,done,done,done winner=true duration=57s
[2026-06-24 11:53:56] task_conditioned refresh start :: sync_timeout=240s
[2026-06-24 11:54:49] task_conditioned refresh sync :: status=ok exit=0
[2026-06-24 11:54:51] task_conditioned refresh complete :: sync=ok sync_exit=0 stage=task_conditioned_tuning_completed_with_winner next_action=done live_phase=unknown round3=done,done,done,done,done,done winner=true duration=55s
[2026-06-24 12:04:59] task_conditioned refresh start :: sync_timeout=240s
[2026-06-24 12:05:50] task_conditioned refresh sync :: status=ok exit=0
[2026-06-24 12:05:52] task_conditioned refresh complete :: sync=ok sync_exit=0 stage=task_conditioned_tuning_completed_with_winner next_action=done live_phase=unknown round3=done,done,done,done,done,done winner=true duration=53s
[2026-06-24 12:16:00] task_conditioned refresh start :: sync_timeout=240s
[2026-06-24 12:16:51] task_conditioned refresh sync :: status=ok exit=0
[2026-06-24 12:16:53] task_conditioned refresh complete :: sync=ok sync_exit=0 stage=task_conditioned_tuning_completed_with_winner next_action=done live_phase=unknown round3=done,done,done,done,done,done winner=true duration=53s
[2026-06-24 12:27:01] task_conditioned refresh start :: sync_timeout=240s
[2026-06-24 12:27:52] task_conditioned refresh sync :: status=ok exit=0
[2026-06-24 12:27:55] task_conditioned refresh complete :: sync=ok sync_exit=0 stage=task_conditioned_tuning_completed_with_winner next_action=done live_phase=unknown round3=done,done,done,done,done,done winner=true duration=54s
[2026-06-24 12:38:06] task_conditioned refresh start :: sync_timeout=240s
[2026-06-24 12:38:57] task_conditioned refresh sync :: status=ok exit=0
[2026-06-24 12:38:59] task_conditioned refresh complete :: sync=ok sync_exit=0 stage=task_conditioned_tuning_completed_with_winner next_action=done live_phase=unknown round3=done,done,done,done,done,done winner=true duration=53s
[2026-06-24 12:49:15] task_conditioned refresh start :: sync_timeout=240s
[2026-06-24 12:50:05] task_conditioned refresh sync :: status=ok exit=0
[2026-06-24 12:50:08] task_conditioned refresh complete :: sync=ok sync_exit=0 stage=task_conditioned_tuning_completed_with_winner next_action=done live_phase=unknown round3=done,done,done,done,done,done winner=true duration=53s
[2026-06-24 13:00:25] task_conditioned refresh start :: sync_timeout=240s
[2026-06-24 13:01:17] task_conditioned refresh sync :: status=ok exit=0
[2026-06-24 13:01:19] task_conditioned refresh complete :: sync=ok sync_exit=0 stage=task_conditioned_tuning_completed_with_winner next_action=done live_phase=unknown round3=done,done,done,done,done,done winner=true duration=54s
[2026-06-24 13:11:36] task_conditioned refresh start :: sync_timeout=240s
[2026-06-24 13:12:26] task_conditioned refresh sync :: status=ok exit=0
[2026-06-24 13:12:29] task_conditioned refresh complete :: sync=ok sync_exit=0 stage=task_conditioned_tuning_completed_with_winner next_action=done live_phase=unknown round3=done,done,done,done,done,done winner=true duration=53s
[2026-06-24 13:22:46] task_conditioned refresh start :: sync_timeout=240s
[2026-06-24 13:23:37] task_conditioned refresh sync :: status=ok exit=0
[2026-06-24 13:23:40] task_conditioned refresh complete :: sync=ok sync_exit=0 stage=task_conditioned_tuning_completed_with_winner next_action=done live_phase=unknown round3=done,done,done,done,done,done winner=true duration=54s
[2026-06-24 13:33:57] task_conditioned refresh start :: sync_timeout=240s
[2026-06-24 13:34:49] task_conditioned refresh sync :: status=ok exit=0
[2026-06-24 13:34:52] task_conditioned refresh complete :: sync=ok sync_exit=0 stage=task_conditioned_tuning_completed_with_winner next_action=done live_phase=unknown round3=done,done,done,done,done,done winner=true duration=55s
[2026-06-24 13:45:10] task_conditioned refresh start :: sync_timeout=240s
[2026-06-24 13:46:01] task_conditioned refresh sync :: status=ok exit=0
[2026-06-24 13:46:03] task_conditioned refresh complete :: sync=ok sync_exit=0 stage=task_conditioned_tuning_completed_with_winner next_action=done live_phase=unknown round3=done,done,done,done,done,done winner=true duration=53s
[2026-06-24 13:56:22] task_conditioned refresh start :: sync_timeout=240s
[2026-06-24 13:57:13] task_conditioned refresh sync :: status=ok exit=0
[2026-06-24 13:57:16] task_conditioned refresh complete :: sync=ok sync_exit=0 stage=task_conditioned_tuning_completed_with_winner next_action=done live_phase=unknown round3=done,done,done,done,done,done winner=true duration=54s
[2026-06-24 14:07:34] task_conditioned refresh start :: sync_timeout=240s
[2026-06-24 14:08:26] task_conditioned refresh sync :: status=ok exit=0
[2026-06-24 14:08:28] task_conditioned refresh complete :: sync=ok sync_exit=0 stage=task_conditioned_tuning_completed_with_winner next_action=done live_phase=unknown round3=done,done,done,done,done,done winner=true duration=54s
[2026-06-24 14:18:47] task_conditioned refresh start :: sync_timeout=240s
[2026-06-24 14:19:38] task_conditioned refresh sync :: status=ok exit=0
[2026-06-24 14:19:41] task_conditioned refresh complete :: sync=ok sync_exit=0 stage=task_conditioned_tuning_completed_with_winner next_action=done live_phase=unknown round3=done,done,done,done,done,done winner=true duration=54s
[2026-06-24 14:30:00] task_conditioned refresh start :: sync_timeout=240s
[2026-06-24 14:30:52] task_conditioned refresh sync :: status=ok exit=0
[2026-06-24 14:30:54] task_conditioned refresh complete :: sync=ok sync_exit=0 stage=task_conditioned_tuning_completed_with_winner next_action=done live_phase=unknown round3=done,done,done,done,done,done winner=true duration=54s
[2026-06-24 14:41:12] task_conditioned refresh start :: sync_timeout=240s
[2026-06-24 14:42:15] task_conditioned refresh sync :: status=failed exit=255
[2026-06-24 14:42:18] task_conditioned refresh complete :: sync=failed sync_exit=255 stage=task_conditioned_tuning_completed_with_winner next_action=done live_phase=unknown round3=done,done,done,done,done,done winner=true duration=66s
[2026-06-24 14:52:36] task_conditioned refresh start :: sync_timeout=240s
[2026-06-24 14:53:28] task_conditioned refresh sync :: status=ok exit=0
[2026-06-24 14:53:31] task_conditioned refresh complete :: sync=ok sync_exit=0 stage=task_conditioned_tuning_completed_with_winner next_action=done live_phase=unknown round3=done,done,done,done,done,done winner=true duration=55s
[2026-06-24 15:03:49] task_conditioned refresh start :: sync_timeout=240s
[2026-06-24 15:04:41] task_conditioned refresh sync :: status=ok exit=0
[2026-06-24 15:04:43] task_conditioned refresh complete :: sync=ok sync_exit=0 stage=task_conditioned_tuning_completed_with_winner next_action=done live_phase=unknown round3=done,done,done,done,done,done winner=true duration=54s
[2026-06-24 15:15:03] task_conditioned refresh start :: sync_timeout=240s
[2026-06-24 15:15:54] task_conditioned refresh sync :: status=ok exit=0
[2026-06-24 15:15:57] task_conditioned refresh complete :: sync=ok sync_exit=0 stage=task_conditioned_tuning_completed_with_winner next_action=done live_phase=unknown round3=done,done,done,done,done,done winner=true duration=54s
[2026-06-24 15:26:16] task_conditioned refresh start :: sync_timeout=240s
[2026-06-24 15:27:08] task_conditioned refresh sync :: status=ok exit=0
[2026-06-24 15:27:10] task_conditioned refresh complete :: sync=ok sync_exit=0 stage=task_conditioned_tuning_completed_with_winner next_action=done live_phase=unknown round3=done,done,done,done,done,done winner=true duration=54s
[2026-06-24 15:37:31] task_conditioned refresh start :: sync_timeout=240s
[2026-06-24 15:38:21] task_conditioned refresh sync :: status=ok exit=0
[2026-06-24 15:38:24] task_conditioned refresh complete :: sync=ok sync_exit=0 stage=task_conditioned_tuning_completed_with_winner next_action=done live_phase=unknown round3=done,done,done,done,done,done winner=true duration=53s
[2026-06-24 15:48:44] task_conditioned refresh start :: sync_timeout=240s
[2026-06-24 15:49:35] task_conditioned refresh sync :: status=ok exit=0
[2026-06-24 15:49:38] task_conditioned refresh complete :: sync=ok sync_exit=0 stage=task_conditioned_tuning_completed_with_winner next_action=done live_phase=unknown round3=done,done,done,done,done,done winner=true duration=54s
[2026-06-24 15:59:58] task_conditioned refresh start :: sync_timeout=240s
[2026-06-24 16:00:50] task_conditioned refresh sync :: status=ok exit=0
[2026-06-24 16:00:52] task_conditioned refresh complete :: sync=ok sync_exit=0 stage=task_conditioned_tuning_completed_with_winner next_action=done live_phase=unknown round3=done,done,done,done,done,done winner=true duration=54s
[2026-06-24 16:11:13] task_conditioned refresh start :: sync_timeout=240s
[2026-06-24 16:12:04] task_conditioned refresh sync :: status=ok exit=0
[2026-06-24 16:12:07] task_conditioned refresh complete :: sync=ok sync_exit=0 stage=task_conditioned_tuning_completed_with_winner next_action=done live_phase=unknown round3=done,done,done,done,done,done winner=true duration=54s
[2026-06-24 16:22:29] task_conditioned refresh start :: sync_timeout=240s
[2026-06-24 16:23:20] task_conditioned refresh sync :: status=ok exit=0
[2026-06-24 16:23:22] task_conditioned refresh complete :: sync=ok sync_exit=0 stage=task_conditioned_tuning_completed_with_winner next_action=done live_phase=unknown round3=done,done,done,done,done,done winner=true duration=53s
[2026-06-24 16:33:42] task_conditioned refresh start :: sync_timeout=240s
[2026-06-24 16:34:34] task_conditioned refresh sync :: status=ok exit=0
[2026-06-24 16:34:37] task_conditioned refresh complete :: sync=ok sync_exit=0 stage=task_conditioned_tuning_completed_with_winner next_action=done live_phase=unknown round3=done,done,done,done,done,done winner=true duration=55s
[2026-06-24 16:44:59] task_conditioned refresh start :: sync_timeout=240s
[2026-06-24 16:45:51] task_conditioned refresh sync :: status=ok exit=0
[2026-06-24 16:45:54] task_conditioned refresh complete :: sync=ok sync_exit=0 stage=task_conditioned_tuning_completed_with_winner next_action=done live_phase=unknown round3=done,done,done,done,done,done winner=true duration=55s
[2026-06-24 16:56:16] task_conditioned refresh start :: sync_timeout=240s
[2026-06-24 16:57:09] task_conditioned refresh sync :: status=ok exit=0
[2026-06-24 16:57:12] task_conditioned refresh complete :: sync=ok sync_exit=0 stage=task_conditioned_tuning_completed_with_winner next_action=done live_phase=unknown round3=done,done,done,done,done,done winner=true duration=56s
[2026-06-24 17:07:34] task_conditioned refresh start :: sync_timeout=240s
[2026-06-24 17:08:24] task_conditioned refresh sync :: status=ok exit=0
[2026-06-24 17:08:27] task_conditioned refresh complete :: sync=ok sync_exit=0 stage=task_conditioned_tuning_completed_with_winner next_action=done live_phase=unknown round3=done,done,done,done,done,done winner=true duration=53s
[2026-06-24 17:18:50] task_conditioned refresh start :: sync_timeout=240s
[2026-06-24 17:19:41] task_conditioned refresh sync :: status=ok exit=0
[2026-06-24 17:19:44] task_conditioned refresh complete :: sync=ok sync_exit=0 stage=task_conditioned_tuning_completed_with_winner next_action=done live_phase=unknown round3=done,done,done,done,done,done winner=true duration=54s
[2026-06-24 17:30:07] task_conditioned refresh start :: sync_timeout=240s
[2026-06-24 17:30:59] task_conditioned refresh sync :: status=ok exit=0
[2026-06-24 17:31:01] task_conditioned refresh complete :: sync=ok sync_exit=0 stage=task_conditioned_tuning_completed_with_winner next_action=done live_phase=unknown round3=done,done,done,done,done,done winner=true duration=54s
[2026-06-24 17:41:25] task_conditioned refresh start :: sync_timeout=240s
[2026-06-24 17:42:16] task_conditioned refresh sync :: status=ok exit=0
[2026-06-24 17:42:18] task_conditioned refresh complete :: sync=ok sync_exit=0 stage=task_conditioned_tuning_completed_with_winner next_action=done live_phase=unknown round3=done,done,done,done,done,done winner=true duration=53s
[2026-06-24 17:52:41] task_conditioned refresh start :: sync_timeout=240s
[2026-06-24 17:53:33] task_conditioned refresh sync :: status=ok exit=0
[2026-06-24 17:53:36] task_conditioned refresh complete :: sync=ok sync_exit=0 stage=task_conditioned_tuning_completed_with_winner next_action=done live_phase=unknown round3=done,done,done,done,done,done winner=true duration=55s
[2026-06-24 18:03:58] task_conditioned refresh start :: sync_timeout=240s
[2026-06-24 18:04:50] task_conditioned refresh sync :: status=ok exit=0
[2026-06-24 18:04:53] task_conditioned refresh complete :: sync=ok sync_exit=0 stage=task_conditioned_tuning_completed_with_winner next_action=done live_phase=unknown round3=done,done,done,done,done,done winner=true duration=55s
[2026-06-24 18:15:16] task_conditioned refresh start :: sync_timeout=240s
[2026-06-24 18:16:07] task_conditioned refresh sync :: status=ok exit=0
[2026-06-24 18:16:09] task_conditioned refresh complete :: sync=ok sync_exit=0 stage=task_conditioned_tuning_completed_with_winner next_action=done live_phase=unknown round3=done,done,done,done,done,done winner=true duration=53s
[2026-06-24 18:26:33] task_conditioned refresh start :: sync_timeout=240s
[2026-06-24 18:27:25] task_conditioned refresh sync :: status=ok exit=0
[2026-06-24 18:27:27] task_conditioned refresh complete :: sync=ok sync_exit=0 stage=task_conditioned_tuning_completed_with_winner next_action=done live_phase=unknown round3=done,done,done,done,done,done winner=true duration=54s
[2026-06-24 18:37:51] task_conditioned refresh start :: sync_timeout=240s
[2026-06-24 18:38:43] task_conditioned refresh sync :: status=ok exit=0
[2026-06-24 18:38:45] task_conditioned refresh complete :: sync=ok sync_exit=0 stage=task_conditioned_tuning_completed_with_winner next_action=done live_phase=unknown round3=done,done,done,done,done,done winner=true duration=54s
[2026-06-24 18:48:57] task_conditioned refresh start :: sync_timeout=240s
[2026-06-24 18:49:49] task_conditioned refresh sync :: status=ok exit=0
[2026-06-24 18:49:51] task_conditioned refresh complete :: sync=ok sync_exit=0 stage=task_conditioned_tuning_completed_with_winner next_action=done live_phase=unknown round3=done,done,done,done,done,done winner=true duration=54s
[2026-06-24 19:00:11] task_conditioned refresh start :: sync_timeout=240s
[2026-06-24 19:01:02] task_conditioned refresh sync :: status=ok exit=0
[2026-06-24 19:01:05] task_conditioned refresh complete :: sync=ok sync_exit=0 stage=task_conditioned_tuning_completed_with_winner next_action=done live_phase=unknown round3=done,done,done,done,done,done winner=true duration=54s
[2026-06-24 19:11:26] task_conditioned refresh start :: sync_timeout=240s
[2026-06-24 19:12:18] task_conditioned refresh sync :: status=ok exit=0
[2026-06-24 19:12:20] task_conditioned refresh complete :: sync=ok sync_exit=0 stage=task_conditioned_tuning_completed_with_winner next_action=done live_phase=unknown round3=done,done,done,done,done,done winner=true duration=54s
[2026-06-24 19:22:35] task_conditioned refresh start :: sync_timeout=240s
[2026-06-24 19:23:26] task_conditioned refresh sync :: status=ok exit=0
[2026-06-24 19:23:28] task_conditioned refresh complete :: sync=ok sync_exit=0 stage=task_conditioned_tuning_completed_with_winner next_action=done live_phase=unknown round3=done,done,done,done,done,done winner=true duration=53s
[2026-06-24 19:33:51] task_conditioned refresh start :: sync_timeout=240s
[2026-06-24 19:34:43] task_conditioned refresh sync :: status=ok exit=0
[2026-06-24 19:34:45] task_conditioned refresh complete :: sync=ok sync_exit=0 stage=task_conditioned_tuning_completed_with_winner next_action=done live_phase=unknown round3=done,done,done,done,done,done winner=true duration=54s
[2026-06-24 19:45:08] task_conditioned refresh start :: sync_timeout=240s
[2026-06-24 19:46:00] task_conditioned refresh sync :: status=ok exit=0
[2026-06-24 19:46:03] task_conditioned refresh complete :: sync=ok sync_exit=0 stage=task_conditioned_tuning_completed_with_winner next_action=done live_phase=unknown round3=done,done,done,done,done,done winner=true duration=55s
[2026-06-24 19:56:22] task_conditioned refresh start :: sync_timeout=240s
[2026-06-24 19:57:15] task_conditioned refresh sync :: status=ok exit=0
[2026-06-24 19:57:17] task_conditioned refresh complete :: sync=ok sync_exit=0 stage=task_conditioned_tuning_completed_with_winner next_action=done live_phase=unknown round3=done,done,done,done,done,done winner=true duration=55s
[2026-06-24 20:07:38] task_conditioned refresh start :: sync_timeout=240s
[2026-06-24 20:08:29] task_conditioned refresh sync :: status=ok exit=0
[2026-06-24 20:08:31] task_conditioned refresh complete :: sync=ok sync_exit=0 stage=task_conditioned_tuning_completed_with_winner next_action=done live_phase=unknown round3=done,done,done,done,done,done winner=true duration=53s
[2026-06-24 20:18:51] task_conditioned refresh start :: sync_timeout=240s
[2026-06-24 20:19:43] task_conditioned refresh sync :: status=ok exit=0
[2026-06-24 20:19:45] task_conditioned refresh complete :: sync=ok sync_exit=0 stage=task_conditioned_tuning_completed_with_winner next_action=done live_phase=unknown round3=done,done,done,done,done,done winner=true duration=54s
[2026-06-24 20:30:06] task_conditioned refresh start :: sync_timeout=240s
[2026-06-24 20:30:58] task_conditioned refresh sync :: status=ok exit=0
[2026-06-24 20:31:01] task_conditioned refresh complete :: sync=ok sync_exit=0 stage=task_conditioned_tuning_completed_with_winner next_action=done live_phase=unknown round3=done,done,done,done,done,done winner=true duration=55s
[2026-06-24 20:41:23] task_conditioned refresh start :: sync_timeout=240s
[2026-06-24 20:42:15] task_conditioned refresh sync :: status=ok exit=0
[2026-06-24 20:42:18] task_conditioned refresh complete :: sync=ok sync_exit=0 stage=task_conditioned_tuning_completed_with_winner next_action=done live_phase=unknown round3=done,done,done,done,done,done winner=true duration=55s
[2026-06-24 20:52:43] task_conditioned refresh start :: sync_timeout=240s
[2026-06-24 20:53:34] task_conditioned refresh sync :: status=ok exit=0
[2026-06-24 20:53:37] task_conditioned refresh complete :: sync=ok sync_exit=0 stage=task_conditioned_tuning_completed_with_winner next_action=done live_phase=unknown round3=done,done,done,done,done,done winner=true duration=54s
[2026-06-24 21:04:03] task_conditioned refresh start :: sync_timeout=240s
[2026-06-24 21:04:27] task_conditioned refresh sync :: status=failed exit=255
[2026-06-24 21:04:30] task_conditioned refresh complete :: sync=failed sync_exit=255 stage=task_conditioned_tuning_completed_with_winner next_action=done live_phase=unknown round3=done,done,done,done,done,done winner=true duration=27s
[2026-06-24 21:14:56] task_conditioned refresh start :: sync_timeout=240s
[2026-06-24 21:15:48] task_conditioned refresh sync :: status=ok exit=0
[2026-06-24 21:15:51] task_conditioned refresh complete :: sync=ok sync_exit=0 stage=task_conditioned_tuning_completed_with_winner next_action=done live_phase=unknown round3=done,done,done,done,done,done winner=true duration=55s
[2026-06-24 21:26:20] task_conditioned refresh start :: sync_timeout=240s
[2026-06-24 21:27:11] task_conditioned refresh sync :: status=ok exit=0
[2026-06-24 21:27:13] task_conditioned refresh complete :: sync=ok sync_exit=0 stage=task_conditioned_tuning_completed_with_winner next_action=done live_phase=unknown round3=done,done,done,done,done,done winner=true duration=53s
[2026-06-24 21:37:43] task_conditioned refresh start :: sync_timeout=240s
[2026-06-24 21:38:35] task_conditioned refresh sync :: status=ok exit=0
[2026-06-24 21:38:37] task_conditioned refresh complete :: sync=ok sync_exit=0 stage=task_conditioned_tuning_completed_with_winner next_action=done live_phase=unknown round3=done,done,done,done,done,done winner=true duration=54s
[2026-06-24 21:49:07] task_conditioned refresh start :: sync_timeout=240s
[2026-06-24 21:49:58] task_conditioned refresh sync :: status=ok exit=0
[2026-06-24 21:50:00] task_conditioned refresh complete :: sync=ok sync_exit=0 stage=task_conditioned_tuning_completed_with_winner next_action=done live_phase=unknown round3=done,done,done,done,done,done winner=true duration=53s
[2026-06-24 22:00:23] task_conditioned refresh start :: sync_timeout=240s
[2026-06-24 22:01:15] task_conditioned refresh sync :: status=ok exit=0
[2026-06-24 22:01:17] task_conditioned refresh complete :: sync=ok sync_exit=0 stage=task_conditioned_tuning_completed_with_winner next_action=done live_phase=unknown round3=done,done,done,done,done,done winner=true duration=54s
[2026-06-24 22:11:42] task_conditioned refresh start :: sync_timeout=240s
[2026-06-24 22:12:35] task_conditioned refresh sync :: status=failed exit=255
[2026-06-24 22:12:37] task_conditioned refresh complete :: sync=failed sync_exit=255 stage=task_conditioned_tuning_completed_with_winner next_action=done live_phase=unknown round3=done,done,done,done,done,done winner=true duration=55s
[2026-06-24 22:23:02] task_conditioned refresh start :: sync_timeout=240s
[2026-06-24 22:23:53] task_conditioned refresh sync :: status=ok exit=0
[2026-06-24 22:23:56] task_conditioned refresh complete :: sync=ok sync_exit=0 stage=task_conditioned_tuning_completed_with_winner next_action=done live_phase=unknown round3=done,done,done,done,done,done winner=true duration=54s
[2026-06-24 22:34:23] task_conditioned refresh start :: sync_timeout=240s
[2026-06-24 22:35:14] task_conditioned refresh sync :: status=ok exit=0
[2026-06-24 22:35:17] task_conditioned refresh complete :: sync=ok sync_exit=0 stage=task_conditioned_tuning_completed_with_winner next_action=done live_phase=unknown round3=done,done,done,done,done,done winner=true duration=54s
[2026-06-24 22:45:44] task_conditioned refresh start :: sync_timeout=240s
[2026-06-24 22:46:35] task_conditioned refresh sync :: status=ok exit=0
[2026-06-24 22:46:38] task_conditioned refresh complete :: sync=ok sync_exit=0 stage=task_conditioned_tuning_completed_with_winner next_action=done live_phase=unknown round3=done,done,done,done,done,done winner=true duration=54s
[2026-06-24 22:57:06] task_conditioned refresh start :: sync_timeout=240s
[2026-06-24 22:57:57] task_conditioned refresh sync :: status=ok exit=0
[2026-06-24 22:58:00] task_conditioned refresh complete :: sync=ok sync_exit=0 stage=task_conditioned_tuning_completed_with_winner next_action=done live_phase=unknown round3=done,done,done,done,done,done winner=true duration=54s
[2026-06-24 23:08:29] task_conditioned refresh start :: sync_timeout=240s
[2026-06-24 23:09:21] task_conditioned refresh sync :: status=ok exit=0
[2026-06-24 23:09:24] task_conditioned refresh complete :: sync=ok sync_exit=0 stage=task_conditioned_tuning_completed_with_winner next_action=done live_phase=unknown round3=done,done,done,done,done,done winner=true duration=55s
[2026-06-24 23:19:52] task_conditioned refresh start :: sync_timeout=240s
[2026-06-24 23:20:45] task_conditioned refresh sync :: status=ok exit=0
[2026-06-24 23:20:48] task_conditioned refresh complete :: sync=ok sync_exit=0 stage=task_conditioned_tuning_completed_with_winner next_action=done live_phase=unknown round3=done,done,done,done,done,done winner=true duration=56s
[2026-06-24 23:31:17] task_conditioned refresh start :: sync_timeout=240s
[2026-06-24 23:32:10] task_conditioned refresh sync :: status=ok exit=0
[2026-06-24 23:32:13] task_conditioned refresh complete :: sync=ok sync_exit=0 stage=task_conditioned_tuning_completed_with_winner next_action=done live_phase=unknown round3=done,done,done,done,done,done winner=true duration=56s
[2026-06-24 23:42:42] task_conditioned refresh start :: sync_timeout=240s
[2026-06-24 23:43:07] task_conditioned refresh sync :: status=failed exit=255
[2026-06-24 23:43:09] task_conditioned refresh complete :: sync=failed sync_exit=255 stage=task_conditioned_tuning_completed_with_winner next_action=done live_phase=unknown round3=done,done,done,done,done,done winner=true duration=27s
[2026-06-24 23:53:41] task_conditioned refresh start :: sync_timeout=240s
[2026-06-24 23:54:32] task_conditioned refresh sync :: status=ok exit=0
[2026-06-24 23:54:35] task_conditioned refresh complete :: sync=ok sync_exit=0 stage=task_conditioned_tuning_completed_with_winner next_action=done live_phase=unknown round3=done,done,done,done,done,done winner=true duration=54s
[2026-06-25 00:05:06] task_conditioned refresh start :: sync_timeout=240s
[2026-06-25 00:05:59] task_conditioned refresh sync :: status=ok exit=0
[2026-06-25 00:06:01] task_conditioned refresh complete :: sync=ok sync_exit=0 stage=task_conditioned_tuning_completed_with_winner next_action=done live_phase=unknown round3=done,done,done,done,done,done winner=true duration=55s
[2026-06-25 00:16:32] task_conditioned refresh start :: sync_timeout=240s
[2026-06-25 00:17:43] task_conditioned refresh sync :: status=ok exit=0
[2026-06-25 00:17:45] task_conditioned refresh complete :: sync=ok sync_exit=0 stage=task_conditioned_tuning_completed_with_winner next_action=done live_phase=unknown round3=done,done,done,done,done,done winner=true duration=73s
[2026-06-25 00:28:16] task_conditioned refresh start :: sync_timeout=240s
[2026-06-25 00:29:07] task_conditioned refresh sync :: status=ok exit=0
[2026-06-25 00:29:09] task_conditioned refresh complete :: sync=ok sync_exit=0 stage=task_conditioned_tuning_completed_with_winner next_action=done live_phase=unknown round3=done,done,done,done,done,done winner=true duration=53s
[2026-06-25 00:39:40] task_conditioned refresh start :: sync_timeout=240s
[2026-06-25 00:40:34] task_conditioned refresh sync :: status=ok exit=0
[2026-06-25 00:40:36] task_conditioned refresh complete :: sync=ok sync_exit=0 stage=task_conditioned_tuning_completed_with_winner next_action=done live_phase=unknown round3=done,done,done,done,done,done winner=true duration=56s
[2026-06-25 00:51:07] task_conditioned refresh start :: sync_timeout=240s
[2026-06-25 00:51:59] task_conditioned refresh sync :: status=ok exit=0
[2026-06-25 00:52:02] task_conditioned refresh complete :: sync=ok sync_exit=0 stage=task_conditioned_tuning_completed_with_winner next_action=done live_phase=unknown round3=done,done,done,done,done,done winner=true duration=55s
[2026-06-25 01:02:34] task_conditioned refresh start :: sync_timeout=240s
[2026-06-25 01:03:24] task_conditioned refresh sync :: status=ok exit=0
[2026-06-25 01:03:27] task_conditioned refresh complete :: sync=ok sync_exit=0 stage=task_conditioned_tuning_completed_with_winner next_action=done live_phase=unknown round3=done,done,done,done,done,done winner=true duration=53s
[2026-06-25 01:13:59] task_conditioned refresh start :: sync_timeout=240s
[2026-06-25 01:14:50] task_conditioned refresh sync :: status=ok exit=0
[2026-06-25 01:14:53] task_conditioned refresh complete :: sync=ok sync_exit=0 stage=task_conditioned_tuning_completed_with_winner next_action=done live_phase=unknown round3=done,done,done,done,done,done winner=true duration=54s
[2026-06-25 01:25:25] task_conditioned refresh start :: sync_timeout=240s
[2026-06-25 01:26:15] task_conditioned refresh sync :: status=ok exit=0
[2026-06-25 01:26:17] task_conditioned refresh complete :: sync=ok sync_exit=0 stage=task_conditioned_tuning_completed_with_winner next_action=done live_phase=unknown round3=done,done,done,done,done,done winner=true duration=52s
[2026-06-25 01:36:49] task_conditioned refresh start :: sync_timeout=240s
[2026-06-25 01:37:40] task_conditioned refresh sync :: status=ok exit=0
[2026-06-25 01:37:43] task_conditioned refresh complete :: sync=ok sync_exit=0 stage=task_conditioned_tuning_completed_with_winner next_action=done live_phase=unknown round3=done,done,done,done,done,done winner=true duration=54s
[2026-06-25 01:48:13] task_conditioned refresh start :: sync_timeout=240s
[2026-06-25 01:49:05] task_conditioned refresh sync :: status=ok exit=0
[2026-06-25 01:49:08] task_conditioned refresh complete :: sync=ok sync_exit=0 stage=task_conditioned_tuning_completed_with_winner next_action=done live_phase=unknown round3=done,done,done,done,done,done winner=true duration=55s
[2026-06-25 01:59:40] task_conditioned refresh start :: sync_timeout=240s
[2026-06-25 02:00:30] task_conditioned refresh sync :: status=ok exit=0
[2026-06-25 02:00:34] task_conditioned refresh complete :: sync=ok sync_exit=0 stage=task_conditioned_tuning_completed_with_winner next_action=done live_phase=unknown round3=done,done,done,done,done,done winner=true duration=54s
[2026-06-25 02:11:06] task_conditioned refresh start :: sync_timeout=240s
[2026-06-25 02:11:58] task_conditioned refresh sync :: status=ok exit=0
[2026-06-25 02:12:00] task_conditioned refresh complete :: sync=ok sync_exit=0 stage=task_conditioned_tuning_completed_with_winner next_action=done live_phase=unknown round3=done,done,done,done,done,done winner=true duration=54s
[2026-06-25 02:22:33] task_conditioned refresh start :: sync_timeout=240s
[2026-06-25 02:23:23] task_conditioned refresh sync :: status=ok exit=0
[2026-06-25 02:23:26] task_conditioned refresh complete :: sync=ok sync_exit=0 stage=task_conditioned_tuning_completed_with_winner next_action=done live_phase=unknown round3=done,done,done,done,done,done winner=true duration=53s
[2026-06-25 02:33:59] task_conditioned refresh start :: sync_timeout=240s
[2026-06-25 02:34:51] task_conditioned refresh sync :: status=ok exit=0
[2026-06-25 02:34:53] task_conditioned refresh complete :: sync=ok sync_exit=0 stage=task_conditioned_tuning_completed_with_winner next_action=done live_phase=unknown round3=done,done,done,done,done,done winner=true duration=54s
[2026-06-25 02:45:25] task_conditioned refresh start :: sync_timeout=240s
[2026-06-25 02:46:17] task_conditioned refresh sync :: status=ok exit=0
[2026-06-25 02:46:19] task_conditioned refresh complete :: sync=ok sync_exit=0 stage=task_conditioned_tuning_completed_with_winner next_action=done live_phase=unknown round3=done,done,done,done,done,done winner=true duration=54s
[2026-06-25 02:56:53] task_conditioned refresh start :: sync_timeout=240s
[2026-06-25 02:57:42] task_conditioned refresh sync :: status=ok exit=0
[2026-06-25 02:57:45] task_conditioned refresh complete :: sync=ok sync_exit=0 stage=task_conditioned_tuning_completed_with_winner next_action=done live_phase=unknown round3=done,done,done,done,done,done winner=true duration=52s
[2026-06-25 03:08:19] task_conditioned refresh start :: sync_timeout=240s
[2026-06-25 03:09:10] task_conditioned refresh sync :: status=ok exit=0
[2026-06-25 03:09:13] task_conditioned refresh complete :: sync=ok sync_exit=0 stage=task_conditioned_tuning_completed_with_winner next_action=done live_phase=unknown round3=done,done,done,done,done,done winner=true duration=54s
[2026-06-25 03:19:47] task_conditioned refresh start :: sync_timeout=240s
[2026-06-25 03:20:36] task_conditioned refresh sync :: status=ok exit=0
[2026-06-25 03:20:38] task_conditioned refresh complete :: sync=ok sync_exit=0 stage=task_conditioned_tuning_completed_with_winner next_action=done live_phase=unknown round3=done,done,done,done,done,done winner=true duration=51s
[2026-06-25 03:31:13] task_conditioned refresh start :: sync_timeout=240s
[2026-06-25 03:32:04] task_conditioned refresh sync :: status=ok exit=0
[2026-06-25 03:32:07] task_conditioned refresh complete :: sync=ok sync_exit=0 stage=task_conditioned_tuning_completed_with_winner next_action=done live_phase=unknown round3=done,done,done,done,done,done winner=true duration=54s
[2026-06-25 03:42:39] task_conditioned refresh start :: sync_timeout=240s
[2026-06-25 03:43:31] task_conditioned refresh sync :: status=ok exit=0
[2026-06-25 03:43:33] task_conditioned refresh complete :: sync=ok sync_exit=0 stage=task_conditioned_tuning_completed_with_winner next_action=done live_phase=unknown round3=done,done,done,done,done,done winner=true duration=54s
[2026-06-25 03:54:06] task_conditioned refresh start :: sync_timeout=240s
[2026-06-25 03:54:56] task_conditioned refresh sync :: status=ok exit=0
[2026-06-25 03:54:58] task_conditioned refresh complete :: sync=ok sync_exit=0 stage=task_conditioned_tuning_completed_with_winner next_action=done live_phase=unknown round3=done,done,done,done,done,done winner=true duration=52s
[2026-06-25 04:05:32] task_conditioned refresh start :: sync_timeout=240s
[2026-06-25 04:06:23] task_conditioned refresh sync :: status=ok exit=0
[2026-06-25 04:06:26] task_conditioned refresh complete :: sync=ok sync_exit=0 stage=task_conditioned_tuning_completed_with_winner next_action=done live_phase=unknown round3=done,done,done,done,done,done winner=true duration=54s
[2026-06-25 04:17:00] task_conditioned refresh start :: sync_timeout=240s
[2026-06-25 04:17:50] task_conditioned refresh sync :: status=ok exit=0
[2026-06-25 04:17:53] task_conditioned refresh complete :: sync=ok sync_exit=0 stage=task_conditioned_tuning_completed_with_winner next_action=done live_phase=unknown round3=done,done,done,done,done,done winner=true duration=53s
[2026-06-25 04:28:28] task_conditioned refresh start :: sync_timeout=240s
[2026-06-25 04:29:18] task_conditioned refresh sync :: status=ok exit=0
[2026-06-25 04:29:22] task_conditioned refresh complete :: sync=ok sync_exit=0 stage=task_conditioned_tuning_completed_with_winner next_action=done live_phase=unknown round3=done,done,done,done,done,done winner=true duration=54s
[2026-06-25 04:39:56] task_conditioned refresh start :: sync_timeout=240s
[2026-06-25 04:40:47] task_conditioned refresh sync :: status=ok exit=0
[2026-06-25 04:40:49] task_conditioned refresh complete :: sync=ok sync_exit=0 stage=task_conditioned_tuning_completed_with_winner next_action=done live_phase=unknown round3=done,done,done,done,done,done winner=true duration=53s
[2026-06-25 04:51:23] task_conditioned refresh start :: sync_timeout=240s
[2026-06-25 04:52:13] task_conditioned refresh sync :: status=ok exit=0
[2026-06-25 04:52:16] task_conditioned refresh complete :: sync=ok sync_exit=0 stage=task_conditioned_tuning_completed_with_winner next_action=done live_phase=unknown round3=done,done,done,done,done,done winner=true duration=53s
[2026-06-25 05:02:51] task_conditioned refresh start :: sync_timeout=240s
[2026-06-25 05:03:34] task_conditioned refresh sync :: status=failed exit=255
[2026-06-25 05:03:38] task_conditioned refresh complete :: sync=failed sync_exit=255 stage=task_conditioned_tuning_completed_with_winner next_action=done live_phase=unknown round3=done,done,done,done,done,done winner=true duration=47s
[2026-06-25 05:14:12] task_conditioned refresh start :: sync_timeout=240s
[2026-06-25 05:15:04] task_conditioned refresh sync :: status=ok exit=0
[2026-06-25 05:15:06] task_conditioned refresh complete :: sync=ok sync_exit=0 stage=task_conditioned_tuning_completed_with_winner next_action=done live_phase=unknown round3=done,done,done,done,done,done winner=true duration=54s
[2026-06-25 05:25:42] task_conditioned refresh start :: sync_timeout=240s
[2026-06-25 05:26:32] task_conditioned refresh sync :: status=ok exit=0
[2026-06-25 05:26:35] task_conditioned refresh complete :: sync=ok sync_exit=0 stage=task_conditioned_tuning_completed_with_winner next_action=done live_phase=unknown round3=done,done,done,done,done,done winner=true duration=53s
[2026-06-25 05:37:10] task_conditioned refresh start :: sync_timeout=240s
[2026-06-25 05:38:02] task_conditioned refresh sync :: status=ok exit=0
[2026-06-25 05:38:04] task_conditioned refresh complete :: sync=ok sync_exit=0 stage=task_conditioned_tuning_completed_with_winner next_action=done live_phase=unknown round3=done,done,done,done,done,done winner=true duration=54s
[2026-06-25 05:48:38] task_conditioned refresh start :: sync_timeout=240s
[2026-06-25 05:49:31] task_conditioned refresh sync :: status=ok exit=0
[2026-06-25 05:49:33] task_conditioned refresh complete :: sync=ok sync_exit=0 stage=task_conditioned_tuning_completed_with_winner next_action=done live_phase=unknown round3=done,done,done,done,done,done winner=true duration=55s
[2026-06-25 06:00:07] task_conditioned refresh start :: sync_timeout=240s
[2026-06-25 06:00:57] task_conditioned refresh sync :: status=ok exit=0
[2026-06-25 06:00:59] task_conditioned refresh complete :: sync=ok sync_exit=0 stage=task_conditioned_tuning_completed_with_winner next_action=done live_phase=unknown round3=done,done,done,done,done,done winner=true duration=52s
[2026-06-25 06:11:36] task_conditioned refresh start :: sync_timeout=240s
[2026-06-25 06:12:27] task_conditioned refresh sync :: status=ok exit=0
[2026-06-25 06:12:30] task_conditioned refresh complete :: sync=ok sync_exit=0 stage=task_conditioned_tuning_completed_with_winner next_action=done live_phase=unknown round3=done,done,done,done,done,done winner=true duration=54s
[2026-06-25 06:22:58] task_conditioned refresh start :: sync_timeout=240s
[2026-06-25 06:23:47] task_conditioned refresh sync :: status=ok exit=0
[2026-06-25 06:23:49] task_conditioned refresh complete :: sync=ok sync_exit=0 stage=task_conditioned_tuning_completed_with_winner next_action=done live_phase=unknown round3=done,done,done,done,done,done winner=true duration=51s
[2026-06-25 06:34:22] task_conditioned refresh start :: sync_timeout=240s
[2026-06-25 06:35:11] task_conditioned refresh sync :: status=ok exit=0
[2026-06-25 06:35:15] task_conditioned refresh complete :: sync=ok sync_exit=0 stage=task_conditioned_tuning_completed_with_winner next_action=done live_phase=unknown round3=done,done,done,done,done,done winner=true duration=53s
[2026-06-25 06:45:50] task_conditioned refresh start :: sync_timeout=240s
[2026-06-25 06:46:42] task_conditioned refresh sync :: status=ok exit=0
[2026-06-25 06:46:44] task_conditioned refresh complete :: sync=ok sync_exit=0 stage=task_conditioned_tuning_completed_with_winner next_action=done live_phase=unknown round3=done,done,done,done,done,done winner=true duration=54s
[2026-06-25 06:57:21] task_conditioned refresh start :: sync_timeout=240s
[2026-06-25 06:58:10] task_conditioned refresh sync :: status=ok exit=0
[2026-06-25 06:58:13] task_conditioned refresh complete :: sync=ok sync_exit=0 stage=task_conditioned_tuning_completed_with_winner next_action=done live_phase=unknown round3=done,done,done,done,done,done winner=true duration=52s
[2026-06-25 07:08:51] task_conditioned refresh start :: sync_timeout=240s
[2026-06-25 07:09:51] task_conditioned refresh sync :: status=failed exit=255
[2026-06-25 07:09:53] task_conditioned refresh complete :: sync=failed sync_exit=255 stage=task_conditioned_tuning_completed_with_winner next_action=done live_phase=unknown round3=done,done,done,done,done,done winner=true duration=62s
[2026-06-25 07:20:31] task_conditioned refresh start :: sync_timeout=240s
[2026-06-25 07:21:22] task_conditioned refresh sync :: status=ok exit=0
[2026-06-25 07:21:24] task_conditioned refresh complete :: sync=ok sync_exit=0 stage=task_conditioned_tuning_completed_with_winner next_action=done live_phase=unknown round3=done,done,done,done,done,done winner=true duration=53s
[2026-06-25 07:32:01] task_conditioned refresh start :: sync_timeout=240s
[2026-06-25 07:32:52] task_conditioned refresh sync :: status=ok exit=0
[2026-06-25 07:32:55] task_conditioned refresh complete :: sync=ok sync_exit=0 stage=task_conditioned_tuning_completed_with_winner next_action=done live_phase=unknown round3=done,done,done,done,done,done winner=true duration=54s
[2026-06-25 07:43:31] task_conditioned refresh start :: sync_timeout=240s
[2026-06-25 07:44:22] task_conditioned refresh sync :: status=ok exit=0
[2026-06-25 07:44:25] task_conditioned refresh complete :: sync=ok sync_exit=0 stage=task_conditioned_tuning_completed_with_winner next_action=done live_phase=unknown round3=done,done,done,done,done,done winner=true duration=54s
[2026-06-25 07:55:03] task_conditioned refresh start :: sync_timeout=240s
[2026-06-25 07:55:53] task_conditioned refresh sync :: status=ok exit=0
[2026-06-25 07:55:55] task_conditioned refresh complete :: sync=ok sync_exit=0 stage=task_conditioned_tuning_completed_with_winner next_action=done live_phase=unknown round3=done,done,done,done,done,done winner=true duration=52s
[2026-06-25 08:06:34] task_conditioned refresh start :: sync_timeout=240s
[2026-06-25 08:07:27] task_conditioned refresh sync :: status=ok exit=0
[2026-06-25 08:07:29] task_conditioned refresh complete :: sync=ok sync_exit=0 stage=task_conditioned_tuning_completed_with_winner next_action=done live_phase=unknown round3=done,done,done,done,done,done winner=true duration=55s
[2026-06-25 08:18:08] task_conditioned refresh start :: sync_timeout=240s
[2026-06-25 08:19:02] task_conditioned refresh sync :: status=ok exit=0
[2026-06-25 08:19:05] task_conditioned refresh complete :: sync=ok sync_exit=0 stage=task_conditioned_tuning_completed_with_winner next_action=done live_phase=unknown round3=done,done,done,done,done,done winner=true duration=57s
[2026-06-25 08:29:44] task_conditioned refresh start :: sync_timeout=240s
[2026-06-25 08:30:36] task_conditioned refresh sync :: status=ok exit=0
[2026-06-25 08:30:39] task_conditioned refresh complete :: sync=ok sync_exit=0 stage=task_conditioned_tuning_completed_with_winner next_action=done live_phase=unknown round3=done,done,done,done,done,done winner=true duration=55s
[2026-06-25 08:41:19] task_conditioned refresh start :: sync_timeout=240s
[2026-06-25 08:42:10] task_conditioned refresh sync :: status=ok exit=0
[2026-06-25 08:42:12] task_conditioned refresh complete :: sync=ok sync_exit=0 stage=task_conditioned_tuning_completed_with_winner next_action=done live_phase=unknown round3=done,done,done,done,done,done winner=true duration=53s
[2026-06-25 08:52:53] task_conditioned refresh start :: sync_timeout=240s
[2026-06-25 08:53:45] task_conditioned refresh sync :: status=ok exit=0
[2026-06-25 08:53:48] task_conditioned refresh complete :: sync=ok sync_exit=0 stage=task_conditioned_tuning_completed_with_winner next_action=done live_phase=unknown round3=done,done,done,done,done,done winner=true duration=55s
[2026-06-25 09:04:26] task_conditioned refresh start :: sync_timeout=240s
[2026-06-25 09:05:19] task_conditioned refresh sync :: status=ok exit=0
[2026-06-25 09:05:21] task_conditioned refresh complete :: sync=ok sync_exit=0 stage=task_conditioned_tuning_completed_with_winner next_action=done live_phase=unknown round3=done,done,done,done,done,done winner=true duration=55s
[2026-06-25 09:16:01] task_conditioned refresh start :: sync_timeout=240s
[2026-06-25 09:16:53] task_conditioned refresh sync :: status=ok exit=0
[2026-06-25 09:16:55] task_conditioned refresh complete :: sync=ok sync_exit=0 stage=task_conditioned_tuning_completed_with_winner next_action=done live_phase=unknown round3=done,done,done,done,done,done winner=true duration=54s
[2026-06-25 09:27:34] task_conditioned refresh start :: sync_timeout=240s
[2026-06-25 09:27:59] task_conditioned refresh sync :: status=failed exit=255
[2026-06-25 09:28:01] task_conditioned refresh complete :: sync=failed sync_exit=255 stage=task_conditioned_tuning_completed_with_winner next_action=done live_phase=unknown round3=done,done,done,done,done,done winner=true duration=27s
[2026-06-25 09:38:41] task_conditioned refresh start :: sync_timeout=240s
[2026-06-25 09:39:35] task_conditioned refresh sync :: status=ok exit=0
[2026-06-25 09:39:39] task_conditioned refresh complete :: sync=ok sync_exit=0 stage=task_conditioned_tuning_completed_with_winner next_action=done live_phase=unknown round3=done,done,done,done,done,done winner=true duration=58s
[2026-06-25 09:50:16] task_conditioned refresh start :: sync_timeout=240s
[2026-06-25 09:51:10] task_conditioned refresh sync :: status=ok exit=0
[2026-06-25 09:51:13] task_conditioned refresh complete :: sync=ok sync_exit=0 stage=task_conditioned_tuning_completed_with_winner next_action=done live_phase=unknown round3=done,done,done,done,done,done winner=true duration=57s
[2026-06-25 10:01:53] task_conditioned refresh start :: sync_timeout=240s
[2026-06-25 10:02:46] task_conditioned refresh sync :: status=ok exit=0
[2026-06-25 10:02:48] task_conditioned refresh complete :: sync=ok sync_exit=0 stage=task_conditioned_tuning_completed_with_winner next_action=done live_phase=unknown round3=done,done,done,done,done,done winner=true duration=55s
[2026-06-25 10:13:29] task_conditioned refresh start :: sync_timeout=240s
[2026-06-25 10:14:24] task_conditioned refresh sync :: status=ok exit=0
[2026-06-25 10:14:26] task_conditioned refresh complete :: sync=ok sync_exit=0 stage=task_conditioned_tuning_completed_with_winner next_action=done live_phase=unknown round3=done,done,done,done,done,done winner=true duration=57s
[2026-06-25 10:25:04] task_conditioned refresh start :: sync_timeout=240s
[2026-06-25 10:25:56] task_conditioned refresh sync :: status=ok exit=0
[2026-06-25 10:25:58] task_conditioned refresh complete :: sync=ok sync_exit=0 stage=task_conditioned_tuning_completed_with_winner next_action=done live_phase=unknown round3=done,done,done,done,done,done winner=true duration=54s
[2026-06-25 10:36:40] task_conditioned refresh start :: sync_timeout=240s
[2026-06-25 10:37:36] task_conditioned refresh sync :: status=ok exit=0
[2026-06-25 10:37:38] task_conditioned refresh complete :: sync=ok sync_exit=0 stage=task_conditioned_tuning_completed_with_winner next_action=done live_phase=unknown round3=done,done,done,done,done,done winner=true duration=58s
[2026-06-25 10:48:20] task_conditioned refresh start :: sync_timeout=240s
[2026-06-25 10:49:13] task_conditioned refresh sync :: status=ok exit=0
[2026-06-25 10:49:15] task_conditioned refresh complete :: sync=ok sync_exit=0 stage=task_conditioned_tuning_completed_with_winner next_action=done live_phase=unknown round3=done,done,done,done,done,done winner=true duration=55s
[2026-06-25 10:59:57] task_conditioned refresh start :: sync_timeout=240s
[2026-06-25 11:00:55] task_conditioned refresh sync :: status=ok exit=0
[2026-06-25 11:00:58] task_conditioned refresh complete :: sync=ok sync_exit=0 stage=task_conditioned_tuning_completed_with_winner next_action=done live_phase=unknown round3=done,done,done,done,done,done winner=true duration=61s
[2026-06-25 11:11:40] task_conditioned refresh start :: sync_timeout=240s
[2026-06-25 11:12:34] task_conditioned refresh sync :: status=ok exit=0
[2026-06-25 11:12:36] task_conditioned refresh complete :: sync=ok sync_exit=0 stage=task_conditioned_tuning_completed_with_winner next_action=done live_phase=unknown round3=done,done,done,done,done,done winner=true duration=56s
[2026-06-25 11:23:17] task_conditioned refresh start :: sync_timeout=240s
[2026-06-25 11:24:12] task_conditioned refresh sync :: status=ok exit=0
[2026-06-25 11:24:14] task_conditioned refresh complete :: sync=ok sync_exit=0 stage=task_conditioned_tuning_completed_with_winner next_action=done live_phase=unknown round3=done,done,done,done,done,done winner=true duration=57s
[2026-06-25 11:34:56] task_conditioned refresh start :: sync_timeout=240s
[2026-06-25 11:35:49] task_conditioned refresh sync :: status=ok exit=0
[2026-06-25 11:35:51] task_conditioned refresh complete :: sync=ok sync_exit=0 stage=task_conditioned_tuning_completed_with_winner next_action=done live_phase=unknown round3=done,done,done,done,done,done winner=true duration=55s
[2026-06-25 11:46:33] task_conditioned refresh start :: sync_timeout=240s
[2026-06-25 11:47:52] task_conditioned refresh sync :: status=failed exit=255
[2026-06-25 11:47:57] task_conditioned refresh complete :: sync=failed sync_exit=255 stage=task_conditioned_tuning_completed_with_winner next_action=done live_phase=unknown round3=done,done,done,done,done,done winner=true duration=84s
[2026-06-25 11:58:31] task_conditioned refresh start :: sync_timeout=240s
[2026-06-25 11:59:23] task_conditioned refresh sync :: status=ok exit=0
[2026-06-25 11:59:25] task_conditioned refresh complete :: sync=ok sync_exit=0 stage=task_conditioned_tuning_completed_with_winner next_action=done live_phase=unknown round3=done,done,done,done,done,done winner=true duration=54s
[2026-06-25 12:10:00] task_conditioned refresh start :: sync_timeout=240s
[2026-06-25 12:10:57] task_conditioned refresh sync :: status=ok exit=0
[2026-06-25 12:10:59] task_conditioned refresh complete :: sync=ok sync_exit=0 stage=task_conditioned_tuning_completed_with_winner next_action=done live_phase=unknown round3=done,done,done,done,done,done winner=true duration=59s
[2026-06-25 12:21:36] task_conditioned refresh start :: sync_timeout=240s
[2026-06-25 12:22:36] task_conditioned refresh sync :: status=ok exit=0
[2026-06-25 12:22:38] task_conditioned refresh complete :: sync=ok sync_exit=0 stage=task_conditioned_tuning_completed_with_winner next_action=done live_phase=unknown round3=done,done,done,done,done,done winner=true duration=62s
[2026-06-25 12:33:20] task_conditioned refresh start :: sync_timeout=240s
[2026-06-25 12:34:15] task_conditioned refresh sync :: status=ok exit=0
[2026-06-25 12:34:18] task_conditioned refresh complete :: sync=ok sync_exit=0 stage=task_conditioned_tuning_completed_with_winner next_action=done live_phase=unknown round3=done,done,done,done,done,done winner=true duration=58s
[2026-06-25 12:44:57] task_conditioned refresh start :: sync_timeout=240s
[2026-06-25 12:46:14] task_conditioned refresh sync :: status=ok exit=0
[2026-06-25 12:46:17] task_conditioned refresh complete :: sync=ok sync_exit=0 stage=task_conditioned_tuning_completed_with_winner next_action=done live_phase=unknown round3=done,done,done,done,done,done winner=true duration=80s
[2026-06-25 12:56:57] task_conditioned refresh start :: sync_timeout=240s
[2026-06-25 12:57:57] task_conditioned refresh sync :: status=ok exit=0
[2026-06-25 12:57:59] task_conditioned refresh complete :: sync=ok sync_exit=0 stage=task_conditioned_tuning_completed_with_winner next_action=done live_phase=unknown round3=done,done,done,done,done,done winner=true duration=62s
[2026-06-25 13:08:41] task_conditioned refresh start :: sync_timeout=240s
[2026-06-25 13:09:38] task_conditioned refresh sync :: status=ok exit=0
[2026-06-25 13:09:40] task_conditioned refresh complete :: sync=ok sync_exit=0 stage=task_conditioned_tuning_completed_with_winner next_action=done live_phase=unknown round3=done,done,done,done,done,done winner=true duration=59s
[2026-06-25 13:20:22] task_conditioned refresh start :: sync_timeout=240s
[2026-06-25 13:21:17] task_conditioned refresh sync :: status=ok exit=0
[2026-06-25 13:21:19] task_conditioned refresh complete :: sync=ok sync_exit=0 stage=task_conditioned_tuning_completed_with_winner next_action=done live_phase=unknown round3=done,done,done,done,done,done winner=true duration=57s
[2026-06-25 13:32:00] task_conditioned refresh start :: sync_timeout=240s
[2026-06-25 13:32:55] task_conditioned refresh sync :: status=ok exit=0
[2026-06-25 13:32:58] task_conditioned refresh complete :: sync=ok sync_exit=0 stage=task_conditioned_tuning_completed_with_winner next_action=done live_phase=unknown round3=done,done,done,done,done,done winner=true duration=58s
[2026-06-25 13:43:40] task_conditioned refresh start :: sync_timeout=240s
[2026-06-25 13:44:41] task_conditioned refresh sync :: status=ok exit=0
[2026-06-25 13:44:44] task_conditioned refresh complete :: sync=ok sync_exit=0 stage=task_conditioned_tuning_completed_with_winner next_action=done live_phase=unknown round3=done,done,done,done,done,done winner=true duration=64s
[2026-06-25 13:55:26] task_conditioned refresh start :: sync_timeout=240s
[2026-06-25 13:56:24] task_conditioned refresh sync :: status=ok exit=0
[2026-06-25 13:56:26] task_conditioned refresh complete :: sync=ok sync_exit=0 stage=task_conditioned_tuning_completed_with_winner next_action=done live_phase=unknown round3=done,done,done,done,done,done winner=true duration=60s
[2026-06-25 14:07:10] task_conditioned refresh start :: sync_timeout=240s
[2026-06-25 14:08:11] task_conditioned refresh sync :: status=ok exit=0
[2026-06-25 14:08:13] task_conditioned refresh complete :: sync=ok sync_exit=0 stage=task_conditioned_tuning_completed_with_winner next_action=done live_phase=unknown round3=done,done,done,done,done,done winner=true duration=63s
[2026-06-25 14:18:57] task_conditioned refresh start :: sync_timeout=240s
[2026-06-25 14:19:49] task_conditioned refresh sync :: status=ok exit=0
[2026-06-25 14:19:51] task_conditioned refresh complete :: sync=ok sync_exit=0 stage=task_conditioned_tuning_completed_with_winner next_action=done live_phase=unknown round3=done,done,done,done,done,done winner=true duration=54s
[2026-06-25 14:30:35] task_conditioned refresh start :: sync_timeout=240s
[2026-06-25 14:31:08] task_conditioned refresh sync :: status=failed exit=255
[2026-06-25 14:31:11] task_conditioned refresh complete :: sync=failed sync_exit=255 stage=task_conditioned_tuning_completed_with_winner next_action=done live_phase=unknown round3=done,done,done,done,done,done winner=true duration=36s
[2026-06-25 14:41:56] task_conditioned refresh start :: sync_timeout=240s
[2026-06-25 14:42:48] task_conditioned refresh sync :: status=ok exit=0
[2026-06-25 14:42:51] task_conditioned refresh complete :: sync=ok sync_exit=0 stage=task_conditioned_tuning_completed_with_winner next_action=done live_phase=unknown round3=done,done,done,done,done,done winner=true duration=55s
[2026-06-25 14:53:36] task_conditioned refresh start :: sync_timeout=240s
[2026-06-25 14:54:35] task_conditioned refresh sync :: status=ok exit=0
[2026-06-25 14:54:38] task_conditioned refresh complete :: sync=ok sync_exit=0 stage=task_conditioned_tuning_completed_with_winner next_action=done live_phase=unknown round3=done,done,done,done,done,done winner=true duration=62s
[2026-06-25 15:05:22] task_conditioned refresh start :: sync_timeout=240s
[2026-06-25 15:06:21] task_conditioned refresh sync :: status=ok exit=0
[2026-06-25 15:06:23] task_conditioned refresh complete :: sync=ok sync_exit=0 stage=task_conditioned_tuning_completed_with_winner next_action=done live_phase=unknown round3=done,done,done,done,done,done winner=true duration=61s
[2026-06-25 15:17:07] task_conditioned refresh start :: sync_timeout=240s
[2026-06-25 15:18:05] task_conditioned refresh sync :: status=ok exit=0
[2026-06-25 15:18:08] task_conditioned refresh complete :: sync=ok sync_exit=0 stage=task_conditioned_tuning_completed_with_winner next_action=done live_phase=unknown round3=done,done,done,done,done,done winner=true duration=61s
[2026-06-25 15:28:53] task_conditioned refresh start :: sync_timeout=240s
[2026-06-25 15:29:58] task_conditioned refresh sync :: status=ok exit=0
[2026-06-25 15:30:00] task_conditioned refresh complete :: sync=ok sync_exit=0 stage=task_conditioned_tuning_completed_with_winner next_action=done live_phase=unknown round3=done,done,done,done,done,done winner=true duration=67s
[2026-06-25 15:40:45] task_conditioned refresh start :: sync_timeout=240s
[2026-06-25 15:41:50] task_conditioned refresh sync :: status=ok exit=0
[2026-06-25 15:41:52] task_conditioned refresh complete :: sync=ok sync_exit=0 stage=task_conditioned_tuning_completed_with_winner next_action=done live_phase=unknown round3=done,done,done,done,done,done winner=true duration=67s
[2026-06-25 15:52:34] task_conditioned refresh start :: sync_timeout=240s
[2026-06-25 15:53:25] task_conditioned refresh sync :: status=failed exit=255
[2026-06-25 15:53:28] task_conditioned refresh complete :: sync=failed sync_exit=255 stage=task_conditioned_tuning_completed_with_winner next_action=done live_phase=unknown round3=done,done,done,done,done,done winner=true duration=54s
[2026-06-25 16:04:15] task_conditioned refresh start :: sync_timeout=240s
[2026-06-25 16:05:10] task_conditioned refresh sync :: status=ok exit=0
[2026-06-25 16:05:13] task_conditioned refresh complete :: sync=ok sync_exit=0 stage=task_conditioned_tuning_completed_with_winner next_action=done live_phase=unknown round3=done,done,done,done,done,done winner=true duration=58s
[2026-06-25 16:16:00] task_conditioned refresh start :: sync_timeout=240s
[2026-06-25 16:16:59] task_conditioned refresh sync :: status=ok exit=0
[2026-06-25 16:17:01] task_conditioned refresh complete :: sync=ok sync_exit=0 stage=task_conditioned_tuning_completed_with_winner next_action=done live_phase=unknown round3=done,done,done,done,done,done winner=true duration=61s
[2026-06-25 16:27:46] task_conditioned refresh start :: sync_timeout=240s
[2026-06-25 16:28:47] task_conditioned refresh sync :: status=ok exit=0
[2026-06-25 16:28:49] task_conditioned refresh complete :: sync=ok sync_exit=0 stage=task_conditioned_tuning_completed_with_winner next_action=done live_phase=unknown round3=done,done,done,done,done,done winner=true duration=63s
[2026-06-25 16:39:32] task_conditioned refresh start :: sync_timeout=240s
[2026-06-25 16:40:30] task_conditioned refresh sync :: status=ok exit=0
[2026-06-25 16:40:32] task_conditioned refresh complete :: sync=ok sync_exit=0 stage=task_conditioned_tuning_completed_with_winner next_action=done live_phase=unknown round3=done,done,done,done,done,done winner=true duration=60s
[2026-06-25 16:51:18] task_conditioned refresh start :: sync_timeout=240s
[2026-06-25 16:52:11] task_conditioned refresh sync :: status=failed exit=255
[2026-06-25 16:52:14] task_conditioned refresh complete :: sync=failed sync_exit=255 stage=task_conditioned_tuning_completed_with_winner next_action=done live_phase=unknown round3=done,done,done,done,done,done winner=true duration=56s
[2026-06-25 17:02:59] task_conditioned refresh start :: sync_timeout=240s
[2026-06-25 17:03:56] task_conditioned refresh sync :: status=ok exit=0
[2026-06-25 17:03:58] task_conditioned refresh complete :: sync=ok sync_exit=0 stage=task_conditioned_tuning_completed_with_winner next_action=done live_phase=unknown round3=done,done,done,done,done,done winner=true duration=59s
[2026-06-25 17:14:47] task_conditioned refresh start :: sync_timeout=240s
[2026-06-25 17:15:51] task_conditioned refresh sync :: status=ok exit=0
[2026-06-25 17:15:54] task_conditioned refresh complete :: sync=ok sync_exit=0 stage=task_conditioned_tuning_completed_with_winner next_action=done live_phase=unknown round3=done,done,done,done,done,done winner=true duration=67s
[2026-06-25 17:26:42] task_conditioned refresh start :: sync_timeout=240s
[2026-06-25 17:27:47] task_conditioned refresh sync :: status=ok exit=0
[2026-06-25 17:27:50] task_conditioned refresh complete :: sync=ok sync_exit=0 stage=task_conditioned_tuning_completed_with_winner next_action=done live_phase=unknown round3=done,done,done,done,done,done winner=true duration=68s
[2026-06-25 17:38:33] task_conditioned refresh start :: sync_timeout=240s
[2026-06-25 17:39:34] task_conditioned refresh sync :: status=ok exit=0
[2026-06-25 17:39:36] task_conditioned refresh complete :: sync=ok sync_exit=0 stage=task_conditioned_tuning_completed_with_winner next_action=done live_phase=unknown round3=done,done,done,done,done,done winner=true duration=63s
[2026-06-25 17:50:24] task_conditioned refresh start :: sync_timeout=240s
[2026-06-25 17:51:19] task_conditioned refresh sync :: status=ok exit=0
[2026-06-25 17:51:21] task_conditioned refresh complete :: sync=ok sync_exit=0 stage=task_conditioned_tuning_completed_with_winner next_action=done live_phase=unknown round3=done,done,done,done,done,done winner=true duration=57s
[2026-06-25 18:02:05] task_conditioned refresh start :: sync_timeout=240s
[2026-06-25 18:03:01] task_conditioned refresh sync :: status=failed exit=255
[2026-06-25 18:03:03] task_conditioned refresh complete :: sync=failed sync_exit=255 stage=task_conditioned_tuning_completed_with_winner next_action=done live_phase=unknown round3=done,done,done,done,done,done winner=true duration=58s
[2026-06-25 18:13:49] task_conditioned refresh start :: sync_timeout=240s
[2026-06-25 18:14:43] task_conditioned refresh sync :: status=ok exit=0
[2026-06-25 18:14:46] task_conditioned refresh complete :: sync=ok sync_exit=0 stage=task_conditioned_tuning_completed_with_winner next_action=done live_phase=unknown round3=done,done,done,done,done,done winner=true duration=57s
[2026-06-25 18:25:32] task_conditioned refresh start :: sync_timeout=240s
[2026-06-25 18:26:27] task_conditioned refresh sync :: status=ok exit=0
[2026-06-25 18:26:29] task_conditioned refresh complete :: sync=ok sync_exit=0 stage=task_conditioned_tuning_completed_with_winner next_action=done live_phase=unknown round3=done,done,done,done,done,done winner=true duration=57s
[2026-06-25 18:37:18] task_conditioned refresh start :: sync_timeout=240s
[2026-06-25 18:38:13] task_conditioned refresh sync :: status=ok exit=0
[2026-06-25 18:38:17] task_conditioned refresh complete :: sync=ok sync_exit=0 stage=task_conditioned_tuning_completed_with_winner next_action=done live_phase=unknown round3=done,done,done,done,done,done winner=true duration=59s
[2026-06-25 18:49:03] task_conditioned refresh start :: sync_timeout=240s
[2026-06-25 18:50:03] task_conditioned refresh sync :: status=ok exit=0
[2026-06-25 18:50:06] task_conditioned refresh complete :: sync=ok sync_exit=0 stage=task_conditioned_tuning_completed_with_winner next_action=done live_phase=unknown round3=done,done,done,done,done,done winner=true duration=63s
[2026-06-25 19:00:51] task_conditioned refresh start :: sync_timeout=240s
[2026-06-25 19:01:47] task_conditioned refresh sync :: status=ok exit=0
[2026-06-25 19:01:50] task_conditioned refresh complete :: sync=ok sync_exit=0 stage=task_conditioned_tuning_completed_with_winner next_action=done live_phase=unknown round3=done,done,done,done,done,done winner=true duration=59s
[2026-06-25 19:12:37] task_conditioned refresh start :: sync_timeout=240s
[2026-06-25 19:13:33] task_conditioned refresh sync :: status=ok exit=0
[2026-06-25 19:13:35] task_conditioned refresh complete :: sync=ok sync_exit=0 stage=task_conditioned_tuning_completed_with_winner next_action=done live_phase=unknown round3=done,done,done,done,done,done winner=true duration=58s
[2026-06-25 19:24:25] task_conditioned refresh start :: sync_timeout=240s
[2026-06-25 19:25:25] task_conditioned refresh sync :: status=ok exit=0
[2026-06-25 19:25:27] task_conditioned refresh complete :: sync=ok sync_exit=0 stage=task_conditioned_tuning_completed_with_winner next_action=done live_phase=unknown round3=done,done,done,done,done,done winner=true duration=62s
[2026-06-25 19:36:16] task_conditioned refresh start :: sync_timeout=240s
[2026-06-25 19:37:12] task_conditioned refresh sync :: status=ok exit=0
[2026-06-25 19:37:15] task_conditioned refresh complete :: sync=ok sync_exit=0 stage=task_conditioned_tuning_completed_with_winner next_action=done live_phase=unknown round3=done,done,done,done,done,done winner=true duration=59s
[2026-06-25 19:48:06] task_conditioned refresh start :: sync_timeout=240s
[2026-06-25 19:49:03] task_conditioned refresh sync :: status=ok exit=0
[2026-06-25 19:49:05] task_conditioned refresh complete :: sync=ok sync_exit=0 stage=task_conditioned_tuning_completed_with_winner next_action=done live_phase=unknown round3=done,done,done,done,done,done winner=true duration=59s
[2026-06-25 19:59:55] task_conditioned refresh start :: sync_timeout=240s
[2026-06-25 20:00:44] task_conditioned refresh sync :: status=failed exit=255
[2026-06-25 20:00:46] task_conditioned refresh complete :: sync=failed sync_exit=255 stage=task_conditioned_tuning_completed_with_winner next_action=done live_phase=unknown round3=done,done,done,done,done,done winner=true duration=51s
[2026-06-25 20:11:37] task_conditioned refresh start :: sync_timeout=240s
[2026-06-25 20:12:39] task_conditioned refresh sync :: status=ok exit=0
[2026-06-25 20:12:41] task_conditioned refresh complete :: sync=ok sync_exit=0 stage=task_conditioned_tuning_completed_with_winner next_action=done live_phase=unknown round3=done,done,done,done,done,done winner=true duration=64s
[2026-06-25 20:23:32] task_conditioned refresh start :: sync_timeout=240s
[2026-06-25 20:24:26] task_conditioned refresh sync :: status=ok exit=0
[2026-06-25 20:24:28] task_conditioned refresh complete :: sync=ok sync_exit=0 stage=task_conditioned_tuning_completed_with_winner next_action=done live_phase=unknown round3=done,done,done,done,done,done winner=true duration=56s
[2026-06-25 20:35:18] task_conditioned refresh start :: sync_timeout=240s
[2026-06-25 20:36:14] task_conditioned refresh sync :: status=ok exit=0
[2026-06-25 20:36:17] task_conditioned refresh complete :: sync=ok sync_exit=0 stage=task_conditioned_tuning_completed_with_winner next_action=done live_phase=unknown round3=done,done,done,done,done,done winner=true duration=59s
[2026-06-25 20:47:09] task_conditioned refresh start :: sync_timeout=240s
[2026-06-25 20:48:01] task_conditioned refresh sync :: status=ok exit=0
[2026-06-25 20:48:03] task_conditioned refresh complete :: sync=ok sync_exit=0 stage=task_conditioned_tuning_completed_with_winner next_action=done live_phase=unknown round3=done,done,done,done,done,done winner=true duration=54s
[2026-06-25 20:58:55] task_conditioned refresh start :: sync_timeout=240s
[2026-06-25 20:59:54] task_conditioned refresh sync :: status=ok exit=0
[2026-06-25 20:59:56] task_conditioned refresh complete :: sync=ok sync_exit=0 stage=task_conditioned_tuning_completed_with_winner next_action=done live_phase=unknown round3=done,done,done,done,done,done winner=true duration=61s
[2026-06-25 21:10:40] task_conditioned refresh start :: sync_timeout=240s
[2026-06-25 21:12:02] task_conditioned refresh sync :: status=ok exit=0
[2026-06-25 21:12:06] task_conditioned refresh complete :: sync=ok sync_exit=0 stage=task_conditioned_tuning_completed_with_winner next_action=done live_phase=unknown round3=done,done,done,done,done,done winner=true duration=86s
[2026-06-25 21:22:53] task_conditioned refresh start :: sync_timeout=240s
[2026-06-25 21:23:52] task_conditioned refresh sync :: status=ok exit=0
[2026-06-25 21:23:54] task_conditioned refresh complete :: sync=ok sync_exit=0 stage=task_conditioned_tuning_completed_with_winner next_action=done live_phase=unknown round3=done,done,done,done,done,done winner=true duration=61s
[2026-06-25 21:34:45] task_conditioned refresh start :: sync_timeout=240s
[2026-06-25 21:35:02] task_conditioned refresh sync :: status=failed exit=255
[2026-06-25 21:35:05] task_conditioned refresh complete :: sync=failed sync_exit=255 stage=task_conditioned_tuning_completed_with_winner next_action=done live_phase=unknown round3=done,done,done,done,done,done winner=true duration=20s
[2026-06-25 21:45:56] task_conditioned refresh start :: sync_timeout=240s
[2026-06-25 21:46:55] task_conditioned refresh sync :: status=ok exit=0
[2026-06-25 21:46:57] task_conditioned refresh complete :: sync=ok sync_exit=0 stage=task_conditioned_tuning_completed_with_winner next_action=done live_phase=unknown round3=done,done,done,done,done,done winner=true duration=61s
[2026-06-25 21:57:50] task_conditioned refresh start :: sync_timeout=240s
[2026-06-25 21:58:43] task_conditioned refresh sync :: status=ok exit=0
[2026-06-25 21:58:46] task_conditioned refresh complete :: sync=ok sync_exit=0 stage=task_conditioned_tuning_completed_with_winner next_action=done live_phase=unknown round3=done,done,done,done,done,done winner=true duration=56s
[2026-06-25 22:09:39] task_conditioned refresh start :: sync_timeout=240s
[2026-06-25 22:10:32] task_conditioned refresh sync :: status=ok exit=0
[2026-06-25 22:10:35] task_conditioned refresh complete :: sync=ok sync_exit=0 stage=task_conditioned_tuning_completed_with_winner next_action=done live_phase=unknown round3=done,done,done,done,done,done winner=true duration=56s
[2026-06-25 22:21:26] task_conditioned refresh start :: sync_timeout=240s
[2026-06-25 22:22:26] task_conditioned refresh sync :: status=ok exit=0
[2026-06-25 22:22:28] task_conditioned refresh complete :: sync=ok sync_exit=0 stage=task_conditioned_tuning_completed_with_winner next_action=done live_phase=unknown round3=done,done,done,done,done,done winner=true duration=62s
[2026-06-25 22:33:23] task_conditioned refresh start :: sync_timeout=240s
[2026-06-25 22:34:29] task_conditioned refresh sync :: status=failed exit=255
[2026-06-25 22:34:32] task_conditioned refresh complete :: sync=failed sync_exit=255 stage=task_conditioned_tuning_completed_with_winner next_action=done live_phase=unknown round3=done,done,done,done,done,done winner=true duration=69s
[2026-06-25 22:45:24] task_conditioned refresh start :: sync_timeout=240s
[2026-06-25 22:46:19] task_conditioned refresh sync :: status=ok exit=0
[2026-06-25 22:46:21] task_conditioned refresh complete :: sync=ok sync_exit=0 stage=task_conditioned_tuning_completed_with_winner next_action=done live_phase=unknown round3=done,done,done,done,done,done winner=true duration=57s
[2026-06-25 22:57:16] task_conditioned refresh start :: sync_timeout=240s
[2026-06-25 22:58:15] task_conditioned refresh sync :: status=ok exit=0
[2026-06-25 22:58:18] task_conditioned refresh complete :: sync=ok sync_exit=0 stage=task_conditioned_tuning_completed_with_winner next_action=done live_phase=unknown round3=done,done,done,done,done,done winner=true duration=62s
[2026-06-25 23:09:13] task_conditioned refresh start :: sync_timeout=240s
[2026-06-25 23:10:08] task_conditioned refresh sync :: status=ok exit=0
[2026-06-25 23:10:10] task_conditioned refresh complete :: sync=ok sync_exit=0 stage=task_conditioned_tuning_completed_with_winner next_action=done live_phase=unknown round3=done,done,done,done,done,done winner=true duration=57s
[2026-06-25 23:21:05] task_conditioned refresh start :: sync_timeout=240s
[2026-06-25 23:22:01] task_conditioned refresh sync :: status=ok exit=0
[2026-06-25 23:22:04] task_conditioned refresh complete :: sync=ok sync_exit=0 stage=task_conditioned_tuning_completed_with_winner next_action=done live_phase=unknown round3=done,done,done,done,done,done winner=true duration=59s
[2026-06-25 23:32:57] task_conditioned refresh start :: sync_timeout=240s
[2026-06-25 23:33:52] task_conditioned refresh sync :: status=ok exit=0
[2026-06-25 23:33:54] task_conditioned refresh complete :: sync=ok sync_exit=0 stage=task_conditioned_tuning_completed_with_winner next_action=done live_phase=unknown round3=done,done,done,done,done,done winner=true duration=57s
[2026-06-25 23:44:53] task_conditioned refresh start :: sync_timeout=240s
[2026-06-25 23:45:44] task_conditioned refresh sync :: status=ok exit=0
[2026-06-25 23:45:47] task_conditioned refresh complete :: sync=ok sync_exit=0 stage=task_conditioned_tuning_completed_with_winner next_action=done live_phase=unknown round3=done,done,done,done,done,done winner=true duration=54s
[2026-06-25 23:56:43] task_conditioned refresh start :: sync_timeout=240s
[2026-06-25 23:57:46] task_conditioned refresh sync :: status=ok exit=0
[2026-06-25 23:57:48] task_conditioned refresh complete :: sync=ok sync_exit=0 stage=task_conditioned_tuning_completed_with_winner next_action=done live_phase=unknown round3=done,done,done,done,done,done winner=true duration=65s
[2026-06-26 00:08:46] task_conditioned refresh start :: sync_timeout=240s
[2026-06-26 00:09:40] task_conditioned refresh sync :: status=ok exit=0
[2026-06-26 00:09:42] task_conditioned refresh complete :: sync=ok sync_exit=0 stage=task_conditioned_tuning_completed_with_winner next_action=done live_phase=unknown round3=done,done,done,done,done,done winner=true duration=56s
[2026-06-26 00:20:40] task_conditioned refresh start :: sync_timeout=240s
[2026-06-26 00:21:34] task_conditioned refresh sync :: status=ok exit=0
[2026-06-26 00:21:36] task_conditioned refresh complete :: sync=ok sync_exit=0 stage=task_conditioned_tuning_completed_with_winner next_action=done live_phase=unknown round3=done,done,done,done,done,done winner=true duration=56s
[2026-06-26 00:32:27] task_conditioned refresh start :: sync_timeout=240s
[2026-06-26 00:33:20] task_conditioned refresh sync :: status=ok exit=0
[2026-06-26 00:33:22] task_conditioned refresh complete :: sync=ok sync_exit=0 stage=task_conditioned_tuning_completed_with_winner next_action=done live_phase=unknown round3=done,done,done,done,done,done winner=true duration=55s
[2026-06-26 00:44:16] task_conditioned refresh start :: sync_timeout=240s
[2026-06-26 00:45:06] task_conditioned refresh sync :: status=ok exit=0
[2026-06-26 00:45:08] task_conditioned refresh complete :: sync=ok sync_exit=0 stage=task_conditioned_tuning_completed_with_winner next_action=done live_phase=unknown round3=done,done,done,done,done,done winner=true duration=52s
[2026-06-26 00:56:04] task_conditioned refresh start :: sync_timeout=240s
[2026-06-26 00:56:54] task_conditioned refresh sync :: status=ok exit=0
[2026-06-26 00:56:56] task_conditioned refresh complete :: sync=ok sync_exit=0 stage=task_conditioned_tuning_completed_with_winner next_action=done live_phase=unknown round3=done,done,done,done,done,done winner=true duration=52s
[2026-06-26 01:07:35] task_conditioned refresh start :: sync_timeout=240s
[2026-06-26 01:08:27] task_conditioned refresh sync :: status=ok exit=0
[2026-06-26 01:08:30] task_conditioned refresh complete :: sync=ok sync_exit=0 stage=task_conditioned_tuning_completed_with_winner next_action=done live_phase=unknown round3=done,done,done,done,done,done winner=true duration=55s
[2026-06-26 01:19:19] task_conditioned refresh start :: sync_timeout=240s
[2026-06-26 01:20:09] task_conditioned refresh sync :: status=ok exit=0
[2026-06-26 01:20:12] task_conditioned refresh complete :: sync=ok sync_exit=0 stage=task_conditioned_tuning_completed_with_winner next_action=done live_phase=unknown round3=done,done,done,done,done,done winner=true duration=53s
[2026-06-26 01:30:58] task_conditioned refresh start :: sync_timeout=240s
[2026-06-26 01:31:47] task_conditioned refresh sync :: status=ok exit=0
[2026-06-26 01:31:50] task_conditioned refresh complete :: sync=ok sync_exit=0 stage=task_conditioned_tuning_completed_with_winner next_action=done live_phase=unknown round3=done,done,done,done,done,done winner=true duration=52s
[2026-06-26 01:42:40] task_conditioned refresh start :: sync_timeout=240s
[2026-06-26 01:43:33] task_conditioned refresh sync :: status=ok exit=0
[2026-06-26 01:43:35] task_conditioned refresh complete :: sync=ok sync_exit=0 stage=task_conditioned_tuning_completed_with_winner next_action=done live_phase=unknown round3=done,done,done,done,done,done winner=true duration=55s
[2026-06-26 01:54:27] task_conditioned refresh start :: sync_timeout=240s
[2026-06-26 01:55:17] task_conditioned refresh sync :: status=ok exit=0
[2026-06-26 01:55:19] task_conditioned refresh complete :: sync=ok sync_exit=0 stage=task_conditioned_tuning_completed_with_winner next_action=done live_phase=unknown round3=done,done,done,done,done,done winner=true duration=52s
[2026-06-26 02:06:11] task_conditioned refresh start :: sync_timeout=240s
[2026-06-26 02:07:00] task_conditioned refresh sync :: status=failed exit=255
[2026-06-26 02:07:05] task_conditioned refresh complete :: sync=failed sync_exit=255 stage=task_conditioned_tuning_completed_with_winner next_action=done live_phase=unknown round3=done,done,done,done,done,done winner=true duration=54s
[2026-06-26 02:17:58] task_conditioned refresh start :: sync_timeout=240s
[2026-06-26 02:18:50] task_conditioned refresh sync :: status=ok exit=0
[2026-06-26 02:18:52] task_conditioned refresh complete :: sync=ok sync_exit=0 stage=task_conditioned_tuning_completed_with_winner next_action=done live_phase=unknown round3=done,done,done,done,done,done winner=true duration=54s
[2026-06-26 02:29:31] task_conditioned refresh start :: sync_timeout=240s
[2026-06-26 02:30:20] task_conditioned refresh sync :: status=ok exit=0
[2026-06-26 02:30:23] task_conditioned refresh complete :: sync=ok sync_exit=0 stage=task_conditioned_tuning_completed_with_winner next_action=done live_phase=unknown round3=done,done,done,done,done,done winner=true duration=52s
[2026-06-26 02:41:04] task_conditioned refresh start :: sync_timeout=240s
[2026-06-26 02:41:54] task_conditioned refresh sync :: status=ok exit=0
[2026-06-26 02:41:58] task_conditioned refresh complete :: sync=ok sync_exit=0 stage=task_conditioned_tuning_completed_with_winner next_action=done live_phase=unknown round3=done,done,done,done,done,done winner=true duration=54s
[2026-06-26 02:52:43] task_conditioned refresh start :: sync_timeout=240s
[2026-06-26 02:53:35] task_conditioned refresh sync :: status=ok exit=0
[2026-06-26 02:53:38] task_conditioned refresh complete :: sync=ok sync_exit=0 stage=task_conditioned_tuning_completed_with_winner next_action=done live_phase=unknown round3=done,done,done,done,done,done winner=true duration=55s
[2026-06-26 03:04:26] task_conditioned refresh start :: sync_timeout=240s
[2026-06-26 03:05:16] task_conditioned refresh sync :: status=ok exit=0
[2026-06-26 03:05:18] task_conditioned refresh complete :: sync=ok sync_exit=0 stage=task_conditioned_tuning_completed_with_winner next_action=done live_phase=unknown round3=done,done,done,done,done,done winner=true duration=52s
[2026-06-26 03:16:11] task_conditioned refresh start :: sync_timeout=240s
[2026-06-26 03:17:04] task_conditioned refresh sync :: status=ok exit=0
[2026-06-26 03:17:06] task_conditioned refresh complete :: sync=ok sync_exit=0 stage=task_conditioned_tuning_completed_with_winner next_action=done live_phase=unknown round3=done,done,done,done,done,done winner=true duration=55s
[2026-06-26 03:27:54] task_conditioned refresh start :: sync_timeout=240s
[2026-06-26 03:28:46] task_conditioned refresh sync :: status=ok exit=0
[2026-06-26 03:28:48] task_conditioned refresh complete :: sync=ok sync_exit=0 stage=task_conditioned_tuning_completed_with_winner next_action=done live_phase=unknown round3=done,done,done,done,done,done winner=true duration=54s
[2026-06-26 03:39:41] task_conditioned refresh start :: sync_timeout=240s
[2026-06-26 03:40:30] task_conditioned refresh sync :: status=ok exit=0
[2026-06-26 03:40:33] task_conditioned refresh complete :: sync=ok sync_exit=0 stage=task_conditioned_tuning_completed_with_winner next_action=done live_phase=unknown round3=done,done,done,done,done,done winner=true duration=52s
[2026-06-26 03:51:25] task_conditioned refresh start :: sync_timeout=240s
[2026-06-26 03:52:17] task_conditioned refresh sync :: status=ok exit=0
[2026-06-26 03:52:20] task_conditioned refresh complete :: sync=ok sync_exit=0 stage=task_conditioned_tuning_completed_with_winner next_action=done live_phase=unknown round3=done,done,done,done,done,done winner=true duration=55s
[2026-06-26 04:03:15] task_conditioned refresh start :: sync_timeout=240s
[2026-06-26 04:04:05] task_conditioned refresh sync :: status=ok exit=0
[2026-06-26 04:04:07] task_conditioned refresh complete :: sync=ok sync_exit=0 stage=task_conditioned_tuning_completed_with_winner next_action=done live_phase=unknown round3=done,done,done,done,done,done winner=true duration=52s
[2026-06-26 04:15:02] task_conditioned refresh start :: sync_timeout=240s
[2026-06-26 04:15:51] task_conditioned refresh sync :: status=ok exit=0
[2026-06-26 04:15:54] task_conditioned refresh complete :: sync=ok sync_exit=0 stage=task_conditioned_tuning_completed_with_winner next_action=done live_phase=unknown round3=done,done,done,done,done,done winner=true duration=52s
[2026-06-26 04:26:51] task_conditioned refresh start :: sync_timeout=240s
[2026-06-26 04:27:43] task_conditioned refresh sync :: status=ok exit=0
[2026-06-26 04:27:46] task_conditioned refresh complete :: sync=ok sync_exit=0 stage=task_conditioned_tuning_completed_with_winner next_action=done live_phase=unknown round3=done,done,done,done,done,done winner=true duration=55s
[2026-06-26 04:38:45] task_conditioned refresh start :: sync_timeout=240s
[2026-06-26 04:39:35] task_conditioned refresh sync :: status=ok exit=0
[2026-06-26 04:39:37] task_conditioned refresh complete :: sync=ok sync_exit=0 stage=task_conditioned_tuning_completed_with_winner next_action=done live_phase=unknown round3=done,done,done,done,done,done winner=true duration=52s
[2026-06-26 04:50:40] task_conditioned refresh start :: sync_timeout=240s
[2026-06-26 04:51:29] task_conditioned refresh sync :: status=ok exit=0
[2026-06-26 04:51:31] task_conditioned refresh complete :: sync=ok sync_exit=0 stage=task_conditioned_tuning_completed_with_winner next_action=done live_phase=unknown round3=done,done,done,done,done,done winner=true duration=51s
[2026-06-26 05:02:33] task_conditioned refresh start :: sync_timeout=240s
[2026-06-26 05:03:26] task_conditioned refresh sync :: status=ok exit=0
[2026-06-26 05:03:28] task_conditioned refresh complete :: sync=ok sync_exit=0 stage=task_conditioned_tuning_completed_with_winner next_action=done live_phase=unknown round3=done,done,done,done,done,done winner=true duration=55s
[2026-06-26 05:14:27] task_conditioned refresh start :: sync_timeout=240s
[2026-06-26 05:15:20] task_conditioned refresh sync :: status=ok exit=0
[2026-06-26 05:15:22] task_conditioned refresh complete :: sync=ok sync_exit=0 stage=task_conditioned_tuning_completed_with_winner next_action=done live_phase=unknown round3=done,done,done,done,done,done winner=true duration=55s
[2026-06-26 05:26:21] task_conditioned refresh start :: sync_timeout=240s
[2026-06-26 05:27:09] task_conditioned refresh sync :: status=ok exit=0
[2026-06-26 05:27:12] task_conditioned refresh complete :: sync=ok sync_exit=0 stage=task_conditioned_tuning_completed_with_winner next_action=done live_phase=unknown round3=done,done,done,done,done,done winner=true duration=51s
[2026-06-26 05:38:14] task_conditioned refresh start :: sync_timeout=240s
[2026-06-26 05:39:07] task_conditioned refresh sync :: status=ok exit=0
[2026-06-26 05:39:09] task_conditioned refresh complete :: sync=ok sync_exit=0 stage=task_conditioned_tuning_completed_with_winner next_action=done live_phase=unknown round3=done,done,done,done,done,done winner=true duration=55s
[2026-06-26 05:50:08] task_conditioned refresh start :: sync_timeout=240s
[2026-06-26 05:51:00] task_conditioned refresh sync :: status=ok exit=0
[2026-06-26 05:51:02] task_conditioned refresh complete :: sync=ok sync_exit=0 stage=task_conditioned_tuning_completed_with_winner next_action=done live_phase=unknown round3=done,done,done,done,done,done winner=true duration=54s
[2026-06-26 06:02:04] task_conditioned refresh start :: sync_timeout=240s
[2026-06-26 06:02:54] task_conditioned refresh sync :: status=ok exit=0
[2026-06-26 06:02:56] task_conditioned refresh complete :: sync=ok sync_exit=0 stage=task_conditioned_tuning_completed_with_winner next_action=done live_phase=unknown round3=done,done,done,done,done,done winner=true duration=52s
[2026-06-26 06:13:58] task_conditioned refresh start :: sync_timeout=240s
[2026-06-26 06:14:50] task_conditioned refresh sync :: status=ok exit=0
[2026-06-26 06:14:53] task_conditioned refresh complete :: sync=ok sync_exit=0 stage=task_conditioned_tuning_completed_with_winner next_action=done live_phase=unknown round3=done,done,done,done,done,done winner=true duration=55s
[2026-06-26 06:25:52] task_conditioned refresh start :: sync_timeout=240s
[2026-06-26 06:26:45] task_conditioned refresh sync :: status=ok exit=0
[2026-06-26 06:26:47] task_conditioned refresh complete :: sync=ok sync_exit=0 stage=task_conditioned_tuning_completed_with_winner next_action=done live_phase=unknown round3=done,done,done,done,done,done winner=true duration=55s
[2026-06-26 06:37:47] task_conditioned refresh start :: sync_timeout=240s
[2026-06-26 06:38:37] task_conditioned refresh sync :: status=ok exit=0
[2026-06-26 06:38:39] task_conditioned refresh complete :: sync=ok sync_exit=0 stage=task_conditioned_tuning_completed_with_winner next_action=done live_phase=unknown round3=done,done,done,done,done,done winner=true duration=52s
[2026-06-26 06:49:25] task_conditioned refresh start :: sync_timeout=240s
[2026-06-26 06:50:17] task_conditioned refresh sync :: status=ok exit=0
[2026-06-26 06:50:20] task_conditioned refresh complete :: sync=ok sync_exit=0 stage=task_conditioned_tuning_completed_with_winner next_action=done live_phase=unknown round3=done,done,done,done,done,done winner=true duration=55s
[2026-06-26 07:01:07] task_conditioned refresh start :: sync_timeout=240s
[2026-06-26 07:02:00] task_conditioned refresh sync :: status=ok exit=0
[2026-06-26 07:02:02] task_conditioned refresh complete :: sync=ok sync_exit=0 stage=task_conditioned_tuning_completed_with_winner next_action=done live_phase=unknown round3=done,done,done,done,done,done winner=true duration=55s
[2026-06-26 07:12:56] task_conditioned refresh start :: sync_timeout=240s
[2026-06-26 07:13:46] task_conditioned refresh sync :: status=ok exit=0
[2026-06-26 07:13:49] task_conditioned refresh complete :: sync=ok sync_exit=0 stage=task_conditioned_tuning_completed_with_winner next_action=done live_phase=unknown round3=done,done,done,done,done,done winner=true duration=53s
[2026-06-26 07:24:43] task_conditioned refresh start :: sync_timeout=240s
[2026-06-26 07:25:35] task_conditioned refresh sync :: status=ok exit=0
[2026-06-26 07:25:38] task_conditioned refresh complete :: sync=ok sync_exit=0 stage=task_conditioned_tuning_completed_with_winner next_action=done live_phase=unknown round3=done,done,done,done,done,done winner=true duration=55s
[2026-06-26 07:36:31] task_conditioned refresh start :: sync_timeout=240s
[2026-06-26 07:37:20] task_conditioned refresh sync :: status=ok exit=0
[2026-06-26 07:37:23] task_conditioned refresh complete :: sync=ok sync_exit=0 stage=task_conditioned_tuning_completed_with_winner next_action=done live_phase=unknown round3=done,done,done,done,done,done winner=true duration=52s
[2026-06-26 07:48:22] task_conditioned refresh start :: sync_timeout=240s
[2026-06-26 07:49:11] task_conditioned refresh sync :: status=ok exit=0
[2026-06-26 07:49:14] task_conditioned refresh complete :: sync=ok sync_exit=0 stage=task_conditioned_tuning_completed_with_winner next_action=done live_phase=unknown round3=done,done,done,done,done,done winner=true duration=52s
[2026-06-26 08:00:19] task_conditioned refresh start :: sync_timeout=240s
[2026-06-26 08:01:12] task_conditioned refresh sync :: status=ok exit=0
[2026-06-26 08:01:15] task_conditioned refresh complete :: sync=ok sync_exit=0 stage=task_conditioned_tuning_completed_with_winner next_action=done live_phase=unknown round3=done,done,done,done,done,done winner=true duration=56s
[2026-06-26 08:12:16] task_conditioned refresh start :: sync_timeout=240s
[2026-06-26 08:13:06] task_conditioned refresh sync :: status=ok exit=0
[2026-06-26 08:13:09] task_conditioned refresh complete :: sync=ok sync_exit=0 stage=task_conditioned_tuning_completed_with_winner next_action=done live_phase=unknown round3=done,done,done,done,done,done winner=true duration=53s
[2026-06-26 08:24:13] task_conditioned refresh start :: sync_timeout=240s
[2026-06-26 08:25:02] task_conditioned refresh sync :: status=ok exit=0
[2026-06-26 08:25:05] task_conditioned refresh complete :: sync=ok sync_exit=0 stage=task_conditioned_tuning_completed_with_winner next_action=done live_phase=unknown round3=done,done,done,done,done,done winner=true duration=52s
[2026-06-26 08:36:15] task_conditioned refresh start :: sync_timeout=240s
[2026-06-26 08:37:08] task_conditioned refresh sync :: status=ok exit=0
[2026-06-26 08:37:11] task_conditioned refresh complete :: sync=ok sync_exit=0 stage=task_conditioned_tuning_completed_with_winner next_action=done live_phase=unknown round3=done,done,done,done,done,done winner=true duration=56s
[2026-06-26 08:48:15] task_conditioned refresh start :: sync_timeout=240s
[2026-06-26 08:49:07] task_conditioned refresh sync :: status=ok exit=0
[2026-06-26 08:49:10] task_conditioned refresh complete :: sync=ok sync_exit=0 stage=task_conditioned_tuning_completed_with_winner next_action=done live_phase=unknown round3=done,done,done,done,done,done winner=true duration=55s
[2026-06-26 09:00:10] task_conditioned refresh start :: sync_timeout=240s
[2026-06-26 09:01:03] task_conditioned refresh sync :: status=ok exit=0
[2026-06-26 09:01:05] task_conditioned refresh complete :: sync=ok sync_exit=0 stage=task_conditioned_tuning_completed_with_winner next_action=done live_phase=unknown round3=done,done,done,done,done,done winner=true duration=55s
[2026-06-26 09:12:12] task_conditioned refresh start :: sync_timeout=240s
[2026-06-26 09:13:02] task_conditioned refresh sync :: status=ok exit=0
[2026-06-26 09:13:05] task_conditioned refresh complete :: sync=ok sync_exit=0 stage=task_conditioned_tuning_completed_with_winner next_action=done live_phase=unknown round3=done,done,done,done,done,done winner=true duration=53s
[2026-06-26 09:24:12] task_conditioned refresh start :: sync_timeout=240s
[2026-06-26 09:25:09] task_conditioned refresh sync :: status=ok exit=0
[2026-06-26 09:25:12] task_conditioned refresh complete :: sync=ok sync_exit=0 stage=task_conditioned_tuning_completed_with_winner next_action=done live_phase=unknown round3=done,done,done,done,done,done winner=true duration=60s
[2026-06-26 09:36:16] task_conditioned refresh start :: sync_timeout=240s
[2026-06-26 09:37:09] task_conditioned refresh sync :: status=ok exit=0
[2026-06-26 09:37:11] task_conditioned refresh complete :: sync=ok sync_exit=0 stage=task_conditioned_tuning_completed_with_winner next_action=done live_phase=unknown round3=done,done,done,done,done,done winner=true duration=55s
[2026-06-26 09:48:16] task_conditioned refresh start :: sync_timeout=240s
[2026-06-26 09:49:11] task_conditioned refresh sync :: status=ok exit=0
[2026-06-26 09:49:13] task_conditioned refresh complete :: sync=ok sync_exit=0 stage=task_conditioned_tuning_completed_with_winner next_action=done live_phase=unknown round3=done,done,done,done,done,done winner=true duration=57s
[2026-06-26 10:00:20] task_conditioned refresh start :: sync_timeout=240s
[2026-06-26 10:01:18] task_conditioned refresh sync :: status=ok exit=0
[2026-06-26 10:01:20] task_conditioned refresh complete :: sync=ok sync_exit=0 stage=task_conditioned_tuning_completed_with_winner next_action=done live_phase=unknown round3=done,done,done,done,done,done winner=true duration=60s
[2026-06-26 10:12:25] task_conditioned refresh start :: sync_timeout=240s
[2026-06-26 10:13:17] task_conditioned refresh sync :: status=ok exit=0
[2026-06-26 10:13:19] task_conditioned refresh complete :: sync=ok sync_exit=0 stage=task_conditioned_tuning_completed_with_winner next_action=done live_phase=unknown round3=done,done,done,done,done,done winner=true duration=54s
[2026-06-26 10:24:25] task_conditioned refresh start :: sync_timeout=240s
[2026-06-26 10:25:19] task_conditioned refresh sync :: status=ok exit=0
[2026-06-26 10:25:21] task_conditioned refresh complete :: sync=ok sync_exit=0 stage=task_conditioned_tuning_completed_with_winner next_action=done live_phase=unknown round3=done,done,done,done,done,done winner=true duration=56s
[2026-06-26 10:36:27] task_conditioned refresh start :: sync_timeout=240s
[2026-06-26 10:37:22] task_conditioned refresh sync :: status=ok exit=0
[2026-06-26 10:37:24] task_conditioned refresh complete :: sync=ok sync_exit=0 stage=task_conditioned_tuning_completed_with_winner next_action=done live_phase=unknown round3=done,done,done,done,done,done winner=true duration=57s
[2026-06-26 10:48:30] task_conditioned refresh start :: sync_timeout=240s
[2026-06-26 10:49:26] task_conditioned refresh sync :: status=ok exit=0
[2026-06-26 10:49:28] task_conditioned refresh complete :: sync=ok sync_exit=0 stage=task_conditioned_tuning_completed_with_winner next_action=done live_phase=unknown round3=done,done,done,done,done,done winner=true duration=58s
[2026-06-26 11:00:31] task_conditioned refresh start :: sync_timeout=240s
[2026-06-26 11:01:27] task_conditioned refresh sync :: status=ok exit=0
[2026-06-26 11:01:29] task_conditioned refresh complete :: sync=ok sync_exit=0 stage=task_conditioned_tuning_completed_with_winner next_action=done live_phase=unknown round3=done,done,done,done,done,done winner=true duration=58s
[2026-06-26 11:12:36] task_conditioned refresh start :: sync_timeout=240s
[2026-06-26 11:13:34] task_conditioned refresh sync :: status=ok exit=0
[2026-06-26 11:13:37] task_conditioned refresh complete :: sync=ok sync_exit=0 stage=task_conditioned_tuning_completed_with_winner next_action=done live_phase=unknown round3=done,done,done,done,done,done winner=true duration=61s
[2026-06-26 11:24:44] task_conditioned refresh start :: sync_timeout=240s
[2026-06-26 11:25:58] task_conditioned refresh sync :: status=ok exit=0
[2026-06-26 11:26:01] task_conditioned refresh complete :: sync=ok sync_exit=0 stage=task_conditioned_tuning_completed_with_winner next_action=done live_phase=unknown round3=done,done,done,done,done,done winner=true duration=77s
[2026-06-26 11:37:12] task_conditioned refresh start :: sync_timeout=240s
[2026-06-26 11:38:34] task_conditioned refresh sync :: status=ok exit=0
[2026-06-26 11:38:40] task_conditioned refresh complete :: sync=ok sync_exit=0 stage=task_conditioned_tuning_completed_with_winner next_action=done live_phase=unknown round3=done,done,done,done,done,done winner=true duration=88s
[2026-06-26 11:49:32] task_conditioned refresh start :: sync_timeout=240s
[2026-06-26 11:50:45] task_conditioned refresh sync :: status=failed exit=255
[2026-06-26 11:50:50] task_conditioned refresh complete :: sync=failed sync_exit=255 stage=task_conditioned_tuning_completed_with_winner next_action=done live_phase=unknown round3=done,done,done,done,done,done winner=true duration=78s
[2026-06-26 12:01:36] task_conditioned refresh start :: sync_timeout=240s
[2026-06-26 12:02:43] task_conditioned refresh sync :: status=ok exit=0
[2026-06-26 12:02:46] task_conditioned refresh complete :: sync=ok sync_exit=0 stage=task_conditioned_tuning_completed_with_winner next_action=done live_phase=unknown round3=done,done,done,done,done,done winner=true duration=70s
[2026-06-26 12:13:37] task_conditioned refresh start :: sync_timeout=240s
[2026-06-26 12:14:32] task_conditioned refresh sync :: status=ok exit=0
[2026-06-26 12:14:35] task_conditioned refresh complete :: sync=ok sync_exit=0 stage=task_conditioned_tuning_completed_with_winner next_action=done live_phase=unknown round3=done,done,done,done,done,done winner=true duration=58s
[2026-06-26 12:25:26] task_conditioned refresh start :: sync_timeout=240s
[2026-06-26 12:26:21] task_conditioned refresh sync :: status=ok exit=0
[2026-06-26 12:26:23] task_conditioned refresh complete :: sync=ok sync_exit=0 stage=task_conditioned_tuning_completed_with_winner next_action=done live_phase=unknown round3=done,done,done,done,done,done winner=true duration=57s
[2026-06-26 12:37:19] task_conditioned refresh start :: sync_timeout=240s
[2026-06-26 12:38:14] task_conditioned refresh sync :: status=ok exit=0
[2026-06-26 12:38:16] task_conditioned refresh complete :: sync=ok sync_exit=0 stage=task_conditioned_tuning_completed_with_winner next_action=done live_phase=unknown round3=done,done,done,done,done,done winner=true duration=57s
[2026-06-26 12:49:18] task_conditioned refresh start :: sync_timeout=240s
[2026-06-26 12:50:16] task_conditioned refresh sync :: status=ok exit=0
[2026-06-26 12:50:18] task_conditioned refresh complete :: sync=ok sync_exit=0 stage=task_conditioned_tuning_completed_with_winner next_action=done live_phase=unknown round3=done,done,done,done,done,done winner=true duration=60s
[2026-06-26 13:01:22] task_conditioned refresh start :: sync_timeout=240s
[2026-06-26 13:01:44] task_conditioned refresh sync :: status=failed exit=255
[2026-06-26 13:01:46] task_conditioned refresh complete :: sync=failed sync_exit=255 stage=task_conditioned_tuning_completed_with_winner next_action=done live_phase=unknown round3=done,done,done,done,done,done winner=true duration=24s
[2026-06-26 13:12:38] task_conditioned refresh start :: sync_timeout=240s
[2026-06-26 13:13:33] task_conditioned refresh sync :: status=ok exit=0
[2026-06-26 13:13:36] task_conditioned refresh complete :: sync=ok sync_exit=0 stage=task_conditioned_tuning_completed_with_winner next_action=done live_phase=unknown round3=done,done,done,done,done,done winner=true duration=58s
[2026-06-26 13:24:29] task_conditioned refresh start :: sync_timeout=240s
[2026-06-26 13:25:26] task_conditioned refresh sync :: status=ok exit=0
[2026-06-26 13:25:29] task_conditioned refresh complete :: sync=ok sync_exit=0 stage=task_conditioned_tuning_completed_with_winner next_action=done live_phase=unknown round3=done,done,done,done,done,done winner=true duration=60s
[2026-06-26 13:36:22] task_conditioned refresh start :: sync_timeout=240s
[2026-06-26 13:37:19] task_conditioned refresh sync :: status=ok exit=0
[2026-06-26 13:37:21] task_conditioned refresh complete :: sync=ok sync_exit=0 stage=task_conditioned_tuning_completed_with_winner next_action=done live_phase=unknown round3=done,done,done,done,done,done winner=true duration=59s
[2026-06-26 13:48:22] task_conditioned refresh start :: sync_timeout=240s
[2026-06-26 13:49:24] task_conditioned refresh sync :: status=ok exit=0
[2026-06-26 13:49:26] task_conditioned refresh complete :: sync=ok sync_exit=0 stage=task_conditioned_tuning_completed_with_winner next_action=done live_phase=unknown round3=done,done,done,done,done,done winner=true duration=64s
[2026-06-26 14:00:26] task_conditioned refresh start :: sync_timeout=240s
[2026-06-26 14:01:19] task_conditioned refresh sync :: status=ok exit=0
[2026-06-26 14:01:22] task_conditioned refresh complete :: sync=ok sync_exit=0 stage=task_conditioned_tuning_completed_with_winner next_action=done live_phase=unknown round3=done,done,done,done,done,done winner=true duration=56s
[2026-06-26 14:12:22] task_conditioned refresh start :: sync_timeout=240s
[2026-06-26 14:13:21] task_conditioned refresh sync :: status=ok exit=0
[2026-06-26 14:13:24] task_conditioned refresh complete :: sync=ok sync_exit=0 stage=task_conditioned_tuning_completed_with_winner next_action=done live_phase=unknown round3=done,done,done,done,done,done winner=true duration=62s
[2026-06-26 14:24:25] task_conditioned refresh start :: sync_timeout=240s
[2026-06-26 14:25:35] task_conditioned refresh sync :: status=ok exit=0
[2026-06-26 14:25:37] task_conditioned refresh complete :: sync=ok sync_exit=0 stage=task_conditioned_tuning_completed_with_winner next_action=done live_phase=unknown round3=done,done,done,done,done,done winner=true duration=72s
[2026-06-26 14:36:38] task_conditioned refresh start :: sync_timeout=240s
[2026-06-26 14:37:47] task_conditioned refresh sync :: status=ok exit=0
[2026-06-26 14:37:50] task_conditioned refresh complete :: sync=ok sync_exit=0 stage=task_conditioned_tuning_completed_with_winner next_action=done live_phase=unknown round3=done,done,done,done,done,done winner=true duration=72s
[2026-06-26 14:48:51] task_conditioned refresh start :: sync_timeout=240s
[2026-06-26 14:50:04] task_conditioned refresh sync :: status=ok exit=0
[2026-06-26 14:50:07] task_conditioned refresh complete :: sync=ok sync_exit=0 stage=task_conditioned_tuning_completed_with_winner next_action=done live_phase=unknown round3=done,done,done,done,done,done winner=true duration=76s
[2026-06-26 15:01:00] task_conditioned refresh start :: sync_timeout=240s
[2026-06-26 15:02:19] task_conditioned refresh sync :: status=ok exit=0
[2026-06-26 15:02:22] task_conditioned refresh complete :: sync=ok sync_exit=0 stage=task_conditioned_tuning_completed_with_winner next_action=done live_phase=unknown round3=done,done,done,done,done,done winner=true duration=82s
[2026-06-26 15:13:09] task_conditioned refresh start :: sync_timeout=240s
[2026-06-26 15:14:20] task_conditioned refresh sync :: status=ok exit=0
[2026-06-26 15:14:22] task_conditioned refresh complete :: sync=ok sync_exit=0 stage=task_conditioned_tuning_completed_with_winner next_action=done live_phase=unknown round3=done,done,done,done,done,done winner=true duration=73s
[2026-06-26 15:25:17] task_conditioned refresh start :: sync_timeout=240s
[2026-06-26 15:26:29] task_conditioned refresh sync :: status=ok exit=0
[2026-06-26 15:26:31] task_conditioned refresh complete :: sync=ok sync_exit=0 stage=task_conditioned_tuning_completed_with_winner next_action=done live_phase=unknown round3=done,done,done,done,done,done winner=true duration=74s
[2026-06-26 15:37:29] task_conditioned refresh start :: sync_timeout=240s
[2026-06-26 15:38:27] task_conditioned refresh sync :: status=ok exit=0
[2026-06-26 15:38:29] task_conditioned refresh complete :: sync=ok sync_exit=0 stage=task_conditioned_tuning_completed_with_winner next_action=done live_phase=unknown round3=done,done,done,done,done,done winner=true duration=60s
[2026-06-26 15:49:29] task_conditioned refresh start :: sync_timeout=240s
[2026-06-26 15:50:35] task_conditioned refresh sync :: status=ok exit=0
[2026-06-26 15:50:38] task_conditioned refresh complete :: sync=ok sync_exit=0 stage=task_conditioned_tuning_completed_with_winner next_action=done live_phase=unknown round3=done,done,done,done,done,done winner=true duration=69s
[2026-06-26 16:01:38] task_conditioned refresh start :: sync_timeout=240s
[2026-06-26 16:02:35] task_conditioned refresh sync :: status=ok exit=0
[2026-06-26 16:02:38] task_conditioned refresh complete :: sync=ok sync_exit=0 stage=task_conditioned_tuning_completed_with_winner next_action=done live_phase=unknown round3=done,done,done,done,done,done winner=true duration=60s
[2026-06-26 16:13:39] task_conditioned refresh start :: sync_timeout=240s
[2026-06-26 16:14:43] task_conditioned refresh sync :: status=ok exit=0
[2026-06-26 16:14:48] task_conditioned refresh complete :: sync=ok sync_exit=0 stage=task_conditioned_tuning_completed_with_winner next_action=done live_phase=unknown round3=done,done,done,done,done,done winner=true duration=69s
[2026-06-26 16:25:46] task_conditioned refresh start :: sync_timeout=240s
[2026-06-26 16:27:06] task_conditioned refresh sync :: status=ok exit=0
[2026-06-26 16:27:08] task_conditioned refresh complete :: sync=ok sync_exit=0 stage=task_conditioned_tuning_completed_with_winner next_action=done live_phase=unknown round3=done,done,done,done,done,done winner=true duration=82s
[2026-06-26 16:38:06] task_conditioned refresh start :: sync_timeout=240s
[2026-06-26 16:38:59] task_conditioned refresh sync :: status=ok exit=0
[2026-06-26 16:39:01] task_conditioned refresh complete :: sync=ok sync_exit=0 stage=task_conditioned_tuning_completed_with_winner next_action=done live_phase=unknown round3=done,done,done,done,done,done winner=true duration=55s
[2026-06-26 16:50:05] task_conditioned refresh start :: sync_timeout=240s
[2026-06-26 16:50:56] task_conditioned refresh sync :: status=ok exit=0
[2026-06-26 16:50:58] task_conditioned refresh complete :: sync=ok sync_exit=0 stage=task_conditioned_tuning_completed_with_winner next_action=done live_phase=unknown round3=done,done,done,done,done,done winner=true duration=53s
[2026-06-26 17:01:58] task_conditioned refresh start :: sync_timeout=240s
[2026-06-26 17:02:51] task_conditioned refresh sync :: status=ok exit=0
[2026-06-26 17:02:53] task_conditioned refresh complete :: sync=ok sync_exit=0 stage=task_conditioned_tuning_completed_with_winner next_action=done live_phase=unknown round3=done,done,done,done,done,done winner=true duration=56s
[2026-06-26 17:13:57] task_conditioned refresh start :: sync_timeout=240s
[2026-06-26 17:14:48] task_conditioned refresh sync :: status=ok exit=0
[2026-06-26 17:14:50] task_conditioned refresh complete :: sync=ok sync_exit=0 stage=task_conditioned_tuning_completed_with_winner next_action=done live_phase=unknown round3=done,done,done,done,done,done winner=true duration=53s
[2026-06-26 17:25:53] task_conditioned refresh start :: sync_timeout=240s
[2026-06-26 17:26:44] task_conditioned refresh sync :: status=ok exit=0
[2026-06-26 17:26:46] task_conditioned refresh complete :: sync=ok sync_exit=0 stage=task_conditioned_tuning_completed_with_winner next_action=done live_phase=unknown round3=done,done,done,done,done,done winner=true duration=53s
[2026-06-26 17:37:48] task_conditioned refresh start :: sync_timeout=240s
[2026-06-26 17:38:40] task_conditioned refresh sync :: status=ok exit=0
[2026-06-26 17:38:42] task_conditioned refresh complete :: sync=ok sync_exit=0 stage=task_conditioned_tuning_completed_with_winner next_action=done live_phase=unknown round3=done,done,done,done,done,done winner=true duration=54s
[2026-06-26 17:49:46] task_conditioned refresh start :: sync_timeout=240s
[2026-06-26 17:50:37] task_conditioned refresh sync :: status=ok exit=0
[2026-06-26 17:50:40] task_conditioned refresh complete :: sync=ok sync_exit=0 stage=task_conditioned_tuning_completed_with_winner next_action=done live_phase=unknown round3=done,done,done,done,done,done winner=true duration=54s
[2026-06-26 18:01:41] task_conditioned refresh start :: sync_timeout=240s
[2026-06-26 18:02:32] task_conditioned refresh sync :: status=ok exit=0
[2026-06-26 18:02:34] task_conditioned refresh complete :: sync=ok sync_exit=0 stage=task_conditioned_tuning_completed_with_winner next_action=done live_phase=unknown round3=done,done,done,done,done,done winner=true duration=53s
[2026-06-26 18:13:37] task_conditioned refresh start :: sync_timeout=240s
[2026-06-26 18:14:30] task_conditioned refresh sync :: status=ok exit=0
[2026-06-26 18:14:33] task_conditioned refresh complete :: sync=ok sync_exit=0 stage=task_conditioned_tuning_completed_with_winner next_action=done live_phase=unknown round3=done,done,done,done,done,done winner=true duration=56s
[2026-06-26 18:25:38] task_conditioned refresh start :: sync_timeout=240s
[2026-06-26 18:26:29] task_conditioned refresh sync :: status=ok exit=0
[2026-06-26 18:26:31] task_conditioned refresh complete :: sync=ok sync_exit=0 stage=task_conditioned_tuning_completed_with_winner next_action=done live_phase=unknown round3=done,done,done,done,done,done winner=true duration=53s
[2026-06-26 18:37:34] task_conditioned refresh start :: sync_timeout=240s
[2026-06-26 18:38:24] task_conditioned refresh sync :: status=ok exit=0
[2026-06-26 18:38:29] task_conditioned refresh complete :: sync=ok sync_exit=0 stage=task_conditioned_tuning_completed_with_winner next_action=done live_phase=unknown round3=done,done,done,done,done,done winner=true duration=55s
[2026-06-26 18:49:31] task_conditioned refresh start :: sync_timeout=240s
[2026-06-26 18:50:26] task_conditioned refresh sync :: status=ok exit=0
[2026-06-26 18:50:28] task_conditioned refresh complete :: sync=ok sync_exit=0 stage=task_conditioned_tuning_completed_with_winner next_action=done live_phase=unknown round3=done,done,done,done,done,done winner=true duration=57s
[2026-06-26 19:01:32] task_conditioned refresh start :: sync_timeout=240s
[2026-06-26 19:02:22] task_conditioned refresh sync :: status=ok exit=0
[2026-06-26 19:02:25] task_conditioned refresh complete :: sync=ok sync_exit=0 stage=task_conditioned_tuning_completed_with_winner next_action=done live_phase=unknown round3=done,done,done,done,done,done winner=true duration=53s
[2026-06-26 19:13:30] task_conditioned refresh start :: sync_timeout=240s
[2026-06-26 19:14:24] task_conditioned refresh sync :: status=ok exit=0
[2026-06-26 19:14:26] task_conditioned refresh complete :: sync=ok sync_exit=0 stage=task_conditioned_tuning_completed_with_winner next_action=done live_phase=unknown round3=done,done,done,done,done,done winner=true duration=56s
[2026-06-26 19:25:32] task_conditioned refresh start :: sync_timeout=240s
[2026-06-26 19:26:24] task_conditioned refresh sync :: status=ok exit=0
[2026-06-26 19:26:26] task_conditioned refresh complete :: sync=ok sync_exit=0 stage=task_conditioned_tuning_completed_with_winner next_action=done live_phase=unknown round3=done,done,done,done,done,done winner=true duration=54s
[2026-06-26 19:37:31] task_conditioned refresh start :: sync_timeout=240s
[2026-06-26 19:38:21] task_conditioned refresh sync :: status=ok exit=0
[2026-06-26 19:38:24] task_conditioned refresh complete :: sync=ok sync_exit=0 stage=task_conditioned_tuning_completed_with_winner next_action=done live_phase=unknown round3=done,done,done,done,done,done winner=true duration=53s
[2026-06-26 19:49:29] task_conditioned refresh start :: sync_timeout=240s
[2026-06-26 19:50:24] task_conditioned refresh sync :: status=ok exit=0
[2026-06-26 19:50:26] task_conditioned refresh complete :: sync=ok sync_exit=0 stage=task_conditioned_tuning_completed_with_winner next_action=done live_phase=unknown round3=done,done,done,done,done,done winner=true duration=57s
[2026-06-26 20:01:00] task_conditioned refresh start :: sync_timeout=240s
[2026-06-26 20:01:56] task_conditioned refresh sync :: status=failed exit=255
[2026-06-26 20:01:59] task_conditioned refresh complete :: sync=failed sync_exit=255 stage=task_conditioned_tuning_completed_with_winner next_action=done live_phase=unknown round3=done,done,done,done,done,done winner=true duration=59s
[2026-06-26 20:12:23] task_conditioned refresh start :: sync_timeout=240s
[2026-06-26 20:13:15] task_conditioned refresh sync :: status=ok exit=0
[2026-06-26 20:13:17] task_conditioned refresh complete :: sync=ok sync_exit=0 stage=task_conditioned_tuning_completed_with_winner next_action=done live_phase=unknown round3=done,done,done,done,done,done winner=true duration=54s
[2026-06-26 20:23:36] task_conditioned refresh start :: sync_timeout=240s
[2026-06-26 20:24:28] task_conditioned refresh sync :: status=ok exit=0
[2026-06-26 20:24:31] task_conditioned refresh complete :: sync=ok sync_exit=0 stage=task_conditioned_tuning_completed_with_winner next_action=done live_phase=unknown round3=done,done,done,done,done,done winner=true duration=55s
[2026-06-26 20:34:38] task_conditioned refresh start :: sync_timeout=240s
[2026-06-26 20:35:20] task_conditioned refresh sync :: status=failed exit=255
[2026-06-26 20:35:22] task_conditioned refresh complete :: sync=failed sync_exit=255 stage=task_conditioned_tuning_completed_with_winner next_action=done live_phase=unknown round3=done,done,done,done,done,done winner=true duration=44s
[2026-06-26 20:45:30] task_conditioned refresh start :: sync_timeout=240s
[2026-06-26 20:46:22] task_conditioned refresh sync :: status=ok exit=0
[2026-06-26 20:46:24] task_conditioned refresh complete :: sync=ok sync_exit=0 stage=task_conditioned_tuning_completed_with_winner next_action=done live_phase=unknown round3=done,done,done,done,done,done winner=true duration=54s
[2026-06-26 20:56:32] task_conditioned refresh start :: sync_timeout=240s
[2026-06-26 20:57:23] task_conditioned refresh sync :: status=ok exit=0
[2026-06-26 20:57:26] task_conditioned refresh complete :: sync=ok sync_exit=0 stage=task_conditioned_tuning_completed_with_winner next_action=done live_phase=unknown round3=done,done,done,done,done,done winner=true duration=54s
[2026-06-26 21:07:33] task_conditioned refresh start :: sync_timeout=240s
[2026-06-26 21:08:35] task_conditioned refresh sync :: status=failed exit=255
[2026-06-26 21:08:37] task_conditioned refresh complete :: sync=failed sync_exit=255 stage=task_conditioned_tuning_completed_with_winner next_action=done live_phase=unknown round3=done,done,done,done,done,done winner=true duration=64s
[2026-06-26 21:18:45] task_conditioned refresh start :: sync_timeout=240s
[2026-06-26 21:19:36] task_conditioned refresh sync :: status=ok exit=0
[2026-06-26 21:19:39] task_conditioned refresh complete :: sync=ok sync_exit=0 stage=task_conditioned_tuning_completed_with_winner next_action=done live_phase=unknown round3=done,done,done,done,done,done winner=true duration=54s
[2026-06-26 21:29:47] task_conditioned refresh start :: sync_timeout=240s
[2026-06-26 21:30:37] task_conditioned refresh sync :: status=ok exit=0
[2026-06-26 21:30:40] task_conditioned refresh complete :: sync=ok sync_exit=0 stage=task_conditioned_tuning_completed_with_winner next_action=done live_phase=unknown round3=done,done,done,done,done,done winner=true duration=53s
[2026-06-26 21:40:47] task_conditioned refresh start :: sync_timeout=240s
[2026-06-26 21:41:39] task_conditioned refresh sync :: status=ok exit=0
[2026-06-26 21:41:41] task_conditioned refresh complete :: sync=ok sync_exit=0 stage=task_conditioned_tuning_completed_with_winner next_action=done live_phase=unknown round3=done,done,done,done,done,done winner=true duration=54s
[2026-06-26 21:51:49] task_conditioned refresh start :: sync_timeout=240s
[2026-06-26 21:52:40] task_conditioned refresh sync :: status=ok exit=0
[2026-06-26 21:52:43] task_conditioned refresh complete :: sync=ok sync_exit=0 stage=task_conditioned_tuning_completed_with_winner next_action=done live_phase=unknown round3=done,done,done,done,done,done winner=true duration=54s
[2026-06-26 22:02:51] task_conditioned refresh start :: sync_timeout=240s
[2026-06-26 22:03:42] task_conditioned refresh sync :: status=ok exit=0
[2026-06-26 22:03:44] task_conditioned refresh complete :: sync=ok sync_exit=0 stage=task_conditioned_tuning_completed_with_winner next_action=done live_phase=unknown round3=done,done,done,done,done,done winner=true duration=53s
[2026-06-26 22:13:52] task_conditioned refresh start :: sync_timeout=240s
[2026-06-26 22:14:43] task_conditioned refresh sync :: status=ok exit=0
[2026-06-26 22:14:45] task_conditioned refresh complete :: sync=ok sync_exit=0 stage=task_conditioned_tuning_completed_with_winner next_action=done live_phase=unknown round3=done,done,done,done,done,done winner=true duration=53s
[2026-06-26 22:24:53] task_conditioned refresh start :: sync_timeout=240s
[2026-06-26 22:25:44] task_conditioned refresh sync :: status=ok exit=0
[2026-06-26 22:25:46] task_conditioned refresh complete :: sync=ok sync_exit=0 stage=task_conditioned_tuning_completed_with_winner next_action=done live_phase=unknown round3=done,done,done,done,done,done winner=true duration=53s
[2026-06-26 22:35:54] task_conditioned refresh start :: sync_timeout=240s
[2026-06-26 22:36:45] task_conditioned refresh sync :: status=ok exit=0
[2026-06-26 22:36:48] task_conditioned refresh complete :: sync=ok sync_exit=0 stage=task_conditioned_tuning_completed_with_winner next_action=done live_phase=unknown round3=done,done,done,done,done,done winner=true duration=54s
[2026-06-26 22:46:55] task_conditioned refresh start :: sync_timeout=240s
[2026-06-26 22:47:46] task_conditioned refresh sync :: status=ok exit=0
[2026-06-26 22:47:49] task_conditioned refresh complete :: sync=ok sync_exit=0 stage=task_conditioned_tuning_completed_with_winner next_action=done live_phase=unknown round3=done,done,done,done,done,done winner=true duration=54s
[2026-06-26 22:57:56] task_conditioned refresh start :: sync_timeout=240s
[2026-06-26 22:58:48] task_conditioned refresh sync :: status=ok exit=0
[2026-06-26 22:58:51] task_conditioned refresh complete :: sync=ok sync_exit=0 stage=task_conditioned_tuning_completed_with_winner next_action=done live_phase=unknown round3=done,done,done,done,done,done winner=true duration=55s
[2026-06-26 23:08:58] task_conditioned refresh start :: sync_timeout=240s
[2026-06-26 23:09:49] task_conditioned refresh sync :: status=ok exit=0
[2026-06-26 23:09:52] task_conditioned refresh complete :: sync=ok sync_exit=0 stage=task_conditioned_tuning_completed_with_winner next_action=done live_phase=unknown round3=done,done,done,done,done,done winner=true duration=54s
[2026-06-26 23:19:59] task_conditioned refresh start :: sync_timeout=240s
[2026-06-26 23:20:51] task_conditioned refresh sync :: status=ok exit=0
[2026-06-26 23:20:53] task_conditioned refresh complete :: sync=ok sync_exit=0 stage=task_conditioned_tuning_completed_with_winner next_action=done live_phase=unknown round3=done,done,done,done,done,done winner=true duration=54s
[2026-06-26 23:31:01] task_conditioned refresh start :: sync_timeout=240s
[2026-06-26 23:31:51] task_conditioned refresh sync :: status=ok exit=0
[2026-06-26 23:31:54] task_conditioned refresh complete :: sync=ok sync_exit=0 stage=task_conditioned_tuning_completed_with_winner next_action=done live_phase=unknown round3=done,done,done,done,done,done winner=true duration=53s
[2026-06-26 23:42:01] task_conditioned refresh start :: sync_timeout=240s
[2026-06-26 23:42:53] task_conditioned refresh sync :: status=ok exit=0
[2026-06-26 23:42:55] task_conditioned refresh complete :: sync=ok sync_exit=0 stage=task_conditioned_tuning_completed_with_winner next_action=done live_phase=unknown round3=done,done,done,done,done,done winner=true duration=54s
[2026-06-26 23:53:03] task_conditioned refresh start :: sync_timeout=240s
[2026-06-26 23:53:54] task_conditioned refresh sync :: status=ok exit=0
[2026-06-26 23:53:56] task_conditioned refresh complete :: sync=ok sync_exit=0 stage=task_conditioned_tuning_completed_with_winner next_action=done live_phase=unknown round3=done,done,done,done,done,done winner=true duration=53s
[2026-06-27 00:04:04] task_conditioned refresh start :: sync_timeout=240s
[2026-06-27 00:04:55] task_conditioned refresh sync :: status=ok exit=0
[2026-06-27 00:04:57] task_conditioned refresh complete :: sync=ok sync_exit=0 stage=task_conditioned_tuning_completed_with_winner next_action=done live_phase=unknown round3=done,done,done,done,done,done winner=true duration=53s
[2026-06-27 00:15:05] task_conditioned refresh start :: sync_timeout=240s
[2026-06-27 00:15:56] task_conditioned refresh sync :: status=ok exit=0
[2026-06-27 00:15:58] task_conditioned refresh complete :: sync=ok sync_exit=0 stage=task_conditioned_tuning_completed_with_winner next_action=done live_phase=unknown round3=done,done,done,done,done,done winner=true duration=53s
[2026-06-27 00:26:06] task_conditioned refresh start :: sync_timeout=240s
[2026-06-27 00:26:56] task_conditioned refresh sync :: status=ok exit=0
[2026-06-27 00:26:59] task_conditioned refresh complete :: sync=ok sync_exit=0 stage=task_conditioned_tuning_completed_with_winner next_action=done live_phase=unknown round3=done,done,done,done,done,done winner=true duration=53s
[2026-06-27 00:37:07] task_conditioned refresh start :: sync_timeout=240s
[2026-06-27 00:37:59] task_conditioned refresh sync :: status=ok exit=0
[2026-06-27 00:38:02] task_conditioned refresh complete :: sync=ok sync_exit=0 stage=task_conditioned_tuning_completed_with_winner next_action=done live_phase=unknown round3=done,done,done,done,done,done winner=true duration=55s
[2026-06-27 00:48:10] task_conditioned refresh start :: sync_timeout=240s
[2026-06-27 00:49:01] task_conditioned refresh sync :: status=ok exit=0
[2026-06-27 00:49:04] task_conditioned refresh complete :: sync=ok sync_exit=0 stage=task_conditioned_tuning_completed_with_winner next_action=done live_phase=unknown round3=done,done,done,done,done,done winner=true duration=54s
[2026-06-27 00:59:11] task_conditioned refresh start :: sync_timeout=240s
[2026-06-27 01:00:03] task_conditioned refresh sync :: status=ok exit=0
[2026-06-27 01:00:05] task_conditioned refresh complete :: sync=ok sync_exit=0 stage=task_conditioned_tuning_completed_with_winner next_action=done live_phase=unknown round3=done,done,done,done,done,done winner=true duration=54s
[2026-06-27 01:10:13] task_conditioned refresh start :: sync_timeout=240s
[2026-06-27 01:11:04] task_conditioned refresh sync :: status=ok exit=0
[2026-06-27 01:11:07] task_conditioned refresh complete :: sync=ok sync_exit=0 stage=task_conditioned_tuning_completed_with_winner next_action=done live_phase=unknown round3=done,done,done,done,done,done winner=true duration=54s
[2026-06-27 01:21:14] task_conditioned refresh start :: sync_timeout=240s
[2026-06-27 01:22:05] task_conditioned refresh sync :: status=ok exit=0
[2026-06-27 01:22:08] task_conditioned refresh complete :: sync=ok sync_exit=0 stage=task_conditioned_tuning_completed_with_winner next_action=done live_phase=unknown round3=done,done,done,done,done,done winner=true duration=54s
[2026-06-27 01:32:15] task_conditioned refresh start :: sync_timeout=240s
[2026-06-27 01:33:05] task_conditioned refresh sync :: status=ok exit=0
[2026-06-27 01:33:08] task_conditioned refresh complete :: sync=ok sync_exit=0 stage=task_conditioned_tuning_completed_with_winner next_action=done live_phase=unknown round3=done,done,done,done,done,done winner=true duration=53s
[2026-06-27 01:43:16] task_conditioned refresh start :: sync_timeout=240s
[2026-06-27 01:44:06] task_conditioned refresh sync :: status=ok exit=0
[2026-06-27 01:44:09] task_conditioned refresh complete :: sync=ok sync_exit=0 stage=task_conditioned_tuning_completed_with_winner next_action=done live_phase=unknown round3=done,done,done,done,done,done winner=true duration=53s
[2026-06-27 01:54:16] task_conditioned refresh start :: sync_timeout=240s
[2026-06-27 01:55:07] task_conditioned refresh sync :: status=ok exit=0
[2026-06-27 01:55:10] task_conditioned refresh complete :: sync=ok sync_exit=0 stage=task_conditioned_tuning_completed_with_winner next_action=done live_phase=unknown round3=done,done,done,done,done,done winner=true duration=54s
[2026-06-27 02:05:17] task_conditioned refresh start :: sync_timeout=240s
[2026-06-27 02:06:08] task_conditioned refresh sync :: status=ok exit=0
[2026-06-27 02:06:11] task_conditioned refresh complete :: sync=ok sync_exit=0 stage=task_conditioned_tuning_completed_with_winner next_action=done live_phase=unknown round3=done,done,done,done,done,done winner=true duration=54s
[2026-06-27 02:16:18] task_conditioned refresh start :: sync_timeout=240s
[2026-06-27 02:17:09] task_conditioned refresh sync :: status=ok exit=0
[2026-06-27 02:17:12] task_conditioned refresh complete :: sync=ok sync_exit=0 stage=task_conditioned_tuning_completed_with_winner next_action=done live_phase=unknown round3=done,done,done,done,done,done winner=true duration=54s
[2026-06-27 02:27:19] task_conditioned refresh start :: sync_timeout=240s
[2026-06-27 02:28:10] task_conditioned refresh sync :: status=ok exit=0
[2026-06-27 02:28:12] task_conditioned refresh complete :: sync=ok sync_exit=0 stage=task_conditioned_tuning_completed_with_winner next_action=done live_phase=unknown round3=done,done,done,done,done,done winner=true duration=53s
[2026-06-27 02:38:20] task_conditioned refresh start :: sync_timeout=240s
[2026-06-27 02:39:11] task_conditioned refresh sync :: status=ok exit=0
[2026-06-27 02:39:13] task_conditioned refresh complete :: sync=ok sync_exit=0 stage=task_conditioned_tuning_completed_with_winner next_action=done live_phase=unknown round3=done,done,done,done,done,done winner=true duration=53s
[2026-06-27 02:49:21] task_conditioned refresh start :: sync_timeout=240s
[2026-06-27 02:50:12] task_conditioned refresh sync :: status=ok exit=0
[2026-06-27 02:50:15] task_conditioned refresh complete :: sync=ok sync_exit=0 stage=task_conditioned_tuning_completed_with_winner next_action=done live_phase=unknown round3=done,done,done,done,done,done winner=true duration=54s
[2026-06-27 03:00:22] task_conditioned refresh start :: sync_timeout=240s
[2026-06-27 03:01:13] task_conditioned refresh sync :: status=ok exit=0
[2026-06-27 03:01:16] task_conditioned refresh complete :: sync=ok sync_exit=0 stage=task_conditioned_tuning_completed_with_winner next_action=done live_phase=unknown round3=done,done,done,done,done,done winner=true duration=54s
[2026-06-27 03:11:23] task_conditioned refresh start :: sync_timeout=240s
[2026-06-27 03:12:14] task_conditioned refresh sync :: status=ok exit=0
[2026-06-27 03:12:17] task_conditioned refresh complete :: sync=ok sync_exit=0 stage=task_conditioned_tuning_completed_with_winner next_action=done live_phase=unknown round3=done,done,done,done,done,done winner=true duration=54s
[2026-06-27 03:22:25] task_conditioned refresh start :: sync_timeout=240s
[2026-06-27 03:23:16] task_conditioned refresh sync :: status=ok exit=0
[2026-06-27 03:23:19] task_conditioned refresh complete :: sync=ok sync_exit=0 stage=task_conditioned_tuning_completed_with_winner next_action=done live_phase=unknown round3=done,done,done,done,done,done winner=true duration=54s
[2026-06-27 03:33:26] task_conditioned refresh start :: sync_timeout=240s
[2026-06-27 03:34:17] task_conditioned refresh sync :: status=ok exit=0
[2026-06-27 03:34:20] task_conditioned refresh complete :: sync=ok sync_exit=0 stage=task_conditioned_tuning_completed_with_winner next_action=done live_phase=unknown round3=done,done,done,done,done,done winner=true duration=54s
[2026-06-27 03:44:27] task_conditioned refresh start :: sync_timeout=240s
[2026-06-27 03:45:18] task_conditioned refresh sync :: status=ok exit=0
[2026-06-27 03:45:21] task_conditioned refresh complete :: sync=ok sync_exit=0 stage=task_conditioned_tuning_completed_with_winner next_action=done live_phase=unknown round3=done,done,done,done,done,done winner=true duration=54s
[2026-06-27 03:55:28] task_conditioned refresh start :: sync_timeout=240s
[2026-06-27 03:56:19] task_conditioned refresh sync :: status=ok exit=0
[2026-06-27 03:56:22] task_conditioned refresh complete :: sync=ok sync_exit=0 stage=task_conditioned_tuning_completed_with_winner next_action=done live_phase=unknown round3=done,done,done,done,done,done winner=true duration=54s
[2026-06-27 04:06:29] task_conditioned refresh start :: sync_timeout=240s
[2026-06-27 04:07:20] task_conditioned refresh sync :: status=ok exit=0
[2026-06-27 04:07:22] task_conditioned refresh complete :: sync=ok sync_exit=0 stage=task_conditioned_tuning_completed_with_winner next_action=done live_phase=unknown round3=done,done,done,done,done,done winner=true duration=53s
[2026-06-27 04:17:30] task_conditioned refresh start :: sync_timeout=240s
[2026-06-27 04:18:20] task_conditioned refresh sync :: status=ok exit=0
[2026-06-27 04:18:23] task_conditioned refresh complete :: sync=ok sync_exit=0 stage=task_conditioned_tuning_completed_with_winner next_action=done live_phase=unknown round3=done,done,done,done,done,done winner=true duration=53s
[2026-06-27 04:28:31] task_conditioned refresh start :: sync_timeout=240s
[2026-06-27 04:29:21] task_conditioned refresh sync :: status=ok exit=0
[2026-06-27 04:29:24] task_conditioned refresh complete :: sync=ok sync_exit=0 stage=task_conditioned_tuning_completed_with_winner next_action=done live_phase=unknown round3=done,done,done,done,done,done winner=true duration=53s
[2026-06-27 04:39:31] task_conditioned refresh start :: sync_timeout=240s
[2026-06-27 04:40:22] task_conditioned refresh sync :: status=ok exit=0
[2026-06-27 04:40:24] task_conditioned refresh complete :: sync=ok sync_exit=0 stage=task_conditioned_tuning_completed_with_winner next_action=done live_phase=unknown round3=done,done,done,done,done,done winner=true duration=53s
[2026-06-27 04:50:32] task_conditioned refresh start :: sync_timeout=240s
[2026-06-27 04:51:23] task_conditioned refresh sync :: status=ok exit=0
[2026-06-27 04:51:26] task_conditioned refresh complete :: sync=ok sync_exit=0 stage=task_conditioned_tuning_completed_with_winner next_action=done live_phase=unknown round3=done,done,done,done,done,done winner=true duration=54s
[2026-06-27 05:01:34] task_conditioned refresh start :: sync_timeout=240s
[2026-06-27 05:02:24] task_conditioned refresh sync :: status=ok exit=0
[2026-06-27 05:02:27] task_conditioned refresh complete :: sync=ok sync_exit=0 stage=task_conditioned_tuning_completed_with_winner next_action=done live_phase=unknown round3=done,done,done,done,done,done winner=true duration=53s
[2026-06-27 05:12:35] task_conditioned refresh start :: sync_timeout=240s
[2026-06-27 05:13:26] task_conditioned refresh sync :: status=ok exit=0
[2026-06-27 05:13:29] task_conditioned refresh complete :: sync=ok sync_exit=0 stage=task_conditioned_tuning_completed_with_winner next_action=done live_phase=unknown round3=done,done,done,done,done,done winner=true duration=54s
[2026-06-27 05:23:37] task_conditioned refresh start :: sync_timeout=240s
[2026-06-27 05:24:28] task_conditioned refresh sync :: status=ok exit=0
[2026-06-27 05:24:31] task_conditioned refresh complete :: sync=ok sync_exit=0 stage=task_conditioned_tuning_completed_with_winner next_action=done live_phase=unknown round3=done,done,done,done,done,done winner=true duration=54s
[2026-06-27 05:34:39] task_conditioned refresh start :: sync_timeout=240s
[2026-06-27 05:35:30] task_conditioned refresh sync :: status=ok exit=0
[2026-06-27 05:35:33] task_conditioned refresh complete :: sync=ok sync_exit=0 stage=task_conditioned_tuning_completed_with_winner next_action=done live_phase=unknown round3=done,done,done,done,done,done winner=true duration=54s
[2026-06-27 05:45:47] task_conditioned refresh start :: sync_timeout=240s
[2026-06-27 05:46:38] task_conditioned refresh sync :: status=ok exit=0
[2026-06-27 05:46:41] task_conditioned refresh complete :: sync=ok sync_exit=0 stage=task_conditioned_tuning_completed_with_winner next_action=done live_phase=unknown round3=done,done,done,done,done,done winner=true duration=54s
[2026-06-27 05:56:57] task_conditioned refresh start :: sync_timeout=240s
[2026-06-27 05:57:50] task_conditioned refresh sync :: status=failed exit=255
[2026-06-27 05:57:52] task_conditioned refresh complete :: sync=failed sync_exit=255 stage=task_conditioned_tuning_completed_with_winner next_action=done live_phase=unknown round3=done,done,done,done,done,done winner=true duration=55s
[2026-06-27 06:08:10] task_conditioned refresh start :: sync_timeout=240s
[2026-06-27 06:09:00] task_conditioned refresh sync :: status=ok exit=0
[2026-06-27 06:09:03] task_conditioned refresh complete :: sync=ok sync_exit=0 stage=task_conditioned_tuning_completed_with_winner next_action=done live_phase=unknown round3=done,done,done,done,done,done winner=true duration=53s
[2026-06-27 06:19:21] task_conditioned refresh start :: sync_timeout=240s
[2026-06-27 06:20:12] task_conditioned refresh sync :: status=ok exit=0
[2026-06-27 06:20:16] task_conditioned refresh complete :: sync=ok sync_exit=0 stage=task_conditioned_tuning_completed_with_winner next_action=done live_phase=unknown round3=done,done,done,done,done,done winner=true duration=55s
[2026-06-27 06:30:33] task_conditioned refresh start :: sync_timeout=240s
[2026-06-27 06:31:24] task_conditioned refresh sync :: status=ok exit=0
[2026-06-27 06:31:27] task_conditioned refresh complete :: sync=ok sync_exit=0 stage=task_conditioned_tuning_completed_with_winner next_action=done live_phase=unknown round3=done,done,done,done,done,done winner=true duration=54s
[2026-06-27 06:41:46] task_conditioned refresh start :: sync_timeout=240s
[2026-06-27 06:42:36] task_conditioned refresh sync :: status=ok exit=0
[2026-06-27 06:42:39] task_conditioned refresh complete :: sync=ok sync_exit=0 stage=task_conditioned_tuning_completed_with_winner next_action=done live_phase=unknown round3=done,done,done,done,done,done winner=true duration=53s
[2026-06-27 06:52:58] task_conditioned refresh start :: sync_timeout=240s
[2026-06-27 06:53:49] task_conditioned refresh sync :: status=ok exit=0
[2026-06-27 06:53:51] task_conditioned refresh complete :: sync=ok sync_exit=0 stage=task_conditioned_tuning_completed_with_winner next_action=done live_phase=unknown round3=done,done,done,done,done,done winner=true duration=53s
[2026-06-27 07:04:10] task_conditioned refresh start :: sync_timeout=240s
[2026-06-27 07:05:01] task_conditioned refresh sync :: status=ok exit=0
[2026-06-27 07:05:04] task_conditioned refresh complete :: sync=ok sync_exit=0 stage=task_conditioned_tuning_completed_with_winner next_action=done live_phase=unknown round3=done,done,done,done,done,done winner=true duration=54s
[2026-06-27 07:15:23] task_conditioned refresh start :: sync_timeout=240s
[2026-06-27 07:16:14] task_conditioned refresh sync :: status=ok exit=0
[2026-06-27 07:16:16] task_conditioned refresh complete :: sync=ok sync_exit=0 stage=task_conditioned_tuning_completed_with_winner next_action=done live_phase=unknown round3=done,done,done,done,done,done winner=true duration=53s
[2026-06-27 07:26:36] task_conditioned refresh start :: sync_timeout=240s
[2026-06-27 07:27:27] task_conditioned refresh sync :: status=ok exit=0
[2026-06-27 07:27:29] task_conditioned refresh complete :: sync=ok sync_exit=0 stage=task_conditioned_tuning_completed_with_winner next_action=done live_phase=unknown round3=done,done,done,done,done,done winner=true duration=53s
[2026-06-27 07:37:50] task_conditioned refresh start :: sync_timeout=240s
[2026-06-27 07:38:41] task_conditioned refresh sync :: status=ok exit=0
[2026-06-27 07:38:43] task_conditioned refresh complete :: sync=ok sync_exit=0 stage=task_conditioned_tuning_completed_with_winner next_action=done live_phase=unknown round3=done,done,done,done,done,done winner=true duration=53s
[2026-06-27 07:49:03] task_conditioned refresh start :: sync_timeout=240s
[2026-06-27 07:49:55] task_conditioned refresh sync :: status=ok exit=0
[2026-06-27 07:49:57] task_conditioned refresh complete :: sync=ok sync_exit=0 stage=task_conditioned_tuning_completed_with_winner next_action=done live_phase=unknown round3=done,done,done,done,done,done winner=true duration=54s
[2026-06-27 08:00:17] task_conditioned refresh start :: sync_timeout=240s
[2026-06-27 08:01:08] task_conditioned refresh sync :: status=ok exit=0
[2026-06-27 08:01:11] task_conditioned refresh complete :: sync=ok sync_exit=0 stage=task_conditioned_tuning_completed_with_winner next_action=done live_phase=unknown round3=done,done,done,done,done,done winner=true duration=54s
[2026-06-27 08:11:31] task_conditioned refresh start :: sync_timeout=240s
[2026-06-27 08:12:22] task_conditioned refresh sync :: status=ok exit=0
[2026-06-27 08:12:25] task_conditioned refresh complete :: sync=ok sync_exit=0 stage=task_conditioned_tuning_completed_with_winner next_action=done live_phase=unknown round3=done,done,done,done,done,done winner=true duration=54s
[2026-06-27 08:22:45] task_conditioned refresh start :: sync_timeout=240s
[2026-06-27 08:23:35] task_conditioned refresh sync :: status=ok exit=0
[2026-06-27 08:23:38] task_conditioned refresh complete :: sync=ok sync_exit=0 stage=task_conditioned_tuning_completed_with_winner next_action=done live_phase=unknown round3=done,done,done,done,done,done winner=true duration=53s
[2026-06-27 08:33:59] task_conditioned refresh start :: sync_timeout=240s
[2026-06-27 08:34:50] task_conditioned refresh sync :: status=ok exit=0
[2026-06-27 08:34:53] task_conditioned refresh complete :: sync=ok sync_exit=0 stage=task_conditioned_tuning_completed_with_winner next_action=done live_phase=unknown round3=done,done,done,done,done,done winner=true duration=54s
[2026-06-27 08:45:14] task_conditioned refresh start :: sync_timeout=240s
[2026-06-27 08:46:05] task_conditioned refresh sync :: status=ok exit=0
[2026-06-27 08:46:08] task_conditioned refresh complete :: sync=ok sync_exit=0 stage=task_conditioned_tuning_completed_with_winner next_action=done live_phase=unknown round3=done,done,done,done,done,done winner=true duration=54s
[2026-06-27 08:56:29] task_conditioned refresh start :: sync_timeout=240s
[2026-06-27 08:56:51] task_conditioned refresh sync :: status=failed exit=255
[2026-06-27 08:56:54] task_conditioned refresh complete :: sync=failed sync_exit=255 stage=task_conditioned_tuning_completed_with_winner next_action=done live_phase=unknown round3=done,done,done,done,done,done winner=true duration=25s
[2026-06-27 09:07:14] task_conditioned refresh start :: sync_timeout=240s
[2026-06-27 09:08:06] task_conditioned refresh sync :: status=ok exit=0
[2026-06-27 09:08:08] task_conditioned refresh complete :: sync=ok sync_exit=0 stage=task_conditioned_tuning_completed_with_winner next_action=done live_phase=unknown round3=done,done,done,done,done,done winner=true duration=54s
[2026-06-27 09:18:30] task_conditioned refresh start :: sync_timeout=240s
[2026-06-27 09:19:21] task_conditioned refresh sync :: status=ok exit=0
[2026-06-27 09:19:24] task_conditioned refresh complete :: sync=ok sync_exit=0 stage=task_conditioned_tuning_completed_with_winner next_action=done live_phase=unknown round3=done,done,done,done,done,done winner=true duration=54s
[2026-06-27 09:29:45] task_conditioned refresh start :: sync_timeout=240s
[2026-06-27 09:30:12] task_conditioned refresh sync :: status=failed exit=255
[2026-06-27 09:30:15] task_conditioned refresh complete :: sync=failed sync_exit=255 stage=task_conditioned_tuning_completed_with_winner next_action=done live_phase=unknown round3=done,done,done,done,done,done winner=true duration=30s
[2026-06-27 09:40:36] task_conditioned refresh start :: sync_timeout=240s
[2026-06-27 09:41:28] task_conditioned refresh sync :: status=ok exit=0
[2026-06-27 09:41:30] task_conditioned refresh complete :: sync=ok sync_exit=0 stage=task_conditioned_tuning_completed_with_winner next_action=done live_phase=unknown round3=done,done,done,done,done,done winner=true duration=54s
[2026-06-27 09:51:53] task_conditioned refresh start :: sync_timeout=240s
[2026-06-27 09:52:44] task_conditioned refresh sync :: status=ok exit=0
[2026-06-27 09:52:47] task_conditioned refresh complete :: sync=ok sync_exit=0 stage=task_conditioned_tuning_completed_with_winner next_action=done live_phase=unknown round3=done,done,done,done,done,done winner=true duration=54s
[2026-06-27 10:03:11] task_conditioned refresh start :: sync_timeout=240s
[2026-06-27 10:04:02] task_conditioned refresh sync :: status=ok exit=0
[2026-06-27 10:04:04] task_conditioned refresh complete :: sync=ok sync_exit=0 stage=task_conditioned_tuning_completed_with_winner next_action=done live_phase=unknown round3=done,done,done,done,done,done winner=true duration=53s
[2026-06-27 10:14:27] task_conditioned refresh start :: sync_timeout=240s
[2026-06-27 10:15:18] task_conditioned refresh sync :: status=ok exit=0
[2026-06-27 10:15:21] task_conditioned refresh complete :: sync=ok sync_exit=0 stage=task_conditioned_tuning_completed_with_winner next_action=done live_phase=unknown round3=done,done,done,done,done,done winner=true duration=54s
[2026-06-27 10:25:43] task_conditioned refresh start :: sync_timeout=240s
[2026-06-27 10:26:34] task_conditioned refresh sync :: status=ok exit=0
[2026-06-27 10:26:36] task_conditioned refresh complete :: sync=ok sync_exit=0 stage=task_conditioned_tuning_completed_with_winner next_action=done live_phase=unknown round3=done,done,done,done,done,done winner=true duration=53s
[2026-06-27 10:36:59] task_conditioned refresh start :: sync_timeout=240s
[2026-06-27 10:37:51] task_conditioned refresh sync :: status=ok exit=0
[2026-06-27 10:37:53] task_conditioned refresh complete :: sync=ok sync_exit=0 stage=task_conditioned_tuning_completed_with_winner next_action=done live_phase=unknown round3=done,done,done,done,done,done winner=true duration=54s
[2026-06-27 10:48:16] task_conditioned refresh start :: sync_timeout=240s
[2026-06-27 10:49:07] task_conditioned refresh sync :: status=ok exit=0
[2026-06-27 10:49:10] task_conditioned refresh complete :: sync=ok sync_exit=0 stage=task_conditioned_tuning_completed_with_winner next_action=done live_phase=unknown round3=done,done,done,done,done,done winner=true duration=54s
[2026-06-27 10:59:32] task_conditioned refresh start :: sync_timeout=240s
[2026-06-27 11:00:25] task_conditioned refresh sync :: status=ok exit=0
[2026-06-27 11:00:27] task_conditioned refresh complete :: sync=ok sync_exit=0 stage=task_conditioned_tuning_completed_with_winner next_action=done live_phase=unknown round3=done,done,done,done,done,done winner=true duration=55s
[2026-06-27 11:10:51] task_conditioned refresh start :: sync_timeout=240s
[2026-06-27 11:11:43] task_conditioned refresh sync :: status=ok exit=0
[2026-06-27 11:11:45] task_conditioned refresh complete :: sync=ok sync_exit=0 stage=task_conditioned_tuning_completed_with_winner next_action=done live_phase=unknown round3=done,done,done,done,done,done winner=true duration=54s
[2026-06-27 11:22:09] task_conditioned refresh start :: sync_timeout=240s
[2026-06-27 11:23:02] task_conditioned refresh sync :: status=ok exit=0
[2026-06-27 11:23:04] task_conditioned refresh complete :: sync=ok sync_exit=0 stage=task_conditioned_tuning_completed_with_winner next_action=done live_phase=unknown round3=done,done,done,done,done,done winner=true duration=55s
[2026-06-27 11:33:28] task_conditioned refresh start :: sync_timeout=240s
[2026-06-27 11:34:22] task_conditioned refresh sync :: status=ok exit=0
[2026-06-27 11:34:25] task_conditioned refresh complete :: sync=ok sync_exit=0 stage=task_conditioned_tuning_completed_with_winner next_action=done live_phase=unknown round3=done,done,done,done,done,done winner=true duration=57s
[2026-06-27 11:44:49] task_conditioned refresh start :: sync_timeout=240s
[2026-06-27 11:45:42] task_conditioned refresh sync :: status=ok exit=0
[2026-06-27 11:45:44] task_conditioned refresh complete :: sync=ok sync_exit=0 stage=task_conditioned_tuning_completed_with_winner next_action=done live_phase=unknown round3=done,done,done,done,done,done winner=true duration=55s
[2026-06-27 11:56:09] task_conditioned refresh start :: sync_timeout=240s
[2026-06-27 11:57:00] task_conditioned refresh sync :: status=ok exit=0
[2026-06-27 11:57:03] task_conditioned refresh complete :: sync=ok sync_exit=0 stage=task_conditioned_tuning_completed_with_winner next_action=done live_phase=unknown round3=done,done,done,done,done,done winner=true duration=54s
[2026-06-27 12:07:28] task_conditioned refresh start :: sync_timeout=240s
[2026-06-27 12:08:21] task_conditioned refresh sync :: status=ok exit=0
[2026-06-27 12:08:23] task_conditioned refresh complete :: sync=ok sync_exit=0 stage=task_conditioned_tuning_completed_with_winner next_action=done live_phase=unknown round3=done,done,done,done,done,done winner=true duration=55s
[2026-06-27 12:18:48] task_conditioned refresh start :: sync_timeout=240s
[2026-06-27 12:19:43] task_conditioned refresh sync :: status=ok exit=0
[2026-06-27 12:19:46] task_conditioned refresh complete :: sync=ok sync_exit=0 stage=task_conditioned_tuning_completed_with_winner next_action=done live_phase=unknown round3=done,done,done,done,done,done winner=true duration=58s
[2026-06-27 12:30:11] task_conditioned refresh start :: sync_timeout=240s
[2026-06-27 12:31:03] task_conditioned refresh sync :: status=ok exit=0
[2026-06-27 12:31:06] task_conditioned refresh complete :: sync=ok sync_exit=0 stage=task_conditioned_tuning_completed_with_winner next_action=done live_phase=unknown round3=done,done,done,done,done,done winner=true duration=55s
[2026-06-27 12:41:31] task_conditioned refresh start :: sync_timeout=240s
[2026-06-27 12:42:24] task_conditioned refresh sync :: status=ok exit=0
[2026-06-27 12:42:26] task_conditioned refresh complete :: sync=ok sync_exit=0 stage=task_conditioned_tuning_completed_with_winner next_action=done live_phase=unknown round3=done,done,done,done,done,done winner=true duration=55s
[2026-06-27 12:52:51] task_conditioned refresh start :: sync_timeout=240s
[2026-06-27 12:53:46] task_conditioned refresh sync :: status=ok exit=0
[2026-06-27 12:53:48] task_conditioned refresh complete :: sync=ok sync_exit=0 stage=task_conditioned_tuning_completed_with_winner next_action=done live_phase=unknown round3=done,done,done,done,done,done winner=true duration=57s
[2026-06-27 13:04:14] task_conditioned refresh start :: sync_timeout=240s
[2026-06-27 13:05:06] task_conditioned refresh sync :: status=ok exit=0
[2026-06-27 13:05:09] task_conditioned refresh complete :: sync=ok sync_exit=0 stage=task_conditioned_tuning_completed_with_winner next_action=done live_phase=unknown round3=done,done,done,done,done,done winner=true duration=55s
[2026-06-27 13:15:36] task_conditioned refresh start :: sync_timeout=240s
[2026-06-27 13:16:28] task_conditioned refresh sync :: status=ok exit=0
[2026-06-27 13:16:32] task_conditioned refresh complete :: sync=ok sync_exit=0 stage=task_conditioned_tuning_completed_with_winner next_action=done live_phase=unknown round3=done,done,done,done,done,done winner=true duration=56s
[2026-06-27 13:26:57] task_conditioned refresh start :: sync_timeout=240s
[2026-06-27 13:27:52] task_conditioned refresh sync :: status=ok exit=0
[2026-06-27 13:27:54] task_conditioned refresh complete :: sync=ok sync_exit=0 stage=task_conditioned_tuning_completed_with_winner next_action=done live_phase=unknown round3=done,done,done,done,done,done winner=true duration=57s
[2026-06-27 13:38:19] task_conditioned refresh start :: sync_timeout=240s
[2026-06-27 13:39:10] task_conditioned refresh sync :: status=ok exit=0
[2026-06-27 13:39:12] task_conditioned refresh complete :: sync=ok sync_exit=0 stage=task_conditioned_tuning_completed_with_winner next_action=done live_phase=unknown round3=done,done,done,done,done,done winner=true duration=53s
[2026-06-27 13:49:39] task_conditioned refresh start :: sync_timeout=240s
[2026-06-27 13:50:33] task_conditioned refresh sync :: status=ok exit=0
[2026-06-27 13:50:35] task_conditioned refresh complete :: sync=ok sync_exit=0 stage=task_conditioned_tuning_completed_with_winner next_action=done live_phase=unknown round3=done,done,done,done,done,done winner=true duration=56s
[2026-06-27 14:01:02] task_conditioned refresh start :: sync_timeout=240s
[2026-06-27 14:01:53] task_conditioned refresh sync :: status=ok exit=0
[2026-06-27 14:01:56] task_conditioned refresh complete :: sync=ok sync_exit=0 stage=task_conditioned_tuning_completed_with_winner next_action=done live_phase=unknown round3=done,done,done,done,done,done winner=true duration=54s
[2026-06-27 14:12:22] task_conditioned refresh start :: sync_timeout=240s
[2026-06-27 14:13:15] task_conditioned refresh sync :: status=ok exit=0
[2026-06-27 14:13:18] task_conditioned refresh complete :: sync=ok sync_exit=0 stage=task_conditioned_tuning_completed_with_winner next_action=done live_phase=unknown round3=done,done,done,done,done,done winner=true duration=56s
[2026-06-27 14:23:44] task_conditioned refresh start :: sync_timeout=240s
[2026-06-27 14:24:36] task_conditioned refresh sync :: status=ok exit=0
[2026-06-27 14:24:38] task_conditioned refresh complete :: sync=ok sync_exit=0 stage=task_conditioned_tuning_completed_with_winner next_action=done live_phase=unknown round3=done,done,done,done,done,done winner=true duration=54s
[2026-06-27 14:35:06] task_conditioned refresh start :: sync_timeout=240s
[2026-06-27 14:35:57] task_conditioned refresh sync :: status=ok exit=0
[2026-06-27 14:36:01] task_conditioned refresh complete :: sync=ok sync_exit=0 stage=task_conditioned_tuning_completed_with_winner next_action=done live_phase=unknown round3=done,done,done,done,done,done winner=true duration=55s
[2026-06-27 14:46:28] task_conditioned refresh start :: sync_timeout=240s
[2026-06-27 14:47:20] task_conditioned refresh sync :: status=ok exit=0
[2026-06-27 14:47:23] task_conditioned refresh complete :: sync=ok sync_exit=0 stage=task_conditioned_tuning_completed_with_winner next_action=done live_phase=unknown round3=done,done,done,done,done,done winner=true duration=55s
[2026-06-27 14:57:51] task_conditioned refresh start :: sync_timeout=240s
[2026-06-27 14:58:42] task_conditioned refresh sync :: status=ok exit=0
[2026-06-27 14:58:45] task_conditioned refresh complete :: sync=ok sync_exit=0 stage=task_conditioned_tuning_completed_with_winner next_action=done live_phase=unknown round3=done,done,done,done,done,done winner=true duration=54s
[2026-06-27 15:09:13] task_conditioned refresh start :: sync_timeout=240s
[2026-06-27 15:10:06] task_conditioned refresh sync :: status=ok exit=0
[2026-06-27 15:10:08] task_conditioned refresh complete :: sync=ok sync_exit=0 stage=task_conditioned_tuning_completed_with_winner next_action=done live_phase=unknown round3=done,done,done,done,done,done winner=true duration=55s
[2026-06-27 15:20:36] task_conditioned refresh start :: sync_timeout=240s
[2026-06-27 15:21:30] task_conditioned refresh sync :: status=ok exit=0
[2026-06-27 15:21:32] task_conditioned refresh complete :: sync=ok sync_exit=0 stage=task_conditioned_tuning_completed_with_winner next_action=done live_phase=unknown round3=done,done,done,done,done,done winner=true duration=56s
[2026-06-27 15:32:02] task_conditioned refresh start :: sync_timeout=240s
[2026-06-27 15:33:04] task_conditioned refresh sync :: status=ok exit=0
[2026-06-27 15:33:06] task_conditioned refresh complete :: sync=ok sync_exit=0 stage=task_conditioned_tuning_completed_with_winner next_action=done live_phase=unknown round3=done,done,done,done,done,done winner=true duration=64s
[2026-06-27 15:43:34] task_conditioned refresh start :: sync_timeout=240s
[2026-06-27 15:44:29] task_conditioned refresh sync :: status=failed exit=255
[2026-06-27 15:44:32] task_conditioned refresh complete :: sync=failed sync_exit=255 stage=task_conditioned_tuning_completed_with_winner next_action=done live_phase=unknown round3=done,done,done,done,done,done winner=true duration=58s
[2026-06-27 15:55:00] task_conditioned refresh start :: sync_timeout=240s
[2026-06-27 15:55:53] task_conditioned refresh sync :: status=ok exit=0
[2026-06-27 15:55:56] task_conditioned refresh complete :: sync=ok sync_exit=0 stage=task_conditioned_tuning_completed_with_winner next_action=done live_phase=unknown round3=done,done,done,done,done,done winner=true duration=56s
[2026-06-27 16:06:22] task_conditioned refresh start :: sync_timeout=240s
[2026-06-27 16:07:15] task_conditioned refresh sync :: status=ok exit=0
[2026-06-27 16:07:18] task_conditioned refresh complete :: sync=ok sync_exit=0 stage=task_conditioned_tuning_completed_with_winner next_action=done live_phase=unknown round3=done,done,done,done,done,done winner=true duration=56s
[2026-06-27 16:17:45] task_conditioned refresh start :: sync_timeout=240s
[2026-06-27 16:18:37] task_conditioned refresh sync :: status=ok exit=0
[2026-06-27 16:18:40] task_conditioned refresh complete :: sync=ok sync_exit=0 stage=task_conditioned_tuning_completed_with_winner next_action=done live_phase=unknown round3=done,done,done,done,done,done winner=true duration=55s
[2026-06-27 16:29:07] task_conditioned refresh start :: sync_timeout=240s
[2026-06-27 16:30:00] task_conditioned refresh sync :: status=ok exit=0
[2026-06-27 16:30:03] task_conditioned refresh complete :: sync=ok sync_exit=0 stage=task_conditioned_tuning_completed_with_winner next_action=done live_phase=unknown round3=done,done,done,done,done,done winner=true duration=56s
[2026-06-27 16:40:32] task_conditioned refresh start :: sync_timeout=240s
[2026-06-27 16:41:27] task_conditioned refresh sync :: status=ok exit=0
[2026-06-27 16:41:29] task_conditioned refresh complete :: sync=ok sync_exit=0 stage=task_conditioned_tuning_completed_with_winner next_action=done live_phase=unknown round3=done,done,done,done,done,done winner=true duration=57s
[2026-06-27 16:51:59] task_conditioned refresh start :: sync_timeout=240s
[2026-06-27 16:52:53] task_conditioned refresh sync :: status=ok exit=0
[2026-06-27 16:52:56] task_conditioned refresh complete :: sync=ok sync_exit=0 stage=task_conditioned_tuning_completed_with_winner next_action=done live_phase=unknown round3=done,done,done,done,done,done winner=true duration=57s
[2026-06-27 17:03:27] task_conditioned refresh start :: sync_timeout=240s
[2026-06-27 17:04:18] task_conditioned refresh sync :: status=ok exit=0
[2026-06-27 17:04:21] task_conditioned refresh complete :: sync=ok sync_exit=0 stage=task_conditioned_tuning_completed_with_winner next_action=done live_phase=unknown round3=done,done,done,done,done,done winner=true duration=54s
[2026-06-27 17:14:53] task_conditioned refresh start :: sync_timeout=240s
[2026-06-27 17:15:48] task_conditioned refresh sync :: status=ok exit=0
[2026-06-27 17:15:51] task_conditioned refresh complete :: sync=ok sync_exit=0 stage=task_conditioned_tuning_completed_with_winner next_action=done live_phase=unknown round3=done,done,done,done,done,done winner=true duration=58s
[2026-06-27 17:26:23] task_conditioned refresh start :: sync_timeout=240s
[2026-06-27 17:27:15] task_conditioned refresh sync :: status=ok exit=0
[2026-06-27 17:27:17] task_conditioned refresh complete :: sync=ok sync_exit=0 stage=task_conditioned_tuning_completed_with_winner next_action=done live_phase=unknown round3=done,done,done,done,done,done winner=true duration=54s
[2026-06-27 17:37:49] task_conditioned refresh start :: sync_timeout=240s
[2026-06-27 17:38:42] task_conditioned refresh sync :: status=ok exit=0
[2026-06-27 17:38:45] task_conditioned refresh complete :: sync=ok sync_exit=0 stage=task_conditioned_tuning_completed_with_winner next_action=done live_phase=unknown round3=done,done,done,done,done,done winner=true duration=56s
[2026-06-27 17:49:17] task_conditioned refresh start :: sync_timeout=240s
[2026-06-27 17:50:09] task_conditioned refresh sync :: status=ok exit=0
[2026-06-27 17:50:11] task_conditioned refresh complete :: sync=ok sync_exit=0 stage=task_conditioned_tuning_completed_with_winner next_action=done live_phase=unknown round3=done,done,done,done,done,done winner=true duration=54s
[2026-06-27 18:00:44] task_conditioned refresh start :: sync_timeout=240s
[2026-06-27 18:01:39] task_conditioned refresh sync :: status=ok exit=0
[2026-06-27 18:01:41] task_conditioned refresh complete :: sync=ok sync_exit=0 stage=task_conditioned_tuning_completed_with_winner next_action=done live_phase=unknown round3=done,done,done,done,done,done winner=true duration=57s
[2026-06-27 18:12:14] task_conditioned refresh start :: sync_timeout=240s
[2026-06-27 18:13:07] task_conditioned refresh sync :: status=ok exit=0
[2026-06-27 18:13:10] task_conditioned refresh complete :: sync=ok sync_exit=0 stage=task_conditioned_tuning_completed_with_winner next_action=done live_phase=unknown round3=done,done,done,done,done,done winner=true duration=56s
[2026-06-27 18:23:43] task_conditioned refresh start :: sync_timeout=240s
[2026-06-27 18:24:36] task_conditioned refresh sync :: status=ok exit=0
[2026-06-27 18:24:39] task_conditioned refresh complete :: sync=ok sync_exit=0 stage=task_conditioned_tuning_completed_with_winner next_action=done live_phase=unknown round3=done,done,done,done,done,done winner=true duration=56s
[2026-06-27 18:35:13] task_conditioned refresh start :: sync_timeout=240s
[2026-06-27 18:35:35] task_conditioned refresh sync :: status=failed exit=255
[2026-06-27 18:35:39] task_conditioned refresh complete :: sync=failed sync_exit=255 stage=task_conditioned_tuning_completed_with_winner next_action=done live_phase=unknown round3=done,done,done,done,done,done winner=true duration=26s
[2026-06-27 18:46:11] task_conditioned refresh start :: sync_timeout=240s
[2026-06-27 18:47:05] task_conditioned refresh sync :: status=ok exit=0
[2026-06-27 18:47:08] task_conditioned refresh complete :: sync=ok sync_exit=0 stage=task_conditioned_tuning_completed_with_winner next_action=done live_phase=unknown round3=done,done,done,done,done,done winner=true duration=57s
[2026-06-27 18:57:40] task_conditioned refresh start :: sync_timeout=240s
[2026-06-27 18:58:33] task_conditioned refresh sync :: status=ok exit=0
[2026-06-27 18:58:35] task_conditioned refresh complete :: sync=ok sync_exit=0 stage=task_conditioned_tuning_completed_with_winner next_action=done live_phase=unknown round3=done,done,done,done,done,done winner=true duration=55s
[2026-06-27 19:09:07] task_conditioned refresh start :: sync_timeout=240s
[2026-06-27 19:10:02] task_conditioned refresh sync :: status=ok exit=0
[2026-06-27 19:10:05] task_conditioned refresh complete :: sync=ok sync_exit=0 stage=task_conditioned_tuning_completed_with_winner next_action=done live_phase=unknown round3=done,done,done,done,done,done winner=true duration=58s
[2026-06-27 19:20:38] task_conditioned refresh start :: sync_timeout=240s
[2026-06-27 19:21:34] task_conditioned refresh sync :: status=ok exit=0
[2026-06-27 19:21:36] task_conditioned refresh complete :: sync=ok sync_exit=0 stage=task_conditioned_tuning_completed_with_winner next_action=done live_phase=unknown round3=done,done,done,done,done,done winner=true duration=58s
[2026-06-27 19:32:08] task_conditioned refresh start :: sync_timeout=240s
[2026-06-27 19:33:02] task_conditioned refresh sync :: status=ok exit=0
[2026-06-27 19:33:04] task_conditioned refresh complete :: sync=ok sync_exit=0 stage=task_conditioned_tuning_completed_with_winner next_action=done live_phase=unknown round3=done,done,done,done,done,done winner=true duration=56s
[2026-06-27 19:43:37] task_conditioned refresh start :: sync_timeout=240s
[2026-06-27 19:44:31] task_conditioned refresh sync :: status=ok exit=0
[2026-06-27 19:44:34] task_conditioned refresh complete :: sync=ok sync_exit=0 stage=task_conditioned_tuning_completed_with_winner next_action=done live_phase=unknown round3=done,done,done,done,done,done winner=true duration=57s
[2026-06-27 19:55:07] task_conditioned refresh start :: sync_timeout=240s
[2026-06-27 19:56:00] task_conditioned refresh sync :: status=ok exit=0
[2026-06-27 19:56:03] task_conditioned refresh complete :: sync=ok sync_exit=0 stage=task_conditioned_tuning_completed_with_winner next_action=done live_phase=unknown round3=done,done,done,done,done,done winner=true duration=56s
[2026-06-27 20:06:37] task_conditioned refresh start :: sync_timeout=240s
[2026-06-27 20:07:29] task_conditioned refresh sync :: status=ok exit=0
[2026-06-27 20:07:32] task_conditioned refresh complete :: sync=ok sync_exit=0 stage=task_conditioned_tuning_completed_with_winner next_action=done live_phase=unknown round3=done,done,done,done,done,done winner=true duration=55s
[2026-06-27 20:18:01] task_conditioned refresh start :: sync_timeout=240s
[2026-06-27 20:18:54] task_conditioned refresh sync :: status=ok exit=0
[2026-06-27 20:18:57] task_conditioned refresh complete :: sync=ok sync_exit=0 stage=task_conditioned_tuning_completed_with_winner next_action=done live_phase=unknown round3=done,done,done,done,done,done winner=true duration=56s
[2026-06-27 20:29:26] task_conditioned refresh start :: sync_timeout=240s
[2026-06-27 20:30:18] task_conditioned refresh sync :: status=ok exit=0
[2026-06-27 20:30:21] task_conditioned refresh complete :: sync=ok sync_exit=0 stage=task_conditioned_tuning_completed_with_winner next_action=done live_phase=unknown round3=done,done,done,done,done,done winner=true duration=55s
[2026-06-27 20:40:52] task_conditioned refresh start :: sync_timeout=240s
[2026-06-27 20:41:46] task_conditioned refresh sync :: status=ok exit=0
[2026-06-27 20:41:49] task_conditioned refresh complete :: sync=ok sync_exit=0 stage=task_conditioned_tuning_completed_with_winner next_action=done live_phase=unknown round3=done,done,done,done,done,done winner=true duration=57s
[2026-06-27 20:52:23] task_conditioned refresh start :: sync_timeout=240s
[2026-06-27 20:53:19] task_conditioned refresh sync :: status=ok exit=0
[2026-06-27 20:53:21] task_conditioned refresh complete :: sync=ok sync_exit=0 stage=task_conditioned_tuning_completed_with_winner next_action=done live_phase=unknown round3=done,done,done,done,done,done winner=true duration=58s
[2026-06-27 21:03:56] task_conditioned refresh start :: sync_timeout=240s
[2026-06-27 21:04:54] task_conditioned refresh sync :: status=ok exit=0
[2026-06-27 21:04:56] task_conditioned refresh complete :: sync=ok sync_exit=0 stage=task_conditioned_tuning_completed_with_winner next_action=done live_phase=unknown round3=done,done,done,done,done,done winner=true duration=60s
[2026-06-27 21:15:30] task_conditioned refresh start :: sync_timeout=240s
[2026-06-27 21:16:22] task_conditioned refresh sync :: status=ok exit=0
[2026-06-27 21:16:26] task_conditioned refresh complete :: sync=ok sync_exit=0 stage=task_conditioned_tuning_completed_with_winner next_action=done live_phase=unknown round3=done,done,done,done,done,done winner=true duration=56s
[2026-06-27 21:27:00] task_conditioned refresh start :: sync_timeout=240s
[2026-06-27 21:27:54] task_conditioned refresh sync :: status=ok exit=0
[2026-06-27 21:27:58] task_conditioned refresh complete :: sync=ok sync_exit=0 stage=task_conditioned_tuning_completed_with_winner next_action=done live_phase=unknown round3=done,done,done,done,done,done winner=true duration=58s
[2026-06-27 21:38:32] task_conditioned refresh start :: sync_timeout=240s
[2026-06-27 21:39:27] task_conditioned refresh sync :: status=ok exit=0
[2026-06-27 21:39:30] task_conditioned refresh complete :: sync=ok sync_exit=0 stage=task_conditioned_tuning_completed_with_winner next_action=done live_phase=unknown round3=done,done,done,done,done,done winner=true duration=58s
[2026-06-27 21:50:03] task_conditioned refresh start :: sync_timeout=240s
[2026-06-27 21:50:56] task_conditioned refresh sync :: status=ok exit=0
[2026-06-27 21:50:58] task_conditioned refresh complete :: sync=ok sync_exit=0 stage=task_conditioned_tuning_completed_with_winner next_action=done live_phase=unknown round3=done,done,done,done,done,done winner=true duration=55s
[2026-06-27 22:01:34] task_conditioned refresh start :: sync_timeout=240s
[2026-06-27 22:02:25] task_conditioned refresh sync :: status=ok exit=0
[2026-06-27 22:02:28] task_conditioned refresh complete :: sync=ok sync_exit=0 stage=task_conditioned_tuning_completed_with_winner next_action=done live_phase=unknown round3=done,done,done,done,done,done winner=true duration=54s
[2026-06-27 22:13:03] task_conditioned refresh start :: sync_timeout=240s
[2026-06-27 22:13:56] task_conditioned refresh sync :: status=ok exit=0
[2026-06-27 22:13:58] task_conditioned refresh complete :: sync=ok sync_exit=0 stage=task_conditioned_tuning_completed_with_winner next_action=done live_phase=unknown round3=done,done,done,done,done,done winner=true duration=55s
[2026-06-27 22:24:33] task_conditioned refresh start :: sync_timeout=240s
[2026-06-27 22:25:25] task_conditioned refresh sync :: status=ok exit=0
[2026-06-27 22:25:28] task_conditioned refresh complete :: sync=ok sync_exit=0 stage=task_conditioned_tuning_completed_with_winner next_action=done live_phase=unknown round3=done,done,done,done,done,done winner=true duration=55s
[2026-06-27 22:36:04] task_conditioned refresh start :: sync_timeout=240s
[2026-06-27 22:36:56] task_conditioned refresh sync :: status=ok exit=0
[2026-06-27 22:36:59] task_conditioned refresh complete :: sync=ok sync_exit=0 stage=task_conditioned_tuning_completed_with_winner next_action=done live_phase=unknown round3=done,done,done,done,done,done winner=true duration=55s
[2026-06-27 22:47:26] task_conditioned refresh start :: sync_timeout=240s
[2026-06-27 22:47:44] task_conditioned refresh sync :: status=failed exit=255
[2026-06-27 22:47:47] task_conditioned refresh complete :: sync=failed sync_exit=255 stage=task_conditioned_tuning_completed_with_winner next_action=done live_phase=unknown round3=done,done,done,done,done,done winner=true duration=21s
[2026-06-27 22:58:16] task_conditioned refresh start :: sync_timeout=240s
[2026-06-27 22:59:09] task_conditioned refresh sync :: status=ok exit=0
[2026-06-27 22:59:12] task_conditioned refresh complete :: sync=ok sync_exit=0 stage=task_conditioned_tuning_completed_with_winner next_action=done live_phase=unknown round3=done,done,done,done,done,done winner=true duration=56s
[2026-06-27 23:09:43] task_conditioned refresh start :: sync_timeout=240s
[2026-06-27 23:10:36] task_conditioned refresh sync :: status=ok exit=0
[2026-06-27 23:10:39] task_conditioned refresh complete :: sync=ok sync_exit=0 stage=task_conditioned_tuning_completed_with_winner next_action=done live_phase=unknown round3=done,done,done,done,done,done winner=true duration=56s
[2026-06-27 23:21:09] task_conditioned refresh start :: sync_timeout=240s
[2026-06-27 23:22:00] task_conditioned refresh sync :: status=ok exit=0
[2026-06-27 23:22:03] task_conditioned refresh complete :: sync=ok sync_exit=0 stage=task_conditioned_tuning_completed_with_winner next_action=done live_phase=unknown round3=done,done,done,done,done,done winner=true duration=54s
[2026-06-27 23:32:36] task_conditioned refresh start :: sync_timeout=240s
[2026-06-27 23:33:30] task_conditioned refresh sync :: status=ok exit=0
[2026-06-27 23:33:32] task_conditioned refresh complete :: sync=ok sync_exit=0 stage=task_conditioned_tuning_completed_with_winner next_action=done live_phase=unknown round3=done,done,done,done,done,done winner=true duration=56s
[2026-06-27 23:44:07] task_conditioned refresh start :: sync_timeout=240s
[2026-06-27 23:45:00] task_conditioned refresh sync :: status=ok exit=0
[2026-06-27 23:45:02] task_conditioned refresh complete :: sync=ok sync_exit=0 stage=task_conditioned_tuning_completed_with_winner next_action=done live_phase=unknown round3=done,done,done,done,done,done winner=true duration=55s
[2026-06-27 23:55:39] task_conditioned refresh start :: sync_timeout=240s
[2026-06-27 23:56:32] task_conditioned refresh sync :: status=ok exit=0
[2026-06-27 23:56:34] task_conditioned refresh complete :: sync=ok sync_exit=0 stage=task_conditioned_tuning_completed_with_winner next_action=done live_phase=unknown round3=done,done,done,done,done,done winner=true duration=55s
[2026-06-28 00:07:12] task_conditioned refresh start :: sync_timeout=240s
[2026-06-28 00:08:02] task_conditioned refresh sync :: status=ok exit=0
[2026-06-28 00:08:05] task_conditioned refresh complete :: sync=ok sync_exit=0 stage=task_conditioned_tuning_completed_with_winner next_action=done live_phase=unknown round3=done,done,done,done,done,done winner=true duration=53s
[2026-06-28 00:18:42] task_conditioned refresh start :: sync_timeout=240s
[2026-06-28 00:19:35] task_conditioned refresh sync :: status=ok exit=0
[2026-06-28 00:19:37] task_conditioned refresh complete :: sync=ok sync_exit=0 stage=task_conditioned_tuning_completed_with_winner next_action=done live_phase=unknown round3=done,done,done,done,done,done winner=true duration=55s
[2026-06-28 00:30:14] task_conditioned refresh start :: sync_timeout=240s
[2026-06-28 00:31:06] task_conditioned refresh sync :: status=ok exit=0
[2026-06-28 00:31:08] task_conditioned refresh complete :: sync=ok sync_exit=0 stage=task_conditioned_tuning_completed_with_winner next_action=done live_phase=unknown round3=done,done,done,done,done,done winner=true duration=54s
[2026-06-28 00:41:45] task_conditioned refresh start :: sync_timeout=240s
[2026-06-28 00:42:36] task_conditioned refresh sync :: status=ok exit=0
[2026-06-28 00:42:38] task_conditioned refresh complete :: sync=ok sync_exit=0 stage=task_conditioned_tuning_completed_with_winner next_action=done live_phase=unknown round3=done,done,done,done,done,done winner=true duration=53s
[2026-06-28 00:53:17] task_conditioned refresh start :: sync_timeout=240s
[2026-06-28 00:54:18] task_conditioned refresh sync :: status=failed exit=255
[2026-06-28 00:54:21] task_conditioned refresh complete :: sync=failed sync_exit=255 stage=task_conditioned_tuning_completed_with_winner next_action=done live_phase=unknown round3=done,done,done,done,done,done winner=true duration=64s
[2026-06-28 01:05:00] task_conditioned refresh start :: sync_timeout=240s
[2026-06-28 01:05:50] task_conditioned refresh sync :: status=ok exit=0
[2026-06-28 01:05:53] task_conditioned refresh complete :: sync=ok sync_exit=0 stage=task_conditioned_tuning_completed_with_winner next_action=done live_phase=unknown round3=done,done,done,done,done,done winner=true duration=53s
[2026-06-28 01:16:32] task_conditioned refresh start :: sync_timeout=240s
[2026-06-28 01:17:24] task_conditioned refresh sync :: status=ok exit=0
[2026-06-28 01:17:27] task_conditioned refresh complete :: sync=ok sync_exit=0 stage=task_conditioned_tuning_completed_with_winner next_action=done live_phase=unknown round3=done,done,done,done,done,done winner=true duration=55s
[2026-06-28 01:28:07] task_conditioned refresh start :: sync_timeout=240s
[2026-06-28 01:28:57] task_conditioned refresh sync :: status=ok exit=0
[2026-06-28 01:28:59] task_conditioned refresh complete :: sync=ok sync_exit=0 stage=task_conditioned_tuning_completed_with_winner next_action=done live_phase=unknown round3=done,done,done,done,done,done winner=true duration=52s
[2026-06-28 01:39:39] task_conditioned refresh start :: sync_timeout=240s
[2026-06-28 01:40:31] task_conditioned refresh sync :: status=ok exit=0
[2026-06-28 01:40:34] task_conditioned refresh complete :: sync=ok sync_exit=0 stage=task_conditioned_tuning_completed_with_winner next_action=done live_phase=unknown round3=done,done,done,done,done,done winner=true duration=55s
[2026-06-28 01:51:09] task_conditioned refresh start :: sync_timeout=240s
[2026-06-28 01:52:01] task_conditioned refresh sync :: status=ok exit=0
[2026-06-28 01:52:04] task_conditioned refresh complete :: sync=ok sync_exit=0 stage=task_conditioned_tuning_completed_with_winner next_action=done live_phase=unknown round3=done,done,done,done,done,done winner=true duration=55s
[2026-06-28 02:02:44] task_conditioned refresh start :: sync_timeout=240s
[2026-06-28 02:03:34] task_conditioned refresh sync :: status=ok exit=0
[2026-06-28 02:03:37] task_conditioned refresh complete :: sync=ok sync_exit=0 stage=task_conditioned_tuning_completed_with_winner next_action=done live_phase=unknown round3=done,done,done,done,done,done winner=true duration=53s
[2026-06-28 02:14:18] task_conditioned refresh start :: sync_timeout=240s
[2026-06-28 02:15:10] task_conditioned refresh sync :: status=ok exit=0
[2026-06-28 02:15:12] task_conditioned refresh complete :: sync=ok sync_exit=0 stage=task_conditioned_tuning_completed_with_winner next_action=done live_phase=unknown round3=done,done,done,done,done,done winner=true duration=54s
[2026-06-28 02:25:52] task_conditioned refresh start :: sync_timeout=240s
[2026-06-28 02:26:43] task_conditioned refresh sync :: status=ok exit=0
[2026-06-28 02:26:45] task_conditioned refresh complete :: sync=ok sync_exit=0 stage=task_conditioned_tuning_completed_with_winner next_action=done live_phase=unknown round3=done,done,done,done,done,done winner=true duration=53s
[2026-06-28 02:37:25] task_conditioned refresh start :: sync_timeout=240s
[2026-06-28 02:38:15] task_conditioned refresh sync :: status=ok exit=0
[2026-06-28 02:38:20] task_conditioned refresh complete :: sync=ok sync_exit=0 stage=task_conditioned_tuning_completed_with_winner next_action=done live_phase=unknown round3=done,done,done,done,done,done winner=true duration=55s
[2026-06-28 02:49:00] task_conditioned refresh start :: sync_timeout=240s
[2026-06-28 02:49:51] task_conditioned refresh sync :: status=ok exit=0
[2026-06-28 02:49:54] task_conditioned refresh complete :: sync=ok sync_exit=0 stage=task_conditioned_tuning_completed_with_winner next_action=done live_phase=unknown round3=done,done,done,done,done,done winner=true duration=54s
[2026-06-28 03:00:36] task_conditioned refresh start :: sync_timeout=240s
[2026-06-28 03:01:25] task_conditioned refresh sync :: status=ok exit=0
[2026-06-28 03:01:28] task_conditioned refresh complete :: sync=ok sync_exit=0 stage=task_conditioned_tuning_completed_with_winner next_action=done live_phase=unknown round3=done,done,done,done,done,done winner=true duration=52s
[2026-06-28 03:12:09] task_conditioned refresh start :: sync_timeout=240s
[2026-06-28 03:12:28] task_conditioned refresh sync :: status=failed exit=255
[2026-06-28 03:12:30] task_conditioned refresh complete :: sync=failed sync_exit=255 stage=task_conditioned_tuning_completed_with_winner next_action=done live_phase=unknown round3=done,done,done,done,done,done winner=true duration=21s
[2026-06-28 03:23:13] task_conditioned refresh start :: sync_timeout=240s
[2026-06-28 03:24:03] task_conditioned refresh sync :: status=ok exit=0
[2026-06-28 03:24:05] task_conditioned refresh complete :: sync=ok sync_exit=0 stage=task_conditioned_tuning_completed_with_winner next_action=done live_phase=unknown round3=done,done,done,done,done,done winner=true duration=52s
[2026-06-28 03:34:48] task_conditioned refresh start :: sync_timeout=240s
[2026-06-28 03:35:38] task_conditioned refresh sync :: status=ok exit=0
[2026-06-28 03:35:42] task_conditioned refresh complete :: sync=ok sync_exit=0 stage=task_conditioned_tuning_completed_with_winner next_action=done live_phase=unknown round3=done,done,done,done,done,done winner=true duration=54s
[2026-06-28 03:46:22] task_conditioned refresh start :: sync_timeout=240s
[2026-06-28 03:47:14] task_conditioned refresh sync :: status=ok exit=0
[2026-06-28 03:47:16] task_conditioned refresh complete :: sync=ok sync_exit=0 stage=task_conditioned_tuning_completed_with_winner next_action=done live_phase=unknown round3=done,done,done,done,done,done winner=true duration=54s
[2026-06-28 03:57:58] task_conditioned refresh start :: sync_timeout=240s
[2026-06-28 03:58:49] task_conditioned refresh sync :: status=ok exit=0
[2026-06-28 03:58:51] task_conditioned refresh complete :: sync=ok sync_exit=0 stage=task_conditioned_tuning_completed_with_winner next_action=done live_phase=unknown round3=done,done,done,done,done,done winner=true duration=53s
[2026-06-28 04:09:32] task_conditioned refresh start :: sync_timeout=240s
[2026-06-28 04:10:24] task_conditioned refresh sync :: status=ok exit=0
[2026-06-28 04:10:26] task_conditioned refresh complete :: sync=ok sync_exit=0 stage=task_conditioned_tuning_completed_with_winner next_action=done live_phase=unknown round3=done,done,done,done,done,done winner=true duration=54s
[2026-06-28 04:21:05] task_conditioned refresh start :: sync_timeout=240s
[2026-06-28 04:21:57] task_conditioned refresh sync :: status=ok exit=0
[2026-06-28 04:21:59] task_conditioned refresh complete :: sync=ok sync_exit=0 stage=task_conditioned_tuning_completed_with_winner next_action=done live_phase=unknown round3=done,done,done,done,done,done winner=true duration=54s
[2026-06-28 04:32:33] task_conditioned refresh start :: sync_timeout=240s
[2026-06-28 04:33:25] task_conditioned refresh sync :: status=ok exit=0
[2026-06-28 04:33:28] task_conditioned refresh complete :: sync=ok sync_exit=0 stage=task_conditioned_tuning_completed_with_winner next_action=done live_phase=unknown round3=done,done,done,done,done,done winner=true duration=55s
[2026-06-28 04:43:58] task_conditioned refresh start :: sync_timeout=240s
[2026-06-28 04:44:49] task_conditioned refresh sync :: status=ok exit=0
[2026-06-28 04:44:52] task_conditioned refresh complete :: sync=ok sync_exit=0 stage=task_conditioned_tuning_completed_with_winner next_action=done live_phase=unknown round3=done,done,done,done,done,done winner=true duration=54s
[2026-06-28 04:55:25] task_conditioned refresh start :: sync_timeout=240s
[2026-06-28 04:56:15] task_conditioned refresh sync :: status=ok exit=0
[2026-06-28 04:56:18] task_conditioned refresh complete :: sync=ok sync_exit=0 stage=task_conditioned_tuning_completed_with_winner next_action=done live_phase=unknown round3=done,done,done,done,done,done winner=true duration=53s
[2026-06-28 05:06:49] task_conditioned refresh start :: sync_timeout=240s
[2026-06-28 05:07:42] task_conditioned refresh sync :: status=ok exit=0
[2026-06-28 05:07:44] task_conditioned refresh complete :: sync=ok sync_exit=0 stage=task_conditioned_tuning_completed_with_winner next_action=done live_phase=unknown round3=done,done,done,done,done,done winner=true duration=55s
[2026-06-28 05:18:22] task_conditioned refresh start :: sync_timeout=240s
[2026-06-28 05:19:14] task_conditioned refresh sync :: status=ok exit=0
[2026-06-28 05:19:16] task_conditioned refresh complete :: sync=ok sync_exit=0 stage=task_conditioned_tuning_completed_with_winner next_action=done live_phase=unknown round3=done,done,done,done,done,done winner=true duration=54s
[2026-06-28 05:29:56] task_conditioned refresh start :: sync_timeout=240s
[2026-06-28 05:30:45] task_conditioned refresh sync :: status=ok exit=0
[2026-06-28 05:30:48] task_conditioned refresh complete :: sync=ok sync_exit=0 stage=task_conditioned_tuning_completed_with_winner next_action=done live_phase=unknown round3=done,done,done,done,done,done winner=true duration=52s
[2026-06-28 05:41:30] task_conditioned refresh start :: sync_timeout=240s
[2026-06-28 05:42:22] task_conditioned refresh sync :: status=ok exit=0
[2026-06-28 05:42:25] task_conditioned refresh complete :: sync=ok sync_exit=0 stage=task_conditioned_tuning_completed_with_winner next_action=done live_phase=unknown round3=done,done,done,done,done,done winner=true duration=55s
[2026-06-28 05:53:07] task_conditioned refresh start :: sync_timeout=240s
[2026-06-28 05:53:56] task_conditioned refresh sync :: status=ok exit=0
[2026-06-28 05:53:59] task_conditioned refresh complete :: sync=ok sync_exit=0 stage=task_conditioned_tuning_completed_with_winner next_action=done live_phase=unknown round3=done,done,done,done,done,done winner=true duration=52s
[2026-06-28 06:04:42] task_conditioned refresh start :: sync_timeout=240s
[2026-06-28 06:05:32] task_conditioned refresh sync :: status=ok exit=0
[2026-06-28 06:05:37] task_conditioned refresh complete :: sync=ok sync_exit=0 stage=task_conditioned_tuning_completed_with_winner next_action=done live_phase=unknown round3=done,done,done,done,done,done winner=true duration=55s
[2026-06-28 06:16:18] task_conditioned refresh start :: sync_timeout=240s
[2026-06-28 06:17:11] task_conditioned refresh sync :: status=ok exit=0
[2026-06-28 06:17:14] task_conditioned refresh complete :: sync=ok sync_exit=0 stage=task_conditioned_tuning_completed_with_winner next_action=done live_phase=unknown round3=done,done,done,done,done,done winner=true duration=56s
[2026-06-28 06:27:57] task_conditioned refresh start :: sync_timeout=240s
[2026-06-28 06:28:47] task_conditioned refresh sync :: status=ok exit=0
[2026-06-28 06:28:49] task_conditioned refresh complete :: sync=ok sync_exit=0 stage=task_conditioned_tuning_completed_with_winner next_action=done live_phase=unknown round3=done,done,done,done,done,done winner=true duration=52s
[2026-06-28 06:39:34] task_conditioned refresh start :: sync_timeout=240s
[2026-06-28 06:40:26] task_conditioned refresh sync :: status=ok exit=0
[2026-06-28 06:40:29] task_conditioned refresh complete :: sync=ok sync_exit=0 stage=task_conditioned_tuning_completed_with_winner next_action=done live_phase=unknown round3=done,done,done,done,done,done winner=true duration=55s
[2026-06-28 06:51:14] task_conditioned refresh start :: sync_timeout=240s
[2026-06-28 06:52:04] task_conditioned refresh sync :: status=ok exit=0
[2026-06-28 06:52:07] task_conditioned refresh complete :: sync=ok sync_exit=0 stage=task_conditioned_tuning_completed_with_winner next_action=done live_phase=unknown round3=done,done,done,done,done,done winner=true duration=53s
[2026-06-28 07:02:49] task_conditioned refresh start :: sync_timeout=240s
[2026-06-28 07:03:39] task_conditioned refresh sync :: status=ok exit=0
[2026-06-28 07:03:42] task_conditioned refresh complete :: sync=ok sync_exit=0 stage=task_conditioned_tuning_completed_with_winner next_action=done live_phase=unknown round3=done,done,done,done,done,done winner=true duration=53s
[2026-06-28 07:14:26] task_conditioned refresh start :: sync_timeout=240s
[2026-06-28 07:15:18] task_conditioned refresh sync :: status=ok exit=0
[2026-06-28 07:15:21] task_conditioned refresh complete :: sync=ok sync_exit=0 stage=task_conditioned_tuning_completed_with_winner next_action=done live_phase=unknown round3=done,done,done,done,done,done winner=true duration=55s
[2026-06-28 07:26:05] task_conditioned refresh start :: sync_timeout=240s
[2026-06-28 07:26:55] task_conditioned refresh sync :: status=ok exit=0
[2026-06-28 07:26:58] task_conditioned refresh complete :: sync=ok sync_exit=0 stage=task_conditioned_tuning_completed_with_winner next_action=done live_phase=unknown round3=done,done,done,done,done,done winner=true duration=53s
[2026-06-28 07:37:44] task_conditioned refresh start :: sync_timeout=240s
[2026-06-28 07:38:35] task_conditioned refresh sync :: status=failed exit=255
[2026-06-28 07:38:38] task_conditioned refresh complete :: sync=failed sync_exit=255 stage=task_conditioned_tuning_completed_with_winner next_action=done live_phase=unknown round3=done,done,done,done,done,done winner=true duration=54s
[2026-06-28 07:49:21] task_conditioned refresh start :: sync_timeout=240s
[2026-06-28 07:50:13] task_conditioned refresh sync :: status=ok exit=0
[2026-06-28 07:50:15] task_conditioned refresh complete :: sync=ok sync_exit=0 stage=task_conditioned_tuning_completed_with_winner next_action=done live_phase=unknown round3=done,done,done,done,done,done winner=true duration=54s
[2026-06-28 08:01:01] task_conditioned refresh start :: sync_timeout=240s
[2026-06-28 08:01:51] task_conditioned refresh sync :: status=ok exit=0
[2026-06-28 08:01:53] task_conditioned refresh complete :: sync=ok sync_exit=0 stage=task_conditioned_tuning_completed_with_winner next_action=done live_phase=unknown round3=done,done,done,done,done,done winner=true duration=52s
[2026-06-28 08:12:39] task_conditioned refresh start :: sync_timeout=240s
[2026-06-28 08:13:32] task_conditioned refresh sync :: status=ok exit=0
[2026-06-28 08:13:34] task_conditioned refresh complete :: sync=ok sync_exit=0 stage=task_conditioned_tuning_completed_with_winner next_action=done live_phase=unknown round3=done,done,done,done,done,done winner=true duration=55s
[2026-06-28 08:24:20] task_conditioned refresh start :: sync_timeout=240s
[2026-06-28 08:25:10] task_conditioned refresh sync :: status=ok exit=0
[2026-06-28 08:25:13] task_conditioned refresh complete :: sync=ok sync_exit=0 stage=task_conditioned_tuning_completed_with_winner next_action=done live_phase=unknown round3=done,done,done,done,done,done winner=true duration=53s
[2026-06-28 08:35:59] task_conditioned refresh start :: sync_timeout=240s
[2026-06-28 08:36:50] task_conditioned refresh sync :: status=ok exit=0
[2026-06-28 08:36:55] task_conditioned refresh complete :: sync=ok sync_exit=0 stage=task_conditioned_tuning_completed_with_winner next_action=done live_phase=unknown round3=done,done,done,done,done,done winner=true duration=56s
[2026-06-28 08:47:37] task_conditioned refresh start :: sync_timeout=240s
[2026-06-28 08:48:29] task_conditioned refresh sync :: status=ok exit=0
[2026-06-28 08:48:32] task_conditioned refresh complete :: sync=ok sync_exit=0 stage=task_conditioned_tuning_completed_with_winner next_action=done live_phase=unknown round3=done,done,done,done,done,done winner=true duration=55s
[2026-06-28 08:59:18] task_conditioned refresh start :: sync_timeout=240s
[2026-06-28 09:00:08] task_conditioned refresh sync :: status=ok exit=0
[2026-06-28 09:00:11] task_conditioned refresh complete :: sync=ok sync_exit=0 stage=task_conditioned_tuning_completed_with_winner next_action=done live_phase=unknown round3=done,done,done,done,done,done winner=true duration=53s
[2026-06-28 09:10:56] task_conditioned refresh start :: sync_timeout=240s
[2026-06-28 09:11:50] task_conditioned refresh sync :: status=ok exit=0
[2026-06-28 09:11:52] task_conditioned refresh complete :: sync=ok sync_exit=0 stage=task_conditioned_tuning_completed_with_winner next_action=done live_phase=unknown round3=done,done,done,done,done,done winner=true duration=56s
[2026-06-28 09:22:37] task_conditioned refresh start :: sync_timeout=240s
[2026-06-28 09:23:28] task_conditioned refresh sync :: status=ok exit=0
[2026-06-28 09:23:30] task_conditioned refresh complete :: sync=ok sync_exit=0 stage=task_conditioned_tuning_completed_with_winner next_action=done live_phase=unknown round3=done,done,done,done,done,done winner=true duration=53s
[2026-06-28 09:34:16] task_conditioned refresh start :: sync_timeout=240s
[2026-06-28 09:35:07] task_conditioned refresh sync :: status=ok exit=0
[2026-06-28 09:35:10] task_conditioned refresh complete :: sync=ok sync_exit=0 stage=task_conditioned_tuning_completed_with_winner next_action=done live_phase=unknown round3=done,done,done,done,done,done winner=true duration=54s
[2026-06-28 09:45:55] task_conditioned refresh start :: sync_timeout=240s
[2026-06-28 09:46:48] task_conditioned refresh sync :: status=ok exit=0
[2026-06-28 09:46:50] task_conditioned refresh complete :: sync=ok sync_exit=0 stage=task_conditioned_tuning_completed_with_winner next_action=done live_phase=unknown round3=done,done,done,done,done,done winner=true duration=55s
[2026-06-28 09:57:34] task_conditioned refresh start :: sync_timeout=240s
[2026-06-28 09:58:24] task_conditioned refresh sync :: status=ok exit=0
[2026-06-28 09:58:27] task_conditioned refresh complete :: sync=ok sync_exit=0 stage=task_conditioned_tuning_completed_with_winner next_action=done live_phase=unknown round3=done,done,done,done,done,done winner=true duration=53s
[2026-06-28 10:09:14] task_conditioned refresh start :: sync_timeout=240s
[2026-06-28 10:10:06] task_conditioned refresh sync :: status=ok exit=0
[2026-06-28 10:10:09] task_conditioned refresh complete :: sync=ok sync_exit=0 stage=task_conditioned_tuning_completed_with_winner next_action=done live_phase=unknown round3=done,done,done,done,done,done winner=true duration=55s
[2026-06-28 10:20:53] task_conditioned refresh start :: sync_timeout=240s
[2026-06-28 10:21:46] task_conditioned refresh sync :: status=ok exit=0
[2026-06-28 10:21:48] task_conditioned refresh complete :: sync=ok sync_exit=0 stage=task_conditioned_tuning_completed_with_winner next_action=done live_phase=unknown round3=done,done,done,done,done,done winner=true duration=55s
[2026-06-28 10:32:35] task_conditioned refresh start :: sync_timeout=240s
[2026-06-28 10:33:26] task_conditioned refresh sync :: status=ok exit=0
[2026-06-28 10:33:28] task_conditioned refresh complete :: sync=ok sync_exit=0 stage=task_conditioned_tuning_completed_with_winner next_action=done live_phase=unknown round3=done,done,done,done,done,done winner=true duration=53s
[2026-06-28 10:44:15] task_conditioned refresh start :: sync_timeout=240s
[2026-06-28 10:45:08] task_conditioned refresh sync :: status=ok exit=0
[2026-06-28 10:45:11] task_conditioned refresh complete :: sync=ok sync_exit=0 stage=task_conditioned_tuning_completed_with_winner next_action=done live_phase=unknown round3=done,done,done,done,done,done winner=true duration=56s
[2026-06-28 10:55:59] task_conditioned refresh start :: sync_timeout=240s
[2026-06-28 10:56:50] task_conditioned refresh sync :: status=ok exit=0
[2026-06-28 10:56:52] task_conditioned refresh complete :: sync=ok sync_exit=0 stage=task_conditioned_tuning_completed_with_winner next_action=done live_phase=unknown round3=done,done,done,done,done,done winner=true duration=53s
[2026-06-28 11:07:42] task_conditioned refresh start :: sync_timeout=240s
[2026-06-28 11:08:35] task_conditioned refresh sync :: status=ok exit=0
[2026-06-28 11:08:38] task_conditioned refresh complete :: sync=ok sync_exit=0 stage=task_conditioned_tuning_completed_with_winner next_action=done live_phase=unknown round3=done,done,done,done,done,done winner=true duration=56s
[2026-06-28 11:19:25] task_conditioned refresh start :: sync_timeout=240s
[2026-06-28 11:20:19] task_conditioned refresh sync :: status=ok exit=0
[2026-06-28 11:20:21] task_conditioned refresh complete :: sync=ok sync_exit=0 stage=task_conditioned_tuning_completed_with_winner next_action=done live_phase=unknown round3=done,done,done,done,done,done winner=true duration=56s
[2026-06-28 11:31:07] task_conditioned refresh start :: sync_timeout=240s
[2026-06-28 11:31:58] task_conditioned refresh sync :: status=ok exit=0
[2026-06-28 11:32:00] task_conditioned refresh complete :: sync=ok sync_exit=0 stage=task_conditioned_tuning_completed_with_winner next_action=done live_phase=unknown round3=done,done,done,done,done,done winner=true duration=53s
[2026-06-28 11:42:51] task_conditioned refresh start :: sync_timeout=240s
[2026-06-28 11:43:44] task_conditioned refresh sync :: status=ok exit=0
[2026-06-28 11:43:47] task_conditioned refresh complete :: sync=ok sync_exit=0 stage=task_conditioned_tuning_completed_with_winner next_action=done live_phase=unknown round3=done,done,done,done,done,done winner=true duration=56s
[2026-06-28 11:54:38] task_conditioned refresh start :: sync_timeout=240s
[2026-06-28 11:55:30] task_conditioned refresh sync :: status=ok exit=0
[2026-06-28 11:55:32] task_conditioned refresh complete :: sync=ok sync_exit=0 stage=task_conditioned_tuning_completed_with_winner next_action=done live_phase=unknown round3=done,done,done,done,done,done winner=true duration=54s
[2026-06-28 12:06:24] task_conditioned refresh start :: sync_timeout=240s
[2026-06-28 12:07:18] task_conditioned refresh sync :: status=ok exit=0
[2026-06-28 12:07:20] task_conditioned refresh complete :: sync=ok sync_exit=0 stage=task_conditioned_tuning_completed_with_winner next_action=done live_phase=unknown round3=done,done,done,done,done,done winner=true duration=56s
[2026-06-28 12:18:08] task_conditioned refresh start :: sync_timeout=240s
[2026-06-28 12:19:03] task_conditioned refresh sync :: status=ok exit=0
[2026-06-28 12:19:05] task_conditioned refresh complete :: sync=ok sync_exit=0 stage=task_conditioned_tuning_completed_with_winner next_action=done live_phase=unknown round3=done,done,done,done,done,done winner=true duration=57s
[2026-06-28 12:29:55] task_conditioned refresh start :: sync_timeout=240s
[2026-06-28 12:30:46] task_conditioned refresh sync :: status=ok exit=0
[2026-06-28 12:30:51] task_conditioned refresh complete :: sync=ok sync_exit=0 stage=task_conditioned_tuning_completed_with_winner next_action=done live_phase=unknown round3=done,done,done,done,done,done winner=true duration=56s
[2026-06-28 12:41:40] task_conditioned refresh start :: sync_timeout=240s
[2026-06-28 12:42:34] task_conditioned refresh sync :: status=ok exit=0
[2026-06-28 12:42:36] task_conditioned refresh complete :: sync=ok sync_exit=0 stage=task_conditioned_tuning_completed_with_winner next_action=done live_phase=unknown round3=done,done,done,done,done,done winner=true duration=56s
[2026-06-28 12:53:27] task_conditioned refresh start :: sync_timeout=240s
[2026-06-28 12:54:19] task_conditioned refresh sync :: status=ok exit=0
[2026-06-28 12:54:22] task_conditioned refresh complete :: sync=ok sync_exit=0 stage=task_conditioned_tuning_completed_with_winner next_action=done live_phase=unknown round3=done,done,done,done,done,done winner=true duration=55s
[2026-06-28 13:05:13] task_conditioned refresh start :: sync_timeout=240s
[2026-06-28 13:06:14] task_conditioned refresh sync :: status=ok exit=0
[2026-06-28 13:06:17] task_conditioned refresh complete :: sync=ok sync_exit=0 stage=task_conditioned_tuning_completed_with_winner next_action=done live_phase=unknown round3=done,done,done,done,done,done winner=true duration=64s
[2026-06-28 13:17:09] task_conditioned refresh start :: sync_timeout=240s
[2026-06-28 13:18:01] task_conditioned refresh sync :: status=ok exit=0
[2026-06-28 13:18:06] task_conditioned refresh complete :: sync=ok sync_exit=0 stage=task_conditioned_tuning_completed_with_winner next_action=done live_phase=unknown round3=done,done,done,done,done,done winner=true duration=57s
[2026-06-28 13:28:58] task_conditioned refresh start :: sync_timeout=240s
[2026-06-28 13:29:53] task_conditioned refresh sync :: status=ok exit=0
[2026-06-28 13:29:55] task_conditioned refresh complete :: sync=ok sync_exit=0 stage=task_conditioned_tuning_completed_with_winner next_action=done live_phase=unknown round3=done,done,done,done,done,done winner=true duration=57s
[2026-06-28 13:40:51] task_conditioned refresh start :: sync_timeout=240s
[2026-06-28 13:41:43] task_conditioned refresh sync :: status=ok exit=0
[2026-06-28 13:41:46] task_conditioned refresh complete :: sync=ok sync_exit=0 stage=task_conditioned_tuning_completed_with_winner next_action=done live_phase=unknown round3=done,done,done,done,done,done winner=true duration=55s
[2026-06-28 13:52:42] task_conditioned refresh start :: sync_timeout=240s
[2026-06-28 13:53:36] task_conditioned refresh sync :: status=ok exit=0
[2026-06-28 13:53:38] task_conditioned refresh complete :: sync=ok sync_exit=0 stage=task_conditioned_tuning_completed_with_winner next_action=done live_phase=unknown round3=done,done,done,done,done,done winner=true duration=56s
[2026-06-28 14:04:30] task_conditioned refresh start :: sync_timeout=240s
[2026-06-28 14:05:22] task_conditioned refresh sync :: status=ok exit=0
[2026-06-28 14:05:24] task_conditioned refresh complete :: sync=ok sync_exit=0 stage=task_conditioned_tuning_completed_with_winner next_action=done live_phase=unknown round3=done,done,done,done,done,done winner=true duration=54s
[2026-06-28 14:16:19] task_conditioned refresh start :: sync_timeout=240s
[2026-06-28 14:17:14] task_conditioned refresh sync :: status=ok exit=0
[2026-06-28 14:17:17] task_conditioned refresh complete :: sync=ok sync_exit=0 stage=task_conditioned_tuning_completed_with_winner next_action=done live_phase=unknown round3=done,done,done,done,done,done winner=true duration=58s
[2026-06-28 14:28:09] task_conditioned refresh start :: sync_timeout=240s
[2026-06-28 14:29:04] task_conditioned refresh sync :: status=ok exit=0
[2026-06-28 14:29:06] task_conditioned refresh complete :: sync=ok sync_exit=0 stage=task_conditioned_tuning_completed_with_winner next_action=done live_phase=unknown round3=done,done,done,done,done,done winner=true duration=57s
[2026-06-28 14:40:01] task_conditioned refresh start :: sync_timeout=240s
[2026-06-28 14:40:52] task_conditioned refresh sync :: status=ok exit=0
[2026-06-28 14:40:55] task_conditioned refresh complete :: sync=ok sync_exit=0 stage=task_conditioned_tuning_completed_with_winner next_action=done live_phase=unknown round3=done,done,done,done,done,done winner=true duration=54s
[2026-06-28 14:51:52] task_conditioned refresh start :: sync_timeout=240s
[2026-06-28 14:52:46] task_conditioned refresh sync :: status=ok exit=0
[2026-06-28 14:52:48] task_conditioned refresh complete :: sync=ok sync_exit=0 stage=task_conditioned_tuning_completed_with_winner next_action=done live_phase=unknown round3=done,done,done,done,done,done winner=true duration=56s
[2026-06-28 15:03:42] task_conditioned refresh start :: sync_timeout=240s
[2026-06-28 15:04:38] task_conditioned refresh sync :: status=ok exit=0
[2026-06-28 15:04:40] task_conditioned refresh complete :: sync=ok sync_exit=0 stage=task_conditioned_tuning_completed_with_winner next_action=done live_phase=unknown round3=done,done,done,done,done,done winner=true duration=58s
[2026-06-28 15:15:24] task_conditioned refresh start :: sync_timeout=240s
[2026-06-28 15:16:18] task_conditioned refresh sync :: status=ok exit=0
[2026-06-28 15:16:21] task_conditioned refresh complete :: sync=ok sync_exit=0 stage=task_conditioned_tuning_completed_with_winner next_action=done live_phase=unknown round3=done,done,done,done,done,done winner=true duration=57s
[2026-06-28 15:27:03] task_conditioned refresh start :: sync_timeout=240s
[2026-06-28 15:27:56] task_conditioned refresh sync :: status=ok exit=0
[2026-06-28 15:28:00] task_conditioned refresh complete :: sync=ok sync_exit=0 stage=task_conditioned_tuning_completed_with_winner next_action=done live_phase=unknown round3=done,done,done,done,done,done winner=true duration=57s
[2026-06-28 15:38:40] task_conditioned refresh start :: sync_timeout=240s
[2026-06-28 15:39:35] task_conditioned refresh sync :: status=ok exit=0
[2026-06-28 15:39:38] task_conditioned refresh complete :: sync=ok sync_exit=0 stage=task_conditioned_tuning_completed_with_winner next_action=done live_phase=unknown round3=done,done,done,done,done,done winner=true duration=58s
[2026-06-28 15:50:29] task_conditioned refresh start :: sync_timeout=240s
[2026-06-28 15:51:22] task_conditioned refresh sync :: status=ok exit=0
[2026-06-28 15:51:24] task_conditioned refresh complete :: sync=ok sync_exit=0 stage=task_conditioned_tuning_completed_with_winner next_action=done live_phase=unknown round3=done,done,done,done,done,done winner=true duration=55s
[2026-06-28 16:02:17] task_conditioned refresh start :: sync_timeout=240s
[2026-06-28 16:03:12] task_conditioned refresh sync :: status=ok exit=0
[2026-06-28 16:03:14] task_conditioned refresh complete :: sync=ok sync_exit=0 stage=task_conditioned_tuning_completed_with_winner next_action=done live_phase=unknown round3=done,done,done,done,done,done winner=true duration=57s
[2026-06-28 16:14:06] task_conditioned refresh start :: sync_timeout=240s
[2026-06-28 16:14:57] task_conditioned refresh sync :: status=ok exit=0
[2026-06-28 16:14:59] task_conditioned refresh complete :: sync=ok sync_exit=0 stage=task_conditioned_tuning_completed_with_winner next_action=done live_phase=unknown round3=done,done,done,done,done,done winner=true duration=53s
[2026-06-28 16:25:52] task_conditioned refresh start :: sync_timeout=240s
[2026-06-28 16:26:45] task_conditioned refresh sync :: status=ok exit=0
[2026-06-28 16:26:48] task_conditioned refresh complete :: sync=ok sync_exit=0 stage=task_conditioned_tuning_completed_with_winner next_action=done live_phase=unknown round3=done,done,done,done,done,done winner=true duration=56s
[2026-06-28 16:37:40] task_conditioned refresh start :: sync_timeout=240s
[2026-06-28 16:38:08] task_conditioned refresh sync :: status=failed exit=255
[2026-06-28 16:38:11] task_conditioned refresh complete :: sync=failed sync_exit=255 stage=task_conditioned_tuning_completed_with_winner next_action=done live_phase=unknown round3=done,done,done,done,done,done winner=true duration=31s
[2026-06-28 16:49:02] task_conditioned refresh start :: sync_timeout=240s
[2026-06-28 16:49:55] task_conditioned refresh sync :: status=ok exit=0
[2026-06-28 16:49:58] task_conditioned refresh complete :: sync=ok sync_exit=0 stage=task_conditioned_tuning_completed_with_winner next_action=done live_phase=unknown round3=done,done,done,done,done,done winner=true duration=56s
[2026-06-28 17:00:46] task_conditioned refresh start :: sync_timeout=240s
[2026-06-28 17:01:39] task_conditioned refresh sync :: status=ok exit=0
[2026-06-28 17:01:41] task_conditioned refresh complete :: sync=ok sync_exit=0 stage=task_conditioned_tuning_completed_with_winner next_action=done live_phase=unknown round3=done,done,done,done,done,done winner=true duration=55s
[2026-06-28 17:12:30] task_conditioned refresh start :: sync_timeout=240s
[2026-06-28 17:13:24] task_conditioned refresh sync :: status=ok exit=0
[2026-06-28 17:13:27] task_conditioned refresh complete :: sync=ok sync_exit=0 stage=task_conditioned_tuning_completed_with_winner next_action=done live_phase=unknown round3=done,done,done,done,done,done winner=true duration=57s
[2026-06-28 17:24:17] task_conditioned refresh start :: sync_timeout=240s
[2026-06-28 17:25:12] task_conditioned refresh sync :: status=ok exit=0
[2026-06-28 17:25:14] task_conditioned refresh complete :: sync=ok sync_exit=0 stage=task_conditioned_tuning_completed_with_winner next_action=done live_phase=unknown round3=done,done,done,done,done,done winner=true duration=57s
[2026-06-28 17:36:06] task_conditioned refresh start :: sync_timeout=240s
[2026-06-28 17:37:02] task_conditioned refresh sync :: status=ok exit=0
[2026-06-28 17:37:04] task_conditioned refresh complete :: sync=ok sync_exit=0 stage=task_conditioned_tuning_completed_with_winner next_action=done live_phase=unknown round3=done,done,done,done,done,done winner=true duration=58s
[2026-06-28 17:47:44] task_conditioned refresh start :: sync_timeout=240s
[2026-06-28 17:48:40] task_conditioned refresh sync :: status=ok exit=0
[2026-06-28 17:48:42] task_conditioned refresh complete :: sync=ok sync_exit=0 stage=task_conditioned_tuning_completed_with_winner next_action=done live_phase=unknown round3=done,done,done,done,done,done winner=true duration=58s
[2026-06-28 17:59:24] task_conditioned refresh start :: sync_timeout=240s
[2026-06-28 18:00:17] task_conditioned refresh sync :: status=ok exit=0
[2026-06-28 18:00:20] task_conditioned refresh complete :: sync=ok sync_exit=0 stage=task_conditioned_tuning_completed_with_winner next_action=done live_phase=unknown round3=done,done,done,done,done,done winner=true duration=56s
[2026-06-28 18:11:04] task_conditioned refresh start :: sync_timeout=240s
[2026-06-28 18:11:58] task_conditioned refresh sync :: status=ok exit=0
[2026-06-28 18:12:01] task_conditioned refresh complete :: sync=ok sync_exit=0 stage=task_conditioned_tuning_completed_with_winner next_action=done live_phase=unknown round3=done,done,done,done,done,done winner=true duration=57s
[2026-06-28 18:22:47] task_conditioned refresh start :: sync_timeout=240s
[2026-06-28 18:23:40] task_conditioned refresh sync :: status=ok exit=0
[2026-06-28 18:23:43] task_conditioned refresh complete :: sync=ok sync_exit=0 stage=task_conditioned_tuning_completed_with_winner next_action=done live_phase=unknown round3=done,done,done,done,done,done winner=true duration=56s
[2026-06-28 18:34:38] task_conditioned refresh start :: sync_timeout=240s
[2026-06-28 18:35:31] task_conditioned refresh sync :: status=ok exit=0
[2026-06-28 18:35:33] task_conditioned refresh complete :: sync=ok sync_exit=0 stage=task_conditioned_tuning_completed_with_winner next_action=done live_phase=unknown round3=done,done,done,done,done,done winner=true duration=55s
[2026-06-28 18:46:29] task_conditioned refresh start :: sync_timeout=240s
[2026-06-28 18:47:37] task_conditioned refresh sync :: status=failed exit=255
[2026-06-28 18:47:39] task_conditioned refresh complete :: sync=failed sync_exit=255 stage=task_conditioned_tuning_completed_with_winner next_action=done live_phase=unknown round3=done,done,done,done,done,done winner=true duration=70s
[2026-06-28 18:58:36] task_conditioned refresh start :: sync_timeout=240s
[2026-06-28 18:59:29] task_conditioned refresh sync :: status=ok exit=0
[2026-06-28 18:59:31] task_conditioned refresh complete :: sync=ok sync_exit=0 stage=task_conditioned_tuning_completed_with_winner next_action=done live_phase=unknown round3=done,done,done,done,done,done winner=true duration=55s
[2026-06-28 19:10:28] task_conditioned refresh start :: sync_timeout=240s
[2026-06-28 19:11:23] task_conditioned refresh sync :: status=ok exit=0
[2026-06-28 19:11:25] task_conditioned refresh complete :: sync=ok sync_exit=0 stage=task_conditioned_tuning_completed_with_winner next_action=done live_phase=unknown round3=done,done,done,done,done,done winner=true duration=57s
[2026-06-28 19:22:19] task_conditioned refresh start :: sync_timeout=240s
[2026-06-28 19:23:17] task_conditioned refresh sync :: status=ok exit=0
[2026-06-28 19:23:20] task_conditioned refresh complete :: sync=ok sync_exit=0 stage=task_conditioned_tuning_completed_with_winner next_action=done live_phase=unknown round3=done,done,done,done,done,done winner=true duration=61s
[2026-06-28 19:34:19] task_conditioned refresh start :: sync_timeout=240s
[2026-06-28 19:34:45] task_conditioned refresh sync :: status=failed exit=255
[2026-06-28 19:34:48] task_conditioned refresh complete :: sync=failed sync_exit=255 stage=task_conditioned_tuning_completed_with_winner next_action=done live_phase=unknown round3=done,done,done,done,done,done winner=true duration=29s
[2026-06-28 19:45:48] task_conditioned refresh start :: sync_timeout=240s
[2026-06-28 19:46:42] task_conditioned refresh sync :: status=ok exit=0
[2026-06-28 19:46:45] task_conditioned refresh complete :: sync=ok sync_exit=0 stage=task_conditioned_tuning_completed_with_winner next_action=done live_phase=unknown round3=done,done,done,done,done,done winner=true duration=57s
[2026-06-28 19:57:28] task_conditioned refresh start :: sync_timeout=240s
[2026-06-28 19:58:24] task_conditioned refresh sync :: status=ok exit=0
[2026-06-28 19:58:27] task_conditioned refresh complete :: sync=ok sync_exit=0 stage=task_conditioned_tuning_completed_with_winner next_action=done live_phase=unknown round3=done,done,done,done,done,done winner=true duration=59s
[2026-06-28 20:09:15] task_conditioned refresh start :: sync_timeout=240s
[2026-06-28 20:10:10] task_conditioned refresh sync :: status=ok exit=0
[2026-06-28 20:10:12] task_conditioned refresh complete :: sync=ok sync_exit=0 stage=task_conditioned_tuning_completed_with_winner next_action=done live_phase=unknown round3=done,done,done,done,done,done winner=true duration=57s
[2026-06-28 20:21:03] task_conditioned refresh start :: sync_timeout=240s
[2026-06-28 20:21:57] task_conditioned refresh sync :: status=ok exit=0
[2026-06-28 20:21:59] task_conditioned refresh complete :: sync=ok sync_exit=0 stage=task_conditioned_tuning_completed_with_winner next_action=done live_phase=unknown round3=done,done,done,done,done,done winner=true duration=56s
[2026-06-28 20:32:40] task_conditioned refresh start :: sync_timeout=240s
[2026-06-28 20:33:39] task_conditioned refresh sync :: status=ok exit=0
[2026-06-28 20:33:41] task_conditioned refresh complete :: sync=ok sync_exit=0 stage=task_conditioned_tuning_completed_with_winner next_action=done live_phase=unknown round3=done,done,done,done,done,done winner=true duration=61s
[2026-06-28 20:44:24] task_conditioned refresh start :: sync_timeout=240s
[2026-06-28 20:45:23] task_conditioned refresh sync :: status=ok exit=0
[2026-06-28 20:45:25] task_conditioned refresh complete :: sync=ok sync_exit=0 stage=task_conditioned_tuning_completed_with_winner next_action=done live_phase=unknown round3=done,done,done,done,done,done winner=true duration=61s
[2026-06-28 20:56:10] task_conditioned refresh start :: sync_timeout=240s
[2026-06-28 20:57:07] task_conditioned refresh sync :: status=ok exit=0
[2026-06-28 20:57:11] task_conditioned refresh complete :: sync=ok sync_exit=0 stage=task_conditioned_tuning_completed_with_winner next_action=done live_phase=unknown round3=done,done,done,done,done,done winner=true duration=61s
[2026-06-28 21:07:53] task_conditioned refresh start :: sync_timeout=240s
[2026-06-28 21:08:45] task_conditioned refresh sync :: status=ok exit=0
[2026-06-28 21:08:50] task_conditioned refresh complete :: sync=ok sync_exit=0 stage=task_conditioned_tuning_completed_with_winner next_action=done live_phase=unknown round3=done,done,done,done,done,done winner=true duration=57s
[2026-06-28 21:19:38] task_conditioned refresh start :: sync_timeout=240s
[2026-06-28 21:20:32] task_conditioned refresh sync :: status=ok exit=0
[2026-06-28 21:20:37] task_conditioned refresh complete :: sync=ok sync_exit=0 stage=task_conditioned_tuning_completed_with_winner next_action=done live_phase=unknown round3=done,done,done,done,done,done winner=true duration=59s
[2026-06-28 21:31:29] task_conditioned refresh start :: sync_timeout=240s
[2026-06-28 21:32:38] task_conditioned refresh sync :: status=ok exit=0
[2026-06-28 21:32:41] task_conditioned refresh complete :: sync=ok sync_exit=0 stage=task_conditioned_tuning_completed_with_winner next_action=done live_phase=unknown round3=done,done,done,done,done,done winner=true duration=72s
[2026-06-28 21:43:24] task_conditioned refresh start :: sync_timeout=240s
[2026-06-28 21:44:37] task_conditioned refresh sync :: status=ok exit=0
[2026-06-28 21:44:39] task_conditioned refresh complete :: sync=ok sync_exit=0 stage=task_conditioned_tuning_completed_with_winner next_action=done live_phase=unknown round3=done,done,done,done,done,done winner=true duration=75s
[2026-06-28 21:55:24] task_conditioned refresh start :: sync_timeout=240s
[2026-06-28 21:56:32] task_conditioned refresh sync :: status=ok exit=0
[2026-06-28 21:56:34] task_conditioned refresh complete :: sync=ok sync_exit=0 stage=task_conditioned_tuning_completed_with_winner next_action=done live_phase=unknown round3=done,done,done,done,done,done winner=true duration=70s
[2026-06-28 22:07:24] task_conditioned refresh start :: sync_timeout=240s
[2026-06-28 22:08:25] task_conditioned refresh sync :: status=ok exit=0
[2026-06-28 22:08:28] task_conditioned refresh complete :: sync=ok sync_exit=0 stage=task_conditioned_tuning_completed_with_winner next_action=done live_phase=unknown round3=done,done,done,done,done,done winner=true duration=64s
[2026-06-28 22:19:11] task_conditioned refresh start :: sync_timeout=240s
[2026-06-28 22:20:18] task_conditioned refresh sync :: status=ok exit=0
[2026-06-28 22:20:21] task_conditioned refresh complete :: sync=ok sync_exit=0 stage=task_conditioned_tuning_completed_with_winner next_action=done live_phase=unknown round3=done,done,done,done,done,done winner=true duration=70s
[2026-06-28 22:31:05] task_conditioned refresh start :: sync_timeout=240s
[2026-06-28 22:32:11] task_conditioned refresh sync :: status=ok exit=0
[2026-06-28 22:32:13] task_conditioned refresh complete :: sync=ok sync_exit=0 stage=task_conditioned_tuning_completed_with_winner next_action=done live_phase=unknown round3=done,done,done,done,done,done winner=true duration=68s
[2026-06-28 22:43:00] task_conditioned refresh start :: sync_timeout=240s
[2026-06-28 22:44:05] task_conditioned refresh sync :: status=ok exit=0
[2026-06-28 22:44:07] task_conditioned refresh complete :: sync=ok sync_exit=0 stage=task_conditioned_tuning_completed_with_winner next_action=done live_phase=unknown round3=done,done,done,done,done,done winner=true duration=67s
[2026-06-28 22:54:54] task_conditioned refresh start :: sync_timeout=240s
[2026-06-28 22:56:00] task_conditioned refresh sync :: status=ok exit=0
[2026-06-28 22:56:03] task_conditioned refresh complete :: sync=ok sync_exit=0 stage=task_conditioned_tuning_completed_with_winner next_action=done live_phase=unknown round3=done,done,done,done,done,done winner=true duration=69s
[2026-06-28 23:06:54] task_conditioned refresh start :: sync_timeout=240s
[2026-06-28 23:08:00] task_conditioned refresh sync :: status=ok exit=0
[2026-06-28 23:08:02] task_conditioned refresh complete :: sync=ok sync_exit=0 stage=task_conditioned_tuning_completed_with_winner next_action=done live_phase=unknown round3=done,done,done,done,done,done winner=true duration=68s
[2026-06-28 23:18:49] task_conditioned refresh start :: sync_timeout=240s
[2026-06-28 23:19:56] task_conditioned refresh sync :: status=ok exit=0
[2026-06-28 23:19:59] task_conditioned refresh complete :: sync=ok sync_exit=0 stage=task_conditioned_tuning_completed_with_winner next_action=done live_phase=unknown round3=done,done,done,done,done,done winner=true duration=70s
[2026-06-28 23:30:48] task_conditioned refresh start :: sync_timeout=240s
[2026-06-28 23:31:31] task_conditioned refresh sync :: status=failed exit=255
[2026-06-28 23:31:33] task_conditioned refresh complete :: sync=failed sync_exit=255 stage=task_conditioned_tuning_completed_with_winner next_action=done live_phase=unknown round3=done,done,done,done,done,done winner=true duration=45s
[2026-06-28 23:42:22] task_conditioned refresh start :: sync_timeout=240s
[2026-06-28 23:43:28] task_conditioned refresh sync :: status=ok exit=0
[2026-06-28 23:43:31] task_conditioned refresh complete :: sync=ok sync_exit=0 stage=task_conditioned_tuning_completed_with_winner next_action=done live_phase=unknown round3=done,done,done,done,done,done winner=true duration=69s
[2026-06-28 23:54:23] task_conditioned refresh start :: sync_timeout=240s
[2026-06-28 23:55:24] task_conditioned refresh sync :: status=ok exit=0
[2026-06-28 23:55:26] task_conditioned refresh complete :: sync=ok sync_exit=0 stage=task_conditioned_tuning_completed_with_winner next_action=done live_phase=unknown round3=done,done,done,done,done,done winner=true duration=63s
[2026-06-29 00:06:19] task_conditioned refresh start :: sync_timeout=240s
[2026-06-29 00:07:19] task_conditioned refresh sync :: status=ok exit=0
[2026-06-29 00:07:21] task_conditioned refresh complete :: sync=ok sync_exit=0 stage=task_conditioned_tuning_completed_with_winner next_action=done live_phase=unknown round3=done,done,done,done,done,done winner=true duration=62s
[2026-06-29 00:18:13] task_conditioned refresh start :: sync_timeout=240s
[2026-06-29 00:18:38] task_conditioned refresh sync :: status=failed exit=255
[2026-06-29 00:18:41] task_conditioned refresh complete :: sync=failed sync_exit=255 stage=task_conditioned_tuning_completed_with_winner next_action=done live_phase=unknown round3=done,done,done,done,done,done winner=true duration=28s
[2026-06-29 00:29:36] task_conditioned refresh start :: sync_timeout=240s
[2026-06-29 00:30:39] task_conditioned refresh sync :: status=ok exit=0
[2026-06-29 00:30:41] task_conditioned refresh complete :: sync=ok sync_exit=0 stage=task_conditioned_tuning_completed_with_winner next_action=done live_phase=unknown round3=done,done,done,done,done,done winner=true duration=65s
[2026-06-29 00:41:45] task_conditioned refresh start :: sync_timeout=240s
[2026-06-29 00:42:50] task_conditioned refresh sync :: status=ok exit=0
[2026-06-29 00:42:53] task_conditioned refresh complete :: sync=ok sync_exit=0 stage=task_conditioned_tuning_completed_with_winner next_action=done live_phase=unknown round3=done,done,done,done,done,done winner=true duration=68s
[2026-06-29 00:53:56] task_conditioned refresh start :: sync_timeout=240s
[2026-06-29 00:55:02] task_conditioned refresh sync :: status=ok exit=0
[2026-06-29 00:55:04] task_conditioned refresh complete :: sync=ok sync_exit=0 stage=task_conditioned_tuning_completed_with_winner next_action=done live_phase=unknown round3=done,done,done,done,done,done winner=true duration=68s
[2026-06-29 01:06:08] task_conditioned refresh start :: sync_timeout=240s
[2026-06-29 01:07:08] task_conditioned refresh sync :: status=ok exit=0
[2026-06-29 01:07:10] task_conditioned refresh complete :: sync=ok sync_exit=0 stage=task_conditioned_tuning_completed_with_winner next_action=done live_phase=unknown round3=done,done,done,done,done,done winner=true duration=62s
[2026-06-29 01:17:55] task_conditioned refresh start :: sync_timeout=240s
[2026-06-29 01:19:01] task_conditioned refresh sync :: status=ok exit=0
[2026-06-29 01:19:03] task_conditioned refresh complete :: sync=ok sync_exit=0 stage=task_conditioned_tuning_completed_with_winner next_action=done live_phase=unknown round3=done,done,done,done,done,done winner=true duration=68s
[2026-06-29 01:29:55] task_conditioned refresh start :: sync_timeout=240s
[2026-06-29 01:31:03] task_conditioned refresh sync :: status=ok exit=0
[2026-06-29 01:31:06] task_conditioned refresh complete :: sync=ok sync_exit=0 stage=task_conditioned_tuning_completed_with_winner next_action=done live_phase=unknown round3=done,done,done,done,done,done winner=true duration=71s
[2026-06-29 01:42:02] task_conditioned refresh start :: sync_timeout=240s
[2026-06-29 01:43:07] task_conditioned refresh sync :: status=ok exit=0
[2026-06-29 01:43:09] task_conditioned refresh complete :: sync=ok sync_exit=0 stage=task_conditioned_tuning_completed_with_winner next_action=done live_phase=unknown round3=done,done,done,done,done,done winner=true duration=67s
[2026-06-29 01:54:08] task_conditioned refresh start :: sync_timeout=240s
[2026-06-29 01:55:07] task_conditioned refresh sync :: status=ok exit=0
[2026-06-29 01:55:10] task_conditioned refresh complete :: sync=ok sync_exit=0 stage=task_conditioned_tuning_completed_with_winner next_action=done live_phase=unknown round3=done,done,done,done,done,done winner=true duration=62s
[2026-06-29 02:06:09] task_conditioned refresh start :: sync_timeout=240s
[2026-06-29 02:07:12] task_conditioned refresh sync :: status=ok exit=0
[2026-06-29 02:07:14] task_conditioned refresh complete :: sync=ok sync_exit=0 stage=task_conditioned_tuning_completed_with_winner next_action=done live_phase=unknown round3=done,done,done,done,done,done winner=true duration=65s
[2026-06-29 02:18:11] task_conditioned refresh start :: sync_timeout=240s
[2026-06-29 02:19:17] task_conditioned refresh sync :: status=ok exit=0
[2026-06-29 02:19:19] task_conditioned refresh complete :: sync=ok sync_exit=0 stage=task_conditioned_tuning_completed_with_winner next_action=done live_phase=unknown round3=done,done,done,done,done,done winner=true duration=68s
[2026-06-29 02:30:21] task_conditioned refresh start :: sync_timeout=240s
[2026-06-29 02:31:20] task_conditioned refresh sync :: status=ok exit=0
[2026-06-29 02:31:25] task_conditioned refresh complete :: sync=ok sync_exit=0 stage=task_conditioned_tuning_completed_with_winner next_action=done live_phase=unknown round3=done,done,done,done,done,done winner=true duration=64s
[2026-06-29 02:42:28] task_conditioned refresh start :: sync_timeout=240s
[2026-06-29 02:43:00] task_conditioned refresh sync :: status=failed exit=255
[2026-06-29 02:43:03] task_conditioned refresh complete :: sync=failed sync_exit=255 stage=task_conditioned_tuning_completed_with_winner next_action=done live_phase=unknown round3=done,done,done,done,done,done winner=true duration=35s
[2026-06-29 02:54:08] task_conditioned refresh start :: sync_timeout=240s
[2026-06-29 02:55:11] task_conditioned refresh sync :: status=ok exit=0
[2026-06-29 02:55:13] task_conditioned refresh complete :: sync=ok sync_exit=0 stage=task_conditioned_tuning_completed_with_winner next_action=done live_phase=unknown round3=done,done,done,done,done,done winner=true duration=65s
[2026-06-29 03:06:20] task_conditioned refresh start :: sync_timeout=240s
[2026-06-29 03:07:14] task_conditioned refresh sync :: status=ok exit=0
[2026-06-29 03:07:16] task_conditioned refresh complete :: sync=ok sync_exit=0 stage=task_conditioned_tuning_completed_with_winner next_action=done live_phase=unknown round3=done,done,done,done,done,done winner=true duration=56s
[2026-06-29 03:18:28] task_conditioned refresh start :: sync_timeout=240s
[2026-06-29 03:19:22] task_conditioned refresh sync :: status=ok exit=0
[2026-06-29 03:19:25] task_conditioned refresh complete :: sync=ok sync_exit=0 stage=task_conditioned_tuning_completed_with_winner next_action=done live_phase=unknown round3=done,done,done,done,done,done winner=true duration=57s
[2026-06-29 03:30:31] task_conditioned refresh start :: sync_timeout=240s
[2026-06-29 03:31:25] task_conditioned refresh sync :: status=ok exit=0
[2026-06-29 03:31:28] task_conditioned refresh complete :: sync=ok sync_exit=0 stage=task_conditioned_tuning_completed_with_winner next_action=done live_phase=unknown round3=done,done,done,done,done,done winner=true duration=57s
[2026-06-29 03:42:38] task_conditioned refresh start :: sync_timeout=240s
[2026-06-29 03:43:35] task_conditioned refresh sync :: status=ok exit=0
[2026-06-29 03:43:37] task_conditioned refresh complete :: sync=ok sync_exit=0 stage=task_conditioned_tuning_completed_with_winner next_action=done live_phase=unknown round3=done,done,done,done,done,done winner=true duration=59s
[2026-06-29 03:54:44] task_conditioned refresh start :: sync_timeout=240s
[2026-06-29 03:55:36] task_conditioned refresh sync :: status=ok exit=0
[2026-06-29 03:55:39] task_conditioned refresh complete :: sync=ok sync_exit=0 stage=task_conditioned_tuning_completed_with_winner next_action=done live_phase=unknown round3=done,done,done,done,done,done winner=true duration=55s
[2026-06-29 04:06:47] task_conditioned refresh start :: sync_timeout=240s
[2026-06-29 04:07:43] task_conditioned refresh sync :: status=ok exit=0
[2026-06-29 04:07:46] task_conditioned refresh complete :: sync=ok sync_exit=0 stage=task_conditioned_tuning_completed_with_winner next_action=done live_phase=unknown round3=done,done,done,done,done,done winner=true duration=59s
[2026-06-29 04:18:56] task_conditioned refresh start :: sync_timeout=240s
[2026-06-29 04:19:52] task_conditioned refresh sync :: status=ok exit=0
[2026-06-29 04:19:55] task_conditioned refresh complete :: sync=ok sync_exit=0 stage=task_conditioned_tuning_completed_with_winner next_action=done live_phase=unknown round3=done,done,done,done,done,done winner=true duration=59s
[2026-06-29 04:30:52] task_conditioned refresh start :: sync_timeout=240s
[2026-06-29 04:31:49] task_conditioned refresh sync :: status=ok exit=0
[2026-06-29 04:31:51] task_conditioned refresh complete :: sync=ok sync_exit=0 stage=task_conditioned_tuning_completed_with_winner next_action=done live_phase=unknown round3=done,done,done,done,done,done winner=true duration=59s
[2026-06-29 04:42:34] task_conditioned refresh start :: sync_timeout=240s
[2026-06-29 04:43:27] task_conditioned refresh sync :: status=ok exit=0
[2026-06-29 04:43:30] task_conditioned refresh complete :: sync=ok sync_exit=0 stage=task_conditioned_tuning_completed_with_winner next_action=done live_phase=unknown round3=done,done,done,done,done,done winner=true duration=56s
[2026-06-29 04:54:16] task_conditioned refresh start :: sync_timeout=240s
[2026-06-29 04:55:10] task_conditioned refresh sync :: status=ok exit=0
[2026-06-29 04:55:12] task_conditioned refresh complete :: sync=ok sync_exit=0 stage=task_conditioned_tuning_completed_with_winner next_action=done live_phase=unknown round3=done,done,done,done,done,done winner=true duration=56s
[2026-06-29 05:06:04] task_conditioned refresh start :: sync_timeout=240s
[2026-06-29 05:06:39] task_conditioned refresh sync :: status=failed exit=255
[2026-06-29 05:06:41] task_conditioned refresh complete :: sync=failed sync_exit=255 stage=task_conditioned_tuning_completed_with_winner next_action=done live_phase=unknown round3=done,done,done,done,done,done winner=true duration=37s
[2026-06-29 05:17:40] task_conditioned refresh start :: sync_timeout=240s
[2026-06-29 05:18:33] task_conditioned refresh sync :: status=ok exit=0
[2026-06-29 05:18:36] task_conditioned refresh complete :: sync=ok sync_exit=0 stage=task_conditioned_tuning_completed_with_winner next_action=done live_phase=unknown round3=done,done,done,done,done,done winner=true duration=56s
[2026-06-29 05:29:38] task_conditioned refresh start :: sync_timeout=240s
[2026-06-29 05:30:32] task_conditioned refresh sync :: status=ok exit=0
[2026-06-29 05:30:34] task_conditioned refresh complete :: sync=ok sync_exit=0 stage=task_conditioned_tuning_completed_with_winner next_action=done live_phase=unknown round3=done,done,done,done,done,done winner=true duration=56s
[2026-06-29 05:41:29] task_conditioned refresh start :: sync_timeout=240s
[2026-06-29 05:42:23] task_conditioned refresh sync :: status=ok exit=0
[2026-06-29 05:42:25] task_conditioned refresh complete :: sync=ok sync_exit=0 stage=task_conditioned_tuning_completed_with_winner next_action=done live_phase=unknown round3=done,done,done,done,done,done winner=true duration=56s
[2026-06-29 05:53:29] task_conditioned refresh start :: sync_timeout=240s
[2026-06-29 05:54:20] task_conditioned refresh sync :: status=ok exit=0
[2026-06-29 05:54:23] task_conditioned refresh complete :: sync=ok sync_exit=0 stage=task_conditioned_tuning_completed_with_winner next_action=done live_phase=unknown round3=done,done,done,done,done,done winner=true duration=54s
[2026-06-29 06:05:30] task_conditioned refresh start :: sync_timeout=240s
[2026-06-29 06:06:27] task_conditioned refresh sync :: status=ok exit=0
[2026-06-29 06:06:29] task_conditioned refresh complete :: sync=ok sync_exit=0 stage=task_conditioned_tuning_completed_with_winner next_action=done live_phase=unknown round3=done,done,done,done,done,done winner=true duration=59s
[2026-06-29 06:17:22] task_conditioned refresh start :: sync_timeout=240s
[2026-06-29 06:18:12] task_conditioned refresh sync :: status=ok exit=0
[2026-06-29 06:18:14] task_conditioned refresh complete :: sync=ok sync_exit=0 stage=task_conditioned_tuning_completed_with_winner next_action=done live_phase=unknown round3=done,done,done,done,done,done winner=true duration=52s
[2026-06-29 06:29:09] task_conditioned refresh start :: sync_timeout=240s
[2026-06-29 06:30:02] task_conditioned refresh sync :: status=ok exit=0
[2026-06-29 06:30:05] task_conditioned refresh complete :: sync=ok sync_exit=0 stage=task_conditioned_tuning_completed_with_winner next_action=done live_phase=unknown round3=done,done,done,done,done,done winner=true duration=56s
[2026-06-29 06:40:55] task_conditioned refresh start :: sync_timeout=240s
[2026-06-29 06:41:48] task_conditioned refresh sync :: status=ok exit=0
[2026-06-29 06:41:50] task_conditioned refresh complete :: sync=ok sync_exit=0 stage=task_conditioned_tuning_completed_with_winner next_action=done live_phase=unknown round3=done,done,done,done,done,done winner=true duration=55s
[2026-06-29 06:52:42] task_conditioned refresh start :: sync_timeout=240s
[2026-06-29 06:53:34] task_conditioned refresh sync :: status=ok exit=0
[2026-06-29 06:53:37] task_conditioned refresh complete :: sync=ok sync_exit=0 stage=task_conditioned_tuning_completed_with_winner next_action=done live_phase=unknown round3=done,done,done,done,done,done winner=true duration=55s
[2026-06-29 07:04:30] task_conditioned refresh start :: sync_timeout=240s
[2026-06-29 07:05:22] task_conditioned refresh sync :: status=ok exit=0
[2026-06-29 07:05:25] task_conditioned refresh complete :: sync=ok sync_exit=0 stage=task_conditioned_tuning_completed_with_winner next_action=done live_phase=unknown round3=done,done,done,done,done,done winner=true duration=55s
[2026-06-29 07:16:14] task_conditioned refresh start :: sync_timeout=240s
[2026-06-29 07:17:06] task_conditioned refresh sync :: status=ok exit=0
[2026-06-29 07:17:09] task_conditioned refresh complete :: sync=ok sync_exit=0 stage=task_conditioned_tuning_completed_with_winner next_action=done live_phase=unknown round3=done,done,done,done,done,done winner=true duration=55s
[2026-06-29 07:28:06] task_conditioned refresh start :: sync_timeout=240s
[2026-06-29 07:28:31] task_conditioned refresh sync :: status=failed exit=255
[2026-06-29 07:28:33] task_conditioned refresh complete :: sync=failed sync_exit=255 stage=task_conditioned_tuning_completed_with_winner next_action=done live_phase=unknown round3=done,done,done,done,done,done winner=true duration=27s
[2026-06-29 07:39:32] task_conditioned refresh start :: sync_timeout=240s
[2026-06-29 07:40:23] task_conditioned refresh sync :: status=ok exit=0
[2026-06-29 07:40:25] task_conditioned refresh complete :: sync=ok sync_exit=0 stage=task_conditioned_tuning_completed_with_winner next_action=done live_phase=unknown round3=done,done,done,done,done,done winner=true duration=53s
[2026-06-29 07:51:30] task_conditioned refresh start :: sync_timeout=240s
[2026-06-29 07:52:25] task_conditioned refresh sync :: status=ok exit=0
[2026-06-29 07:52:28] task_conditioned refresh complete :: sync=ok sync_exit=0 stage=task_conditioned_tuning_completed_with_winner next_action=done live_phase=unknown round3=done,done,done,done,done,done winner=true duration=58s
[2026-06-29 08:03:26] task_conditioned refresh start :: sync_timeout=240s
[2026-06-29 08:04:26] task_conditioned refresh sync :: status=ok exit=0
[2026-06-29 08:04:28] task_conditioned refresh complete :: sync=ok sync_exit=0 stage=task_conditioned_tuning_completed_with_winner next_action=done live_phase=unknown round3=done,done,done,done,done,done winner=true duration=62s
[2026-06-29 08:15:26] task_conditioned refresh start :: sync_timeout=240s
[2026-06-29 08:16:21] task_conditioned refresh sync :: status=ok exit=0
[2026-06-29 08:16:24] task_conditioned refresh complete :: sync=ok sync_exit=0 stage=task_conditioned_tuning_completed_with_winner next_action=done live_phase=unknown round3=done,done,done,done,done,done winner=true duration=58s
[2026-06-29 08:27:16] task_conditioned refresh start :: sync_timeout=240s
[2026-06-29 08:28:12] task_conditioned refresh sync :: status=ok exit=0
[2026-06-29 08:28:14] task_conditioned refresh complete :: sync=ok sync_exit=0 stage=task_conditioned_tuning_completed_with_winner next_action=done live_phase=unknown round3=done,done,done,done,done,done winner=true duration=58s
[2026-06-29 08:39:04] task_conditioned refresh start :: sync_timeout=240s
[2026-06-29 08:39:59] task_conditioned refresh sync :: status=ok exit=0
[2026-06-29 08:40:02] task_conditioned refresh complete :: sync=ok sync_exit=0 stage=task_conditioned_tuning_completed_with_winner next_action=done live_phase=unknown round3=done,done,done,done,done,done winner=true duration=58s
[2026-06-29 08:50:52] task_conditioned refresh start :: sync_timeout=240s
[2026-06-29 08:51:44] task_conditioned refresh sync :: status=ok exit=0
[2026-06-29 08:51:46] task_conditioned refresh complete :: sync=ok sync_exit=0 stage=task_conditioned_tuning_completed_with_winner next_action=done live_phase=unknown round3=done,done,done,done,done,done winner=true duration=54s
[2026-06-29 09:02:45] task_conditioned refresh start :: sync_timeout=240s
[2026-06-29 09:03:35] task_conditioned refresh sync :: status=ok exit=0
[2026-06-29 09:03:38] task_conditioned refresh complete :: sync=ok sync_exit=0 stage=task_conditioned_tuning_completed_with_winner next_action=done live_phase=unknown round3=done,done,done,done,done,done winner=true duration=53s
[2026-06-29 09:14:38] task_conditioned refresh start :: sync_timeout=240s
[2026-06-29 09:15:31] task_conditioned refresh sync :: status=ok exit=0
[2026-06-29 09:15:34] task_conditioned refresh complete :: sync=ok sync_exit=0 stage=task_conditioned_tuning_completed_with_winner next_action=done live_phase=unknown round3=done,done,done,done,done,done winner=true duration=56s
[2026-06-29 09:26:31] task_conditioned refresh start :: sync_timeout=240s
[2026-06-29 09:27:25] task_conditioned refresh sync :: status=ok exit=0
[2026-06-29 09:27:27] task_conditioned refresh complete :: sync=ok sync_exit=0 stage=task_conditioned_tuning_completed_with_winner next_action=done live_phase=unknown round3=done,done,done,done,done,done winner=true duration=56s
[2026-06-29 09:38:31] task_conditioned refresh start :: sync_timeout=240s
[2026-06-29 09:39:21] task_conditioned refresh sync :: status=ok exit=0
[2026-06-29 09:39:23] task_conditioned refresh complete :: sync=ok sync_exit=0 stage=task_conditioned_tuning_completed_with_winner next_action=done live_phase=unknown round3=done,done,done,done,done,done winner=true duration=52s
[2026-06-29 09:50:25] task_conditioned refresh start :: sync_timeout=240s
[2026-06-29 09:51:15] task_conditioned refresh sync :: status=ok exit=0
[2026-06-29 09:51:21] task_conditioned refresh complete :: sync=ok sync_exit=0 stage=task_conditioned_tuning_completed_with_winner next_action=done live_phase=unknown round3=done,done,done,done,done,done winner=true duration=56s
[2026-06-29 10:02:20] task_conditioned refresh start :: sync_timeout=240s
[2026-06-29 10:03:14] task_conditioned refresh sync :: status=ok exit=0
[2026-06-29 10:03:17] task_conditioned refresh complete :: sync=ok sync_exit=0 stage=task_conditioned_tuning_completed_with_winner next_action=done live_phase=unknown round3=done,done,done,done,done,done winner=true duration=57s
[2026-06-29 10:14:20] task_conditioned refresh start :: sync_timeout=240s
[2026-06-29 10:15:15] task_conditioned refresh sync :: status=ok exit=0
[2026-06-29 10:15:17] task_conditioned refresh complete :: sync=ok sync_exit=0 stage=task_conditioned_tuning_completed_with_winner next_action=done live_phase=unknown round3=done,done,done,done,done,done winner=true duration=57s
[2026-06-29 10:26:22] task_conditioned refresh start :: sync_timeout=240s
[2026-06-29 10:27:16] task_conditioned refresh sync :: status=ok exit=0
[2026-06-29 10:27:19] task_conditioned refresh complete :: sync=ok sync_exit=0 stage=task_conditioned_tuning_completed_with_winner next_action=done live_phase=unknown round3=done,done,done,done,done,done winner=true duration=57s
[2026-06-29 10:38:24] task_conditioned refresh start :: sync_timeout=240s
[2026-06-29 10:39:11] task_conditioned refresh sync :: status=failed exit=255
[2026-06-29 10:39:14] task_conditioned refresh complete :: sync=failed sync_exit=255 stage=task_conditioned_tuning_completed_with_winner next_action=done live_phase=unknown round3=done,done,done,done,done,done winner=true duration=50s
[2026-06-29 10:50:08] task_conditioned refresh start :: sync_timeout=240s
[2026-06-29 10:51:03] task_conditioned refresh sync :: status=ok exit=0
[2026-06-29 10:51:05] task_conditioned refresh complete :: sync=ok sync_exit=0 stage=task_conditioned_tuning_completed_with_winner next_action=done live_phase=unknown round3=done,done,done,done,done,done winner=true duration=57s
[2026-06-29 11:01:30] task_conditioned refresh start :: sync_timeout=240s
[2026-06-29 11:02:23] task_conditioned refresh sync :: status=ok exit=0
[2026-06-29 11:02:26] task_conditioned refresh complete :: sync=ok sync_exit=0 stage=task_conditioned_tuning_completed_with_winner next_action=done live_phase=unknown round3=done,done,done,done,done,done winner=true duration=56s
[2026-06-29 11:12:49] task_conditioned refresh start :: sync_timeout=240s
[2026-06-29 11:13:44] task_conditioned refresh sync :: status=ok exit=0
[2026-06-29 11:13:47] task_conditioned refresh complete :: sync=ok sync_exit=0 stage=task_conditioned_tuning_completed_with_winner next_action=done live_phase=unknown round3=done,done,done,done,done,done winner=true duration=58s
[2026-06-29 11:23:57] task_conditioned refresh start :: sync_timeout=240s
[2026-06-29 11:24:49] task_conditioned refresh sync :: status=ok exit=0
[2026-06-29 11:24:52] task_conditioned refresh complete :: sync=ok sync_exit=0 stage=task_conditioned_tuning_completed_with_winner next_action=done live_phase=unknown round3=done,done,done,done,done,done winner=true duration=55s
[2026-06-29 11:35:00] task_conditioned refresh start :: sync_timeout=240s
[2026-06-29 11:35:55] task_conditioned refresh sync :: status=ok exit=0
[2026-06-29 11:35:58] task_conditioned refresh complete :: sync=ok sync_exit=0 stage=task_conditioned_tuning_completed_with_winner next_action=done live_phase=unknown round3=done,done,done,done,done,done winner=true duration=58s
[2026-06-29 11:46:06] task_conditioned refresh start :: sync_timeout=240s
[2026-06-29 11:47:01] task_conditioned refresh sync :: status=ok exit=0
[2026-06-29 11:47:03] task_conditioned refresh complete :: sync=ok sync_exit=0 stage=task_conditioned_tuning_completed_with_winner next_action=done live_phase=unknown round3=done,done,done,done,done,done winner=true duration=57s
[2026-06-29 11:57:11] task_conditioned refresh start :: sync_timeout=240s
[2026-06-29 11:58:07] task_conditioned refresh sync :: status=ok exit=0
[2026-06-29 11:58:10] task_conditioned refresh complete :: sync=ok sync_exit=0 stage=task_conditioned_tuning_completed_with_winner next_action=done live_phase=unknown round3=done,done,done,done,done,done winner=true duration=59s
[2026-06-29 12:08:18] task_conditioned refresh start :: sync_timeout=240s
[2026-06-29 12:09:14] task_conditioned refresh sync :: status=ok exit=0
[2026-06-29 12:09:16] task_conditioned refresh complete :: sync=ok sync_exit=0 stage=task_conditioned_tuning_completed_with_winner next_action=done live_phase=unknown round3=done,done,done,done,done,done winner=true duration=58s
[2026-06-29 12:19:24] task_conditioned refresh start :: sync_timeout=240s
[2026-06-29 12:20:22] task_conditioned refresh sync :: status=ok exit=0
[2026-06-29 12:20:25] task_conditioned refresh complete :: sync=ok sync_exit=0 stage=task_conditioned_tuning_completed_with_winner next_action=done live_phase=unknown round3=done,done,done,done,done,done winner=true duration=61s
[2026-06-29 12:30:33] task_conditioned refresh start :: sync_timeout=240s
[2026-06-29 12:31:27] task_conditioned refresh sync :: status=ok exit=0
[2026-06-29 12:31:30] task_conditioned refresh complete :: sync=ok sync_exit=0 stage=task_conditioned_tuning_completed_with_winner next_action=done live_phase=unknown round3=done,done,done,done,done,done winner=true duration=57s
[2026-06-29 12:41:38] task_conditioned refresh start :: sync_timeout=240s
[2026-06-29 12:42:47] task_conditioned refresh sync :: status=failed exit=255
[2026-06-29 12:42:49] task_conditioned refresh complete :: sync=failed sync_exit=255 stage=task_conditioned_tuning_completed_with_winner next_action=done live_phase=unknown round3=done,done,done,done,done,done winner=true duration=71s
[2026-06-29 12:52:57] task_conditioned refresh start :: sync_timeout=240s
[2026-06-29 12:53:53] task_conditioned refresh sync :: status=ok exit=0
[2026-06-29 12:53:56] task_conditioned refresh complete :: sync=ok sync_exit=0 stage=task_conditioned_tuning_completed_with_winner next_action=done live_phase=unknown round3=done,done,done,done,done,done winner=true duration=59s
[2026-06-29 13:04:04] task_conditioned refresh start :: sync_timeout=240s
[2026-06-29 13:04:58] task_conditioned refresh sync :: status=ok exit=0
[2026-06-29 13:05:01] task_conditioned refresh complete :: sync=ok sync_exit=0 stage=task_conditioned_tuning_completed_with_winner next_action=done live_phase=unknown round3=done,done,done,done,done,done winner=true duration=57s
[2026-06-29 13:15:09] task_conditioned refresh start :: sync_timeout=240s
[2026-06-29 13:16:03] task_conditioned refresh sync :: status=ok exit=0
[2026-06-29 13:16:05] task_conditioned refresh complete :: sync=ok sync_exit=0 stage=task_conditioned_tuning_completed_with_winner next_action=done live_phase=unknown round3=done,done,done,done,done,done winner=true duration=56s
[2026-06-29 13:26:13] task_conditioned refresh start :: sync_timeout=240s
[2026-06-29 13:27:11] task_conditioned refresh sync :: status=ok exit=0
[2026-06-29 13:27:14] task_conditioned refresh complete :: sync=ok sync_exit=0 stage=task_conditioned_tuning_completed_with_winner next_action=done live_phase=unknown round3=done,done,done,done,done,done winner=true duration=61s
[2026-06-29 13:37:22] task_conditioned refresh start :: sync_timeout=240s
[2026-06-29 13:38:20] task_conditioned refresh sync :: status=ok exit=0
[2026-06-29 13:38:22] task_conditioned refresh complete :: sync=ok sync_exit=0 stage=task_conditioned_tuning_completed_with_winner next_action=done live_phase=unknown round3=done,done,done,done,done,done winner=true duration=60s
[2026-06-29 13:48:30] task_conditioned refresh start :: sync_timeout=240s
[2026-06-29 13:49:32] task_conditioned refresh sync :: status=ok exit=0
[2026-06-29 13:49:35] task_conditioned refresh complete :: sync=ok sync_exit=0 stage=task_conditioned_tuning_completed_with_winner next_action=done live_phase=unknown round3=done,done,done,done,done,done winner=true duration=65s
[2026-06-29 13:59:43] task_conditioned refresh start :: sync_timeout=240s
[2026-06-29 14:00:39] task_conditioned refresh sync :: status=ok exit=0
[2026-06-29 14:00:42] task_conditioned refresh complete :: sync=ok sync_exit=0 stage=task_conditioned_tuning_completed_with_winner next_action=done live_phase=unknown round3=done,done,done,done,done,done winner=true duration=59s
[2026-06-29 14:10:50] task_conditioned refresh start :: sync_timeout=240s
[2026-06-29 14:11:14] task_conditioned refresh sync :: status=failed exit=255
[2026-06-29 14:11:17] task_conditioned refresh complete :: sync=failed sync_exit=255 stage=task_conditioned_tuning_completed_with_winner next_action=done live_phase=unknown round3=done,done,done,done,done,done winner=true duration=27s
[2026-06-29 14:21:25] task_conditioned refresh start :: sync_timeout=240s
[2026-06-29 14:22:18] task_conditioned refresh sync :: status=ok exit=0
[2026-06-29 14:22:21] task_conditioned refresh complete :: sync=ok sync_exit=0 stage=task_conditioned_tuning_completed_with_winner next_action=done live_phase=unknown round3=done,done,done,done,done,done winner=true duration=56s
[2026-06-29 14:32:29] task_conditioned refresh start :: sync_timeout=240s
[2026-06-29 14:33:26] task_conditioned refresh sync :: status=ok exit=0
[2026-06-29 14:33:29] task_conditioned refresh complete :: sync=ok sync_exit=0 stage=task_conditioned_tuning_completed_with_winner next_action=done live_phase=unknown round3=done,done,done,done,done,done winner=true duration=60s
[2026-06-29 14:43:37] task_conditioned refresh start :: sync_timeout=240s
[2026-06-29 14:44:28] task_conditioned refresh sync :: status=ok exit=0
[2026-06-29 14:44:31] task_conditioned refresh complete :: sync=ok sync_exit=0 stage=task_conditioned_tuning_completed_with_winner next_action=done live_phase=unknown round3=done,done,done,done,done,done winner=true duration=54s
[2026-06-29 14:54:39] task_conditioned refresh start :: sync_timeout=240s
[2026-06-29 14:55:32] task_conditioned refresh sync :: status=ok exit=0
[2026-06-29 14:55:34] task_conditioned refresh complete :: sync=ok sync_exit=0 stage=task_conditioned_tuning_completed_with_winner next_action=done live_phase=unknown round3=done,done,done,done,done,done winner=true duration=55s
[2026-06-29 15:05:42] task_conditioned refresh start :: sync_timeout=240s
[2026-06-29 15:06:38] task_conditioned refresh sync :: status=ok exit=0
[2026-06-29 15:06:41] task_conditioned refresh complete :: sync=ok sync_exit=0 stage=task_conditioned_tuning_completed_with_winner next_action=done live_phase=unknown round3=done,done,done,done,done,done winner=true duration=59s
[2026-06-29 15:16:49] task_conditioned refresh start :: sync_timeout=240s
[2026-06-29 15:17:42] task_conditioned refresh sync :: status=ok exit=0
[2026-06-29 15:17:45] task_conditioned refresh complete :: sync=ok sync_exit=0 stage=task_conditioned_tuning_completed_with_winner next_action=done live_phase=unknown round3=done,done,done,done,done,done winner=true duration=56s
[2026-06-29 15:27:53] task_conditioned refresh start :: sync_timeout=240s
[2026-06-29 15:28:49] task_conditioned refresh sync :: status=ok exit=0
[2026-06-29 15:28:52] task_conditioned refresh complete :: sync=ok sync_exit=0 stage=task_conditioned_tuning_completed_with_winner next_action=done live_phase=unknown round3=done,done,done,done,done,done winner=true duration=59s
[2026-06-29 15:38:59] task_conditioned refresh start :: sync_timeout=240s
[2026-06-29 15:39:53] task_conditioned refresh sync :: status=ok exit=0
[2026-06-29 15:39:56] task_conditioned refresh complete :: sync=ok sync_exit=0 stage=task_conditioned_tuning_completed_with_winner next_action=done live_phase=unknown round3=done,done,done,done,done,done winner=true duration=57s
[2026-06-29 15:50:04] task_conditioned refresh start :: sync_timeout=240s
[2026-06-29 15:50:58] task_conditioned refresh sync :: status=ok exit=0
[2026-06-29 15:51:00] task_conditioned refresh complete :: sync=ok sync_exit=0 stage=task_conditioned_tuning_completed_with_winner next_action=done live_phase=unknown round3=done,done,done,done,done,done winner=true duration=56s
[2026-06-29 16:01:08] task_conditioned refresh start :: sync_timeout=240s
[2026-06-29 16:02:05] task_conditioned refresh sync :: status=ok exit=0
[2026-06-29 16:02:07] task_conditioned refresh complete :: sync=ok sync_exit=0 stage=task_conditioned_tuning_completed_with_winner next_action=done live_phase=unknown round3=done,done,done,done,done,done winner=true duration=59s
[2026-06-29 16:12:15] task_conditioned refresh start :: sync_timeout=240s
[2026-06-29 16:13:10] task_conditioned refresh sync :: status=ok exit=0
[2026-06-29 16:13:12] task_conditioned refresh complete :: sync=ok sync_exit=0 stage=task_conditioned_tuning_completed_with_winner next_action=done live_phase=unknown round3=done,done,done,done,done,done winner=true duration=57s
[2026-06-29 16:23:21] task_conditioned refresh start :: sync_timeout=240s
[2026-06-29 16:24:26] task_conditioned refresh sync :: status=ok exit=0
[2026-06-29 16:24:29] task_conditioned refresh complete :: sync=ok sync_exit=0 stage=task_conditioned_tuning_completed_with_winner next_action=done live_phase=unknown round3=done,done,done,done,done,done winner=true duration=68s
[2026-06-29 16:34:37] task_conditioned refresh start :: sync_timeout=240s
[2026-06-29 16:35:34] task_conditioned refresh sync :: status=ok exit=0
[2026-06-29 16:35:37] task_conditioned refresh complete :: sync=ok sync_exit=0 stage=task_conditioned_tuning_completed_with_winner next_action=done live_phase=unknown round3=done,done,done,done,done,done winner=true duration=60s
[2026-06-29 16:45:45] task_conditioned refresh start :: sync_timeout=240s
[2026-06-29 16:46:39] task_conditioned refresh sync :: status=ok exit=0
[2026-06-29 16:46:42] task_conditioned refresh complete :: sync=ok sync_exit=0 stage=task_conditioned_tuning_completed_with_winner next_action=done live_phase=unknown round3=done,done,done,done,done,done winner=true duration=57s
[2026-06-29 16:56:50] task_conditioned refresh start :: sync_timeout=240s
[2026-06-29 16:57:48] task_conditioned refresh sync :: status=ok exit=0
[2026-06-29 16:57:51] task_conditioned refresh complete :: sync=ok sync_exit=0 stage=task_conditioned_tuning_completed_with_winner next_action=done live_phase=unknown round3=done,done,done,done,done,done winner=true duration=61s
[2026-06-29 17:07:59] task_conditioned refresh start :: sync_timeout=240s
[2026-06-29 17:09:03] task_conditioned refresh sync :: status=ok exit=0
[2026-06-29 17:09:06] task_conditioned refresh complete :: sync=ok sync_exit=0 stage=task_conditioned_tuning_completed_with_winner next_action=done live_phase=unknown round3=done,done,done,done,done,done winner=true duration=67s
[2026-06-29 17:19:14] task_conditioned refresh start :: sync_timeout=240s
[2026-06-29 17:20:08] task_conditioned refresh sync :: status=ok exit=0
[2026-06-29 17:20:11] task_conditioned refresh complete :: sync=ok sync_exit=0 stage=task_conditioned_tuning_completed_with_winner next_action=done live_phase=unknown round3=done,done,done,done,done,done winner=true duration=57s
[2026-06-29 17:30:19] task_conditioned refresh start :: sync_timeout=240s
[2026-06-29 17:31:20] task_conditioned refresh sync :: status=ok exit=0
[2026-06-29 17:31:23] task_conditioned refresh complete :: sync=ok sync_exit=0 stage=task_conditioned_tuning_completed_with_winner next_action=done live_phase=unknown round3=done,done,done,done,done,done winner=true duration=64s
[2026-06-29 17:41:31] task_conditioned refresh start :: sync_timeout=240s
[2026-06-29 17:42:25] task_conditioned refresh sync :: status=ok exit=0
[2026-06-29 17:42:27] task_conditioned refresh complete :: sync=ok sync_exit=0 stage=task_conditioned_tuning_completed_with_winner next_action=done live_phase=unknown round3=done,done,done,done,done,done winner=true duration=56s
[2026-06-29 17:52:35] task_conditioned refresh start :: sync_timeout=240s
[2026-06-29 17:53:27] task_conditioned refresh sync :: status=ok exit=0
[2026-06-29 17:53:30] task_conditioned refresh complete :: sync=ok sync_exit=0 stage=task_conditioned_tuning_completed_with_winner next_action=done live_phase=unknown round3=done,done,done,done,done,done winner=true duration=55s
[2026-06-29 18:03:38] task_conditioned refresh start :: sync_timeout=240s
[2026-06-29 18:03:54] task_conditioned refresh sync :: status=failed exit=255
[2026-06-29 18:03:56] task_conditioned refresh complete :: sync=failed sync_exit=255 stage=task_conditioned_tuning_completed_with_winner next_action=done live_phase=unknown round3=done,done,done,done,done,done winner=true duration=18s
[2026-06-29 18:14:04] task_conditioned refresh start :: sync_timeout=240s
[2026-06-29 18:14:56] task_conditioned refresh sync :: status=ok exit=0
[2026-06-29 18:14:59] task_conditioned refresh complete :: sync=ok sync_exit=0 stage=task_conditioned_tuning_completed_with_winner next_action=done live_phase=unknown round3=done,done,done,done,done,done winner=true duration=55s
[2026-06-29 18:25:07] task_conditioned refresh start :: sync_timeout=240s
[2026-06-29 18:26:04] task_conditioned refresh sync :: status=ok exit=0
[2026-06-29 18:26:06] task_conditioned refresh complete :: sync=ok sync_exit=0 stage=task_conditioned_tuning_completed_with_winner next_action=done live_phase=unknown round3=done,done,done,done,done,done winner=true duration=59s
[2026-06-29 18:36:14] task_conditioned refresh start :: sync_timeout=240s
[2026-06-29 18:37:11] task_conditioned refresh sync :: status=ok exit=0
[2026-06-29 18:37:13] task_conditioned refresh complete :: sync=ok sync_exit=0 stage=task_conditioned_tuning_completed_with_winner next_action=done live_phase=unknown round3=done,done,done,done,done,done winner=true duration=59s
[2026-06-29 18:47:21] task_conditioned refresh start :: sync_timeout=240s
[2026-06-29 18:48:22] task_conditioned refresh sync :: status=ok exit=0
[2026-06-29 18:48:24] task_conditioned refresh complete :: sync=ok sync_exit=0 stage=task_conditioned_tuning_completed_with_winner next_action=done live_phase=unknown round3=done,done,done,done,done,done winner=true duration=63s
[2026-06-29 18:58:32] task_conditioned refresh start :: sync_timeout=240s
[2026-06-29 18:59:30] task_conditioned refresh sync :: status=ok exit=0
[2026-06-29 18:59:33] task_conditioned refresh complete :: sync=ok sync_exit=0 stage=task_conditioned_tuning_completed_with_winner next_action=done live_phase=unknown round3=done,done,done,done,done,done winner=true duration=61s
[2026-06-29 19:09:41] task_conditioned refresh start :: sync_timeout=240s
[2026-06-29 19:10:36] task_conditioned refresh sync :: status=ok exit=0
[2026-06-29 19:10:39] task_conditioned refresh complete :: sync=ok sync_exit=0 stage=task_conditioned_tuning_completed_with_winner next_action=done live_phase=unknown round3=done,done,done,done,done,done winner=true duration=58s
[2026-06-29 19:20:47] task_conditioned refresh start :: sync_timeout=240s
[2026-06-29 19:21:45] task_conditioned refresh sync :: status=ok exit=0
[2026-06-29 19:21:48] task_conditioned refresh complete :: sync=ok sync_exit=0 stage=task_conditioned_tuning_completed_with_winner next_action=done live_phase=unknown round3=done,done,done,done,done,done winner=true duration=61s
[2026-06-29 19:31:56] task_conditioned refresh start :: sync_timeout=240s
[2026-06-29 19:32:51] task_conditioned refresh sync :: status=ok exit=0
[2026-06-29 19:32:54] task_conditioned refresh complete :: sync=ok sync_exit=0 stage=task_conditioned_tuning_completed_with_winner next_action=done live_phase=unknown round3=done,done,done,done,done,done winner=true duration=58s
[2026-06-29 19:43:02] task_conditioned refresh start :: sync_timeout=240s
[2026-06-29 19:44:13] task_conditioned refresh sync :: status=ok exit=0
[2026-06-29 19:44:16] task_conditioned refresh complete :: sync=ok sync_exit=0 stage=task_conditioned_tuning_completed_with_winner next_action=done live_phase=unknown round3=done,done,done,done,done,done winner=true duration=74s
[2026-06-29 19:54:24] task_conditioned refresh start :: sync_timeout=240s
[2026-06-29 19:55:21] task_conditioned refresh sync :: status=ok exit=0
[2026-06-29 19:55:24] task_conditioned refresh complete :: sync=ok sync_exit=0 stage=task_conditioned_tuning_completed_with_winner next_action=done live_phase=unknown round3=done,done,done,done,done,done winner=true duration=60s
[2026-06-29 20:05:32] task_conditioned refresh start :: sync_timeout=240s
[2026-06-29 20:06:25] task_conditioned refresh sync :: status=ok exit=0
[2026-06-29 20:06:27] task_conditioned refresh complete :: sync=ok sync_exit=0 stage=task_conditioned_tuning_completed_with_winner next_action=done live_phase=unknown round3=done,done,done,done,done,done winner=true duration=55s
[2026-06-29 20:16:35] task_conditioned refresh start :: sync_timeout=240s
[2026-06-29 20:17:27] task_conditioned refresh sync :: status=ok exit=0
[2026-06-29 20:17:30] task_conditioned refresh complete :: sync=ok sync_exit=0 stage=task_conditioned_tuning_completed_with_winner next_action=done live_phase=unknown round3=done,done,done,done,done,done winner=true duration=55s
[2026-06-29 20:27:38] task_conditioned refresh start :: sync_timeout=240s
[2026-06-29 20:28:41] task_conditioned refresh sync :: status=ok exit=0
[2026-06-29 20:28:43] task_conditioned refresh complete :: sync=ok sync_exit=0 stage=task_conditioned_tuning_completed_with_winner next_action=done live_phase=unknown round3=done,done,done,done,done,done winner=true duration=65s
[2026-06-29 20:38:51] task_conditioned refresh start :: sync_timeout=240s
[2026-06-29 20:39:57] task_conditioned refresh sync :: status=ok exit=0
[2026-06-29 20:39:59] task_conditioned refresh complete :: sync=ok sync_exit=0 stage=task_conditioned_tuning_completed_with_winner next_action=done live_phase=unknown round3=done,done,done,done,done,done winner=true duration=68s
[2026-06-29 20:50:07] task_conditioned refresh start :: sync_timeout=240s
[2026-06-29 20:51:15] task_conditioned refresh sync :: status=ok exit=0
[2026-06-29 20:51:18] task_conditioned refresh complete :: sync=ok sync_exit=0 stage=task_conditioned_tuning_completed_with_winner next_action=done live_phase=unknown round3=done,done,done,done,done,done winner=true duration=71s
[2026-06-29 21:01:26] task_conditioned refresh start :: sync_timeout=240s
[2026-06-29 21:02:21] task_conditioned refresh sync :: status=ok exit=0
[2026-06-29 21:02:23] task_conditioned refresh complete :: sync=ok sync_exit=0 stage=task_conditioned_tuning_completed_with_winner next_action=done live_phase=unknown round3=done,done,done,done,done,done winner=true duration=57s
[2026-06-29 21:12:32] task_conditioned refresh start :: sync_timeout=240s
[2026-06-29 21:13:29] task_conditioned refresh sync :: status=ok exit=0
[2026-06-29 21:13:32] task_conditioned refresh complete :: sync=ok sync_exit=0 stage=task_conditioned_tuning_completed_with_winner next_action=done live_phase=unknown round3=done,done,done,done,done,done winner=true duration=60s
[2026-06-29 21:23:44] task_conditioned refresh start :: sync_timeout=240s
[2026-06-29 21:24:37] task_conditioned refresh sync :: status=ok exit=0
[2026-06-29 21:24:40] task_conditioned refresh complete :: sync=ok sync_exit=0 stage=task_conditioned_tuning_completed_with_winner next_action=done live_phase=unknown round3=done,done,done,done,done,done winner=true duration=56s
[2026-06-29 21:34:57] task_conditioned refresh start :: sync_timeout=240s
[2026-06-29 21:35:52] task_conditioned refresh sync :: status=ok exit=0
[2026-06-29 21:35:55] task_conditioned refresh complete :: sync=ok sync_exit=0 stage=task_conditioned_tuning_completed_with_winner next_action=done live_phase=unknown round3=done,done,done,done,done,done winner=true duration=58s
[2026-06-29 21:46:13] task_conditioned refresh start :: sync_timeout=240s
[2026-06-29 21:47:09] task_conditioned refresh sync :: status=ok exit=0
[2026-06-29 21:47:13] task_conditioned refresh complete :: sync=ok sync_exit=0 stage=task_conditioned_tuning_completed_with_winner next_action=done live_phase=unknown round3=done,done,done,done,done,done winner=true duration=60s
[2026-06-29 21:57:31] task_conditioned refresh start :: sync_timeout=240s
[2026-06-29 21:58:28] task_conditioned refresh sync :: status=ok exit=0
[2026-06-29 21:58:31] task_conditioned refresh complete :: sync=ok sync_exit=0 stage=task_conditioned_tuning_completed_with_winner next_action=done live_phase=unknown round3=done,done,done,done,done,done winner=true duration=60s
[2026-06-29 22:08:42] task_conditioned refresh start :: sync_timeout=240s
[2026-06-29 22:09:36] task_conditioned refresh sync :: status=ok exit=0
[2026-06-29 22:09:39] task_conditioned refresh complete :: sync=ok sync_exit=0 stage=task_conditioned_tuning_completed_with_winner next_action=done live_phase=unknown round3=done,done,done,done,done,done winner=true duration=57s
[2026-06-29 22:19:53] task_conditioned refresh start :: sync_timeout=240s
[2026-06-29 22:20:46] task_conditioned refresh sync :: status=ok exit=0
[2026-06-29 22:20:49] task_conditioned refresh complete :: sync=ok sync_exit=0 stage=task_conditioned_tuning_completed_with_winner next_action=done live_phase=unknown round3=done,done,done,done,done,done winner=true duration=56s
[2026-06-29 22:31:07] task_conditioned refresh start :: sync_timeout=240s
[2026-06-29 22:31:59] task_conditioned refresh sync :: status=ok exit=0
[2026-06-29 22:32:02] task_conditioned refresh complete :: sync=ok sync_exit=0 stage=task_conditioned_tuning_completed_with_winner next_action=done live_phase=unknown round3=done,done,done,done,done,done winner=true duration=55s
[2026-06-29 22:42:22] task_conditioned refresh start :: sync_timeout=240s
[2026-06-29 22:43:14] task_conditioned refresh sync :: status=ok exit=0
[2026-06-29 22:43:17] task_conditioned refresh complete :: sync=ok sync_exit=0 stage=task_conditioned_tuning_completed_with_winner next_action=done live_phase=unknown round3=done,done,done,done,done,done winner=true duration=55s
[2026-06-29 22:53:35] task_conditioned refresh start :: sync_timeout=240s
[2026-06-29 22:54:28] task_conditioned refresh sync :: status=ok exit=0
[2026-06-29 22:54:31] task_conditioned refresh complete :: sync=ok sync_exit=0 stage=task_conditioned_tuning_completed_with_winner next_action=done live_phase=unknown round3=done,done,done,done,done,done winner=true duration=56s
[2026-06-29 23:04:41] task_conditioned refresh start :: sync_timeout=240s
[2026-06-29 23:05:35] task_conditioned refresh sync :: status=ok exit=0
[2026-06-29 23:05:38] task_conditioned refresh complete :: sync=ok sync_exit=0 stage=task_conditioned_tuning_completed_with_winner next_action=done live_phase=unknown round3=done,done,done,done,done,done winner=true duration=57s
[2026-06-29 23:15:55] task_conditioned refresh start :: sync_timeout=240s
[2026-06-29 23:16:48] task_conditioned refresh sync :: status=ok exit=0
[2026-06-29 23:16:51] task_conditioned refresh complete :: sync=ok sync_exit=0 stage=task_conditioned_tuning_completed_with_winner next_action=done live_phase=unknown round3=done,done,done,done,done,done winner=true duration=56s
[2026-06-29 23:27:09] task_conditioned refresh start :: sync_timeout=240s
[2026-06-29 23:28:02] task_conditioned refresh sync :: status=ok exit=0
[2026-06-29 23:28:05] task_conditioned refresh complete :: sync=ok sync_exit=0 stage=task_conditioned_tuning_completed_with_winner next_action=done live_phase=unknown round3=done,done,done,done,done,done winner=true duration=56s
[2026-06-29 23:38:24] task_conditioned refresh start :: sync_timeout=240s
[2026-06-29 23:39:17] task_conditioned refresh sync :: status=ok exit=0
[2026-06-29 23:39:20] task_conditioned refresh complete :: sync=ok sync_exit=0 stage=task_conditioned_tuning_completed_with_winner next_action=done live_phase=unknown round3=done,done,done,done,done,done winner=true duration=56s
[2026-06-29 23:49:39] task_conditioned refresh start :: sync_timeout=240s
[2026-06-29 23:50:31] task_conditioned refresh sync :: status=ok exit=0
[2026-06-29 23:50:35] task_conditioned refresh complete :: sync=ok sync_exit=0 stage=task_conditioned_tuning_completed_with_winner next_action=done live_phase=unknown round3=done,done,done,done,done,done winner=true duration=56s
[2026-06-30 00:00:54] task_conditioned refresh start :: sync_timeout=240s
[2026-06-30 00:01:48] task_conditioned refresh sync :: status=ok exit=0
[2026-06-30 00:01:51] task_conditioned refresh complete :: sync=ok sync_exit=0 stage=task_conditioned_tuning_completed_with_winner next_action=done live_phase=unknown round3=done,done,done,done,done,done winner=true duration=57s
[2026-06-30 00:12:11] task_conditioned refresh start :: sync_timeout=240s
[2026-06-30 00:13:03] task_conditioned refresh sync :: status=ok exit=0
[2026-06-30 00:13:06] task_conditioned refresh complete :: sync=ok sync_exit=0 stage=task_conditioned_tuning_completed_with_winner next_action=done live_phase=unknown round3=done,done,done,done,done,done winner=true duration=55s
[2026-06-30 00:23:27] task_conditioned refresh start :: sync_timeout=240s
[2026-06-30 00:24:19] task_conditioned refresh sync :: status=ok exit=0
[2026-06-30 00:24:21] task_conditioned refresh complete :: sync=ok sync_exit=0 stage=task_conditioned_tuning_completed_with_winner next_action=done live_phase=unknown round3=done,done,done,done,done,done winner=true duration=54s
[2026-06-30 00:34:43] task_conditioned refresh start :: sync_timeout=240s
[2026-06-30 00:35:34] task_conditioned refresh sync :: status=ok exit=0
[2026-06-30 00:35:37] task_conditioned refresh complete :: sync=ok sync_exit=0 stage=task_conditioned_tuning_completed_with_winner next_action=done live_phase=unknown round3=done,done,done,done,done,done winner=true duration=54s
[2026-06-30 00:45:59] task_conditioned refresh start :: sync_timeout=240s
[2026-06-30 00:46:51] task_conditioned refresh sync :: status=ok exit=0
[2026-06-30 00:46:53] task_conditioned refresh complete :: sync=ok sync_exit=0 stage=task_conditioned_tuning_completed_with_winner next_action=done live_phase=unknown round3=done,done,done,done,done,done winner=true duration=54s
[2026-06-30 00:57:16] task_conditioned refresh start :: sync_timeout=240s
[2026-06-30 00:58:06] task_conditioned refresh sync :: status=ok exit=0
[2026-06-30 00:58:09] task_conditioned refresh complete :: sync=ok sync_exit=0 stage=task_conditioned_tuning_completed_with_winner next_action=done live_phase=unknown round3=done,done,done,done,done,done winner=true duration=53s
[2026-06-30 01:08:31] task_conditioned refresh start :: sync_timeout=240s
[2026-06-30 01:09:23] task_conditioned refresh sync :: status=ok exit=0
[2026-06-30 01:09:25] task_conditioned refresh complete :: sync=ok sync_exit=0 stage=task_conditioned_tuning_completed_with_winner next_action=done live_phase=unknown round3=done,done,done,done,done,done winner=true duration=54s
[2026-06-30 01:19:47] task_conditioned refresh start :: sync_timeout=240s
[2026-06-30 01:20:39] task_conditioned refresh sync :: status=ok exit=0
[2026-06-30 01:20:42] task_conditioned refresh complete :: sync=ok sync_exit=0 stage=task_conditioned_tuning_completed_with_winner next_action=done live_phase=unknown round3=done,done,done,done,done,done winner=true duration=55s
[2026-06-30 01:31:04] task_conditioned refresh start :: sync_timeout=240s
[2026-06-30 01:31:54] task_conditioned refresh sync :: status=ok exit=0
[2026-06-30 01:31:58] task_conditioned refresh complete :: sync=ok sync_exit=0 stage=task_conditioned_tuning_completed_with_winner next_action=done live_phase=unknown round3=done,done,done,done,done,done winner=true duration=54s
[2026-06-30 01:42:19] task_conditioned refresh start :: sync_timeout=240s
[2026-06-30 01:43:10] task_conditioned refresh sync :: status=ok exit=0
[2026-06-30 01:43:12] task_conditioned refresh complete :: sync=ok sync_exit=0 stage=task_conditioned_tuning_completed_with_winner next_action=done live_phase=unknown round3=done,done,done,done,done,done winner=true duration=53s
[2026-06-30 01:53:35] task_conditioned refresh start :: sync_timeout=240s
[2026-06-30 01:54:25] task_conditioned refresh sync :: status=ok exit=0
[2026-06-30 01:54:28] task_conditioned refresh complete :: sync=ok sync_exit=0 stage=task_conditioned_tuning_completed_with_winner next_action=done live_phase=unknown round3=done,done,done,done,done,done winner=true duration=53s
[2026-06-30 02:04:51] task_conditioned refresh start :: sync_timeout=240s
[2026-06-30 02:05:42] task_conditioned refresh sync :: status=ok exit=0
[2026-06-30 02:05:45] task_conditioned refresh complete :: sync=ok sync_exit=0 stage=task_conditioned_tuning_completed_with_winner next_action=done live_phase=unknown round3=done,done,done,done,done,done winner=true duration=54s
[2026-06-30 02:16:08] task_conditioned refresh start :: sync_timeout=240s
[2026-06-30 02:16:58] task_conditioned refresh sync :: status=ok exit=0
[2026-06-30 02:17:01] task_conditioned refresh complete :: sync=ok sync_exit=0 stage=task_conditioned_tuning_completed_with_winner next_action=done live_phase=unknown round3=done,done,done,done,done,done winner=true duration=53s
[2026-06-30 02:27:24] task_conditioned refresh start :: sync_timeout=240s
[2026-06-30 02:28:16] task_conditioned refresh sync :: status=ok exit=0
[2026-06-30 02:28:19] task_conditioned refresh complete :: sync=ok sync_exit=0 stage=task_conditioned_tuning_completed_with_winner next_action=done live_phase=unknown round3=done,done,done,done,done,done winner=true duration=55s
[2026-06-30 02:38:33] task_conditioned refresh start :: sync_timeout=240s
[2026-06-30 02:39:24] task_conditioned refresh sync :: status=ok exit=0
[2026-06-30 02:39:27] task_conditioned refresh complete :: sync=ok sync_exit=0 stage=task_conditioned_tuning_completed_with_winner next_action=done live_phase=unknown round3=done,done,done,done,done,done winner=true duration=54s
[2026-06-30 02:49:47] task_conditioned refresh start :: sync_timeout=240s
[2026-06-30 02:50:37] task_conditioned refresh sync :: status=ok exit=0
[2026-06-30 02:50:40] task_conditioned refresh complete :: sync=ok sync_exit=0 stage=task_conditioned_tuning_completed_with_winner next_action=done live_phase=unknown round3=done,done,done,done,done,done winner=true duration=53s
[2026-06-30 03:01:01] task_conditioned refresh start :: sync_timeout=240s
[2026-06-30 03:01:53] task_conditioned refresh sync :: status=ok exit=0
[2026-06-30 03:01:55] task_conditioned refresh complete :: sync=ok sync_exit=0 stage=task_conditioned_tuning_completed_with_winner next_action=done live_phase=unknown round3=done,done,done,done,done,done winner=true duration=54s
[2026-06-30 03:12:17] task_conditioned refresh start :: sync_timeout=240s
[2026-06-30 03:13:08] task_conditioned refresh sync :: status=ok exit=0
[2026-06-30 03:13:10] task_conditioned refresh complete :: sync=ok sync_exit=0 stage=task_conditioned_tuning_completed_with_winner next_action=done live_phase=unknown round3=done,done,done,done,done,done winner=true duration=53s
[2026-06-30 03:23:30] task_conditioned refresh start :: sync_timeout=240s
[2026-06-30 03:24:21] task_conditioned refresh sync :: status=ok exit=0
[2026-06-30 03:24:24] task_conditioned refresh complete :: sync=ok sync_exit=0 stage=task_conditioned_tuning_completed_with_winner next_action=done live_phase=unknown round3=done,done,done,done,done,done winner=true duration=54s
[2026-06-30 03:34:45] task_conditioned refresh start :: sync_timeout=240s
[2026-06-30 03:35:36] task_conditioned refresh sync :: status=failed exit=255
[2026-06-30 03:35:38] task_conditioned refresh complete :: sync=failed sync_exit=255 stage=task_conditioned_tuning_completed_with_winner next_action=done live_phase=unknown round3=done,done,done,done,done,done winner=true duration=53s
[2026-06-30 03:46:02] task_conditioned refresh start :: sync_timeout=240s
[2026-06-30 03:46:52] task_conditioned refresh sync :: status=ok exit=0
[2026-06-30 03:46:55] task_conditioned refresh complete :: sync=ok sync_exit=0 stage=task_conditioned_tuning_completed_with_winner next_action=done live_phase=unknown round3=done,done,done,done,done,done winner=true duration=53s
[2026-06-30 03:57:19] task_conditioned refresh start :: sync_timeout=240s
[2026-06-30 03:58:10] task_conditioned refresh sync :: status=ok exit=0
[2026-06-30 03:58:13] task_conditioned refresh complete :: sync=ok sync_exit=0 stage=task_conditioned_tuning_completed_with_winner next_action=done live_phase=unknown round3=done,done,done,done,done,done winner=true duration=54s
[2026-06-30 04:08:37] task_conditioned refresh start :: sync_timeout=240s
[2026-06-30 04:09:27] task_conditioned refresh sync :: status=ok exit=0
[2026-06-30 04:09:30] task_conditioned refresh complete :: sync=ok sync_exit=0 stage=task_conditioned_tuning_completed_with_winner next_action=done live_phase=unknown round3=done,done,done,done,done,done winner=true duration=53s
[2026-06-30 04:19:55] task_conditioned refresh start :: sync_timeout=240s
[2026-06-30 04:20:47] task_conditioned refresh sync :: status=ok exit=0
[2026-06-30 04:20:49] task_conditioned refresh complete :: sync=ok sync_exit=0 stage=task_conditioned_tuning_completed_with_winner next_action=done live_phase=unknown round3=done,done,done,done,done,done winner=true duration=54s
[2026-06-30 04:31:13] task_conditioned refresh start :: sync_timeout=240s
[2026-06-30 04:32:04] task_conditioned refresh sync :: status=ok exit=0
[2026-06-30 04:32:07] task_conditioned refresh complete :: sync=ok sync_exit=0 stage=task_conditioned_tuning_completed_with_winner next_action=done live_phase=unknown round3=done,done,done,done,done,done winner=true duration=54s
[2026-06-30 04:42:33] task_conditioned refresh start :: sync_timeout=240s
[2026-06-30 04:43:23] task_conditioned refresh sync :: status=ok exit=0
[2026-06-30 04:43:27] task_conditioned refresh complete :: sync=ok sync_exit=0 stage=task_conditioned_tuning_completed_with_winner next_action=done live_phase=unknown round3=done,done,done,done,done,done winner=true duration=54s
[2026-06-30 04:53:52] task_conditioned refresh start :: sync_timeout=240s
[2026-06-30 04:54:43] task_conditioned refresh sync :: status=ok exit=0
[2026-06-30 04:54:46] task_conditioned refresh complete :: sync=ok sync_exit=0 stage=task_conditioned_tuning_completed_with_winner next_action=done live_phase=unknown round3=done,done,done,done,done,done winner=true duration=54s
[2026-06-30 05:05:11] task_conditioned refresh start :: sync_timeout=240s
[2026-06-30 05:06:03] task_conditioned refresh sync :: status=ok exit=0
[2026-06-30 05:06:05] task_conditioned refresh complete :: sync=ok sync_exit=0 stage=task_conditioned_tuning_completed_with_winner next_action=done live_phase=unknown round3=done,done,done,done,done,done winner=true duration=54s
[2026-06-30 05:16:31] task_conditioned refresh start :: sync_timeout=240s
[2026-06-30 05:17:21] task_conditioned refresh sync :: status=ok exit=0
[2026-06-30 05:17:24] task_conditioned refresh complete :: sync=ok sync_exit=0 stage=task_conditioned_tuning_completed_with_winner next_action=done live_phase=unknown round3=done,done,done,done,done,done winner=true duration=53s
[2026-06-30 05:27:50] task_conditioned refresh start :: sync_timeout=240s
[2026-06-30 05:28:42] task_conditioned refresh sync :: status=ok exit=0
[2026-06-30 05:28:44] task_conditioned refresh complete :: sync=ok sync_exit=0 stage=task_conditioned_tuning_completed_with_winner next_action=done live_phase=unknown round3=done,done,done,done,done,done winner=true duration=54s
[2026-06-30 05:39:10] task_conditioned refresh start :: sync_timeout=240s
[2026-06-30 05:39:59] task_conditioned refresh sync :: status=ok exit=0
[2026-06-30 05:40:02] task_conditioned refresh complete :: sync=ok sync_exit=0 stage=task_conditioned_tuning_completed_with_winner next_action=done live_phase=unknown round3=done,done,done,done,done,done winner=true duration=52s
[2026-06-30 05:50:29] task_conditioned refresh start :: sync_timeout=240s
[2026-06-30 05:50:56] task_conditioned refresh sync :: status=failed exit=255
[2026-06-30 05:50:59] task_conditioned refresh complete :: sync=failed sync_exit=255 stage=task_conditioned_tuning_completed_with_winner next_action=done live_phase=unknown round3=done,done,done,done,done,done winner=true duration=30s
[2026-06-30 06:01:26] task_conditioned refresh start :: sync_timeout=240s
[2026-06-30 06:02:16] task_conditioned refresh sync :: status=ok exit=0
[2026-06-30 06:02:19] task_conditioned refresh complete :: sync=ok sync_exit=0 stage=task_conditioned_tuning_completed_with_winner next_action=done live_phase=unknown round3=done,done,done,done,done,done winner=true duration=53s
[2026-06-30 06:12:46] task_conditioned refresh start :: sync_timeout=240s
[2026-06-30 06:13:38] task_conditioned refresh sync :: status=ok exit=0
[2026-06-30 06:13:40] task_conditioned refresh complete :: sync=ok sync_exit=0 stage=task_conditioned_tuning_completed_with_winner next_action=done live_phase=unknown round3=done,done,done,done,done,done winner=true duration=54s
[2026-06-30 06:24:07] task_conditioned refresh start :: sync_timeout=240s
[2026-06-30 06:24:58] task_conditioned refresh sync :: status=ok exit=0
[2026-06-30 06:25:01] task_conditioned refresh complete :: sync=ok sync_exit=0 stage=task_conditioned_tuning_completed_with_winner next_action=done live_phase=unknown round3=done,done,done,done,done,done winner=true duration=54s
[2026-06-30 06:35:27] task_conditioned refresh start :: sync_timeout=240s
[2026-06-30 06:36:19] task_conditioned refresh sync :: status=ok exit=0
[2026-06-30 06:36:22] task_conditioned refresh complete :: sync=ok sync_exit=0 stage=task_conditioned_tuning_completed_with_winner next_action=done live_phase=unknown round3=done,done,done,done,done,done winner=true duration=55s
[2026-06-30 06:46:47] task_conditioned refresh start :: sync_timeout=240s
[2026-06-30 06:47:39] task_conditioned refresh sync :: status=ok exit=0
[2026-06-30 06:47:41] task_conditioned refresh complete :: sync=ok sync_exit=0 stage=task_conditioned_tuning_completed_with_winner next_action=done live_phase=unknown round3=done,done,done,done,done,done winner=true duration=54s
[2026-06-30 06:58:08] task_conditioned refresh start :: sync_timeout=240s
[2026-06-30 06:58:59] task_conditioned refresh sync :: status=ok exit=0
[2026-06-30 06:59:02] task_conditioned refresh complete :: sync=ok sync_exit=0 stage=task_conditioned_tuning_completed_with_winner next_action=done live_phase=unknown round3=done,done,done,done,done,done winner=true duration=54s
[2026-06-30 07:09:29] task_conditioned refresh start :: sync_timeout=240s
[2026-06-30 07:10:20] task_conditioned refresh sync :: status=ok exit=0
[2026-06-30 07:10:22] task_conditioned refresh complete :: sync=ok sync_exit=0 stage=task_conditioned_tuning_completed_with_winner next_action=done live_phase=unknown round3=done,done,done,done,done,done winner=true duration=53s
[2026-06-30 07:20:51] task_conditioned refresh start :: sync_timeout=240s
[2026-06-30 07:21:42] task_conditioned refresh sync :: status=ok exit=0
[2026-06-30 07:21:44] task_conditioned refresh complete :: sync=ok sync_exit=0 stage=task_conditioned_tuning_completed_with_winner next_action=done live_phase=unknown round3=done,done,done,done,done,done winner=true duration=53s
[2026-06-30 07:32:13] task_conditioned refresh start :: sync_timeout=240s
[2026-06-30 07:33:05] task_conditioned refresh sync :: status=ok exit=0
[2026-06-30 07:33:07] task_conditioned refresh complete :: sync=ok sync_exit=0 stage=task_conditioned_tuning_completed_with_winner next_action=done live_phase=unknown round3=done,done,done,done,done,done winner=true duration=54s
[2026-06-30 07:43:38] task_conditioned refresh start :: sync_timeout=240s
[2026-06-30 07:44:28] task_conditioned refresh sync :: status=ok exit=0
[2026-06-30 07:44:31] task_conditioned refresh complete :: sync=ok sync_exit=0 stage=task_conditioned_tuning_completed_with_winner next_action=done live_phase=unknown round3=done,done,done,done,done,done winner=true duration=53s
[2026-06-30 07:55:02] task_conditioned refresh start :: sync_timeout=240s
[2026-06-30 07:55:53] task_conditioned refresh sync :: status=ok exit=0
[2026-06-30 07:55:55] task_conditioned refresh complete :: sync=ok sync_exit=0 stage=task_conditioned_tuning_completed_with_winner next_action=done live_phase=unknown round3=done,done,done,done,done,done winner=true duration=53s
[2026-06-30 08:06:26] task_conditioned refresh start :: sync_timeout=240s
[2026-06-30 08:06:47] task_conditioned refresh sync :: status=failed exit=255
[2026-06-30 08:06:49] task_conditioned refresh complete :: sync=failed sync_exit=255 stage=task_conditioned_tuning_completed_with_winner next_action=done live_phase=unknown round3=done,done,done,done,done,done winner=true duration=23s
[2026-06-30 08:17:19] task_conditioned refresh start :: sync_timeout=240s
[2026-06-30 08:18:11] task_conditioned refresh sync :: status=ok exit=0
[2026-06-30 08:18:13] task_conditioned refresh complete :: sync=ok sync_exit=0 stage=task_conditioned_tuning_completed_with_winner next_action=done live_phase=unknown round3=done,done,done,done,done,done winner=true duration=54s
[2026-06-30 08:28:46] task_conditioned refresh start :: sync_timeout=240s
[2026-06-30 08:29:38] task_conditioned refresh sync :: status=ok exit=0
[2026-06-30 08:29:41] task_conditioned refresh complete :: sync=ok sync_exit=0 stage=task_conditioned_tuning_completed_with_winner next_action=done live_phase=unknown round3=done,done,done,done,done,done winner=true duration=55s
[2026-06-30 08:40:12] task_conditioned refresh start :: sync_timeout=240s
[2026-06-30 08:41:03] task_conditioned refresh sync :: status=ok exit=0
[2026-06-30 08:41:07] task_conditioned refresh complete :: sync=ok sync_exit=0 stage=task_conditioned_tuning_completed_with_winner next_action=done live_phase=unknown round3=done,done,done,done,done,done winner=true duration=55s
[2026-06-30 08:51:36] task_conditioned refresh start :: sync_timeout=240s
[2026-06-30 08:52:29] task_conditioned refresh sync :: status=ok exit=0
[2026-06-30 08:52:32] task_conditioned refresh complete :: sync=ok sync_exit=0 stage=task_conditioned_tuning_completed_with_winner next_action=done live_phase=unknown round3=done,done,done,done,done,done winner=true duration=56s
[2026-06-30 09:03:02] task_conditioned refresh start :: sync_timeout=240s
[2026-06-30 09:03:53] task_conditioned refresh sync :: status=ok exit=0
[2026-06-30 09:03:55] task_conditioned refresh complete :: sync=ok sync_exit=0 stage=task_conditioned_tuning_completed_with_winner next_action=done live_phase=unknown round3=done,done,done,done,done,done winner=true duration=53s
[2026-06-30 09:14:23] task_conditioned refresh start :: sync_timeout=240s
[2026-06-30 09:15:18] task_conditioned refresh sync :: status=ok exit=0
[2026-06-30 09:15:20] task_conditioned refresh complete :: sync=ok sync_exit=0 stage=task_conditioned_tuning_completed_with_winner next_action=done live_phase=unknown round3=done,done,done,done,done,done winner=true duration=57s
[2026-06-30 09:25:51] task_conditioned refresh start :: sync_timeout=240s
[2026-06-30 09:26:43] task_conditioned refresh sync :: status=ok exit=0
[2026-06-30 09:26:45] task_conditioned refresh complete :: sync=ok sync_exit=0 stage=task_conditioned_tuning_completed_with_winner next_action=done live_phase=unknown round3=done,done,done,done,done,done winner=true duration=54s
[2026-06-30 09:37:16] task_conditioned refresh start :: sync_timeout=240s
[2026-06-30 09:38:09] task_conditioned refresh sync :: status=ok exit=0
[2026-06-30 09:38:12] task_conditioned refresh complete :: sync=ok sync_exit=0 stage=task_conditioned_tuning_completed_with_winner next_action=done live_phase=unknown round3=done,done,done,done,done,done winner=true duration=56s
[2026-06-30 09:48:43] task_conditioned refresh start :: sync_timeout=240s
[2026-06-30 09:49:57] task_conditioned refresh sync :: status=ok exit=0
[2026-06-30 09:49:59] task_conditioned refresh complete :: sync=ok sync_exit=0 stage=task_conditioned_tuning_completed_with_winner next_action=done live_phase=unknown round3=done,done,done,done,done,done winner=true duration=76s
[2026-06-30 10:00:30] task_conditioned refresh start :: sync_timeout=240s
[2026-06-30 10:01:25] task_conditioned refresh sync :: status=ok exit=0
[2026-06-30 10:01:29] task_conditioned refresh complete :: sync=ok sync_exit=0 stage=task_conditioned_tuning_completed_with_winner next_action=done live_phase=unknown round3=done,done,done,done,done,done winner=true duration=59s
[2026-06-30 10:11:59] task_conditioned refresh start :: sync_timeout=240s
[2026-06-30 10:12:53] task_conditioned refresh sync :: status=ok exit=0
[2026-06-30 10:12:56] task_conditioned refresh complete :: sync=ok sync_exit=0 stage=task_conditioned_tuning_completed_with_winner next_action=done live_phase=unknown round3=done,done,done,done,done,done winner=true duration=57s
[2026-06-30 10:23:27] task_conditioned refresh start :: sync_timeout=240s
[2026-06-30 10:24:25] task_conditioned refresh sync :: status=ok exit=0
[2026-06-30 10:24:27] task_conditioned refresh complete :: sync=ok sync_exit=0 stage=task_conditioned_tuning_completed_with_winner next_action=done live_phase=unknown round3=done,done,done,done,done,done winner=true duration=60s
[2026-06-30 10:34:58] task_conditioned refresh start :: sync_timeout=240s
[2026-06-30 10:35:55] task_conditioned refresh sync :: status=ok exit=0
[2026-06-30 10:35:58] task_conditioned refresh complete :: sync=ok sync_exit=0 stage=task_conditioned_tuning_completed_with_winner next_action=done live_phase=unknown round3=done,done,done,done,done,done winner=true duration=60s
[2026-06-30 10:46:30] task_conditioned refresh start :: sync_timeout=240s
[2026-06-30 10:47:27] task_conditioned refresh sync :: status=ok exit=0
[2026-06-30 10:47:30] task_conditioned refresh complete :: sync=ok sync_exit=0 stage=task_conditioned_tuning_completed_with_winner next_action=done live_phase=unknown round3=done,done,done,done,done,done winner=true duration=60s
[2026-06-30 10:58:02] task_conditioned refresh start :: sync_timeout=240s
[2026-06-30 10:58:54] task_conditioned refresh sync :: status=ok exit=0
[2026-06-30 10:58:57] task_conditioned refresh complete :: sync=ok sync_exit=0 stage=task_conditioned_tuning_completed_with_winner next_action=done live_phase=unknown round3=done,done,done,done,done,done winner=true duration=55s
[2026-06-30 11:09:29] task_conditioned refresh start :: sync_timeout=240s
[2026-06-30 11:10:30] task_conditioned refresh sync :: status=ok exit=0
[2026-06-30 11:10:33] task_conditioned refresh complete :: sync=ok sync_exit=0 stage=task_conditioned_tuning_completed_with_winner next_action=done live_phase=unknown round3=done,done,done,done,done,done winner=true duration=64s
[2026-06-30 11:21:05] task_conditioned refresh start :: sync_timeout=240s
[2026-06-30 11:22:01] task_conditioned refresh sync :: status=ok exit=0
[2026-06-30 11:22:04] task_conditioned refresh complete :: sync=ok sync_exit=0 stage=task_conditioned_tuning_completed_with_winner next_action=done live_phase=unknown round3=done,done,done,done,done,done winner=true duration=59s
[2026-06-30 11:32:36] task_conditioned refresh start :: sync_timeout=240s
[2026-06-30 11:33:33] task_conditioned refresh sync :: status=ok exit=0
[2026-06-30 11:33:35] task_conditioned refresh complete :: sync=ok sync_exit=0 stage=task_conditioned_tuning_completed_with_winner next_action=done live_phase=unknown round3=done,done,done,done,done,done winner=true duration=59s
[2026-06-30 11:44:08] task_conditioned refresh start :: sync_timeout=240s
[2026-06-30 11:45:07] task_conditioned refresh sync :: status=ok exit=0
[2026-06-30 11:45:10] task_conditioned refresh complete :: sync=ok sync_exit=0 stage=task_conditioned_tuning_completed_with_winner next_action=done live_phase=unknown round3=done,done,done,done,done,done winner=true duration=62s
[2026-06-30 11:55:41] task_conditioned refresh start :: sync_timeout=240s
[2026-06-30 11:56:40] task_conditioned refresh sync :: status=ok exit=0
[2026-06-30 11:56:42] task_conditioned refresh complete :: sync=ok sync_exit=0 stage=task_conditioned_tuning_completed_with_winner next_action=done live_phase=unknown round3=done,done,done,done,done,done winner=true duration=61s
[2026-06-30 12:07:06] task_conditioned refresh start :: sync_timeout=240s
[2026-06-30 12:08:04] task_conditioned refresh sync :: status=ok exit=0
[2026-06-30 12:08:07] task_conditioned refresh complete :: sync=ok sync_exit=0 stage=task_conditioned_tuning_completed_with_winner next_action=done live_phase=unknown round3=done,done,done,done,done,done winner=true duration=61s
[2026-06-30 12:18:33] task_conditioned refresh start :: sync_timeout=240s
[2026-06-30 12:19:27] task_conditioned refresh sync :: status=ok exit=0
[2026-06-30 12:19:29] task_conditioned refresh complete :: sync=ok sync_exit=0 stage=task_conditioned_tuning_completed_with_winner next_action=done live_phase=unknown round3=done,done,done,done,done,done winner=true duration=56s
[2026-06-30 12:29:59] task_conditioned refresh start :: sync_timeout=240s
[2026-06-30 12:30:53] task_conditioned refresh sync :: status=ok exit=0
[2026-06-30 12:30:56] task_conditioned refresh complete :: sync=ok sync_exit=0 stage=task_conditioned_tuning_completed_with_winner next_action=done live_phase=unknown round3=done,done,done,done,done,done winner=true duration=57s
[2026-06-30 12:41:28] task_conditioned refresh start :: sync_timeout=240s
[2026-06-30 12:42:26] task_conditioned refresh sync :: status=ok exit=0
[2026-06-30 12:42:28] task_conditioned refresh complete :: sync=ok sync_exit=0 stage=task_conditioned_tuning_completed_with_winner next_action=done live_phase=unknown round3=done,done,done,done,done,done winner=true duration=60s
[2026-06-30 12:53:00] task_conditioned refresh start :: sync_timeout=240s
[2026-06-30 12:53:59] task_conditioned refresh sync :: status=ok exit=0
[2026-06-30 12:54:01] task_conditioned refresh complete :: sync=ok sync_exit=0 stage=task_conditioned_tuning_completed_with_winner next_action=done live_phase=unknown round3=done,done,done,done,done,done winner=true duration=61s
[2026-06-30 13:04:34] task_conditioned refresh start :: sync_timeout=240s
[2026-06-30 13:05:32] task_conditioned refresh sync :: status=ok exit=0
[2026-06-30 13:05:34] task_conditioned refresh complete :: sync=ok sync_exit=0 stage=task_conditioned_tuning_completed_with_winner next_action=done live_phase=unknown round3=done,done,done,done,done,done winner=true duration=60s
[2026-06-30 13:16:07] task_conditioned refresh start :: sync_timeout=240s
[2026-06-30 13:17:00] task_conditioned refresh sync :: status=ok exit=0
[2026-06-30 13:17:02] task_conditioned refresh complete :: sync=ok sync_exit=0 stage=task_conditioned_tuning_completed_with_winner next_action=done live_phase=unknown round3=done,done,done,done,done,done winner=true duration=55s
[2026-06-30 13:27:36] task_conditioned refresh start :: sync_timeout=240s
[2026-06-30 13:28:28] task_conditioned refresh sync :: status=ok exit=0
[2026-06-30 13:28:30] task_conditioned refresh complete :: sync=ok sync_exit=0 stage=task_conditioned_tuning_completed_with_winner next_action=done live_phase=unknown round3=done,done,done,done,done,done winner=true duration=54s
[2026-06-30 13:39:04] task_conditioned refresh start :: sync_timeout=240s
[2026-06-30 13:40:14] task_conditioned refresh sync :: status=ok exit=0
[2026-06-30 13:40:16] task_conditioned refresh complete :: sync=ok sync_exit=0 stage=task_conditioned_tuning_completed_with_winner next_action=done live_phase=unknown round3=done,done,done,done,done,done winner=true duration=72s
[2026-06-30 13:50:50] task_conditioned refresh start :: sync_timeout=240s
[2026-06-30 13:51:45] task_conditioned refresh sync :: status=ok exit=0
[2026-06-30 13:51:47] task_conditioned refresh complete :: sync=ok sync_exit=0 stage=task_conditioned_tuning_completed_with_winner next_action=done live_phase=unknown round3=done,done,done,done,done,done winner=true duration=57s
[2026-06-30 14:02:22] task_conditioned refresh start :: sync_timeout=240s
[2026-06-30 14:03:21] task_conditioned refresh sync :: status=ok exit=0
[2026-06-30 14:03:25] task_conditioned refresh complete :: sync=ok sync_exit=0 stage=task_conditioned_tuning_completed_with_winner next_action=done live_phase=unknown round3=done,done,done,done,done,done winner=true duration=63s
[2026-06-30 14:13:58] task_conditioned refresh start :: sync_timeout=240s
[2026-06-30 14:14:58] task_conditioned refresh sync :: status=ok exit=0
[2026-06-30 14:15:01] task_conditioned refresh complete :: sync=ok sync_exit=0 stage=task_conditioned_tuning_completed_with_winner next_action=done live_phase=unknown round3=done,done,done,done,done,done winner=true duration=63s
[2026-06-30 14:25:34] task_conditioned refresh start :: sync_timeout=240s
[2026-06-30 14:26:29] task_conditioned refresh sync :: status=ok exit=0
[2026-06-30 14:26:31] task_conditioned refresh complete :: sync=ok sync_exit=0 stage=task_conditioned_tuning_completed_with_winner next_action=done live_phase=unknown round3=done,done,done,done,done,done winner=true duration=57s
[2026-06-30 14:37:06] task_conditioned refresh start :: sync_timeout=240s
[2026-06-30 14:38:02] task_conditioned refresh sync :: status=ok exit=0
[2026-06-30 14:38:05] task_conditioned refresh complete :: sync=ok sync_exit=0 stage=task_conditioned_tuning_completed_with_winner next_action=done live_phase=unknown round3=done,done,done,done,done,done winner=true duration=59s
[2026-06-30 14:48:41] task_conditioned refresh start :: sync_timeout=240s
[2026-06-30 14:49:38] task_conditioned refresh sync :: status=ok exit=0
[2026-06-30 14:49:41] task_conditioned refresh complete :: sync=ok sync_exit=0 stage=task_conditioned_tuning_completed_with_winner next_action=done live_phase=unknown round3=done,done,done,done,done,done winner=true duration=60s
[2026-06-30 15:00:15] task_conditioned refresh start :: sync_timeout=240s
[2026-06-30 15:01:07] task_conditioned refresh sync :: status=ok exit=0
[2026-06-30 15:01:09] task_conditioned refresh complete :: sync=ok sync_exit=0 stage=task_conditioned_tuning_completed_with_winner next_action=done live_phase=unknown round3=done,done,done,done,done,done winner=true duration=54s
[2026-06-30 15:11:44] task_conditioned refresh start :: sync_timeout=240s
[2026-06-30 15:12:39] task_conditioned refresh sync :: status=ok exit=0
[2026-06-30 15:12:41] task_conditioned refresh complete :: sync=ok sync_exit=0 stage=task_conditioned_tuning_completed_with_winner next_action=done live_phase=unknown round3=done,done,done,done,done,done winner=true duration=57s
[2026-06-30 15:23:15] task_conditioned refresh start :: sync_timeout=240s
[2026-06-30 15:24:13] task_conditioned refresh sync :: status=ok exit=0
[2026-06-30 15:24:17] task_conditioned refresh complete :: sync=ok sync_exit=0 stage=task_conditioned_tuning_completed_with_winner next_action=done live_phase=unknown round3=done,done,done,done,done,done winner=true duration=62s
[2026-06-30 15:34:51] task_conditioned refresh start :: sync_timeout=240s
[2026-06-30 15:35:44] task_conditioned refresh sync :: status=ok exit=0
[2026-06-30 15:35:47] task_conditioned refresh complete :: sync=ok sync_exit=0 stage=task_conditioned_tuning_completed_with_winner next_action=done live_phase=unknown round3=done,done,done,done,done,done winner=true duration=56s
[2026-06-30 15:46:23] task_conditioned refresh start :: sync_timeout=240s
[2026-06-30 15:47:17] task_conditioned refresh sync :: status=ok exit=0
[2026-06-30 15:47:21] task_conditioned refresh complete :: sync=ok sync_exit=0 stage=task_conditioned_tuning_completed_with_winner next_action=done live_phase=unknown round3=done,done,done,done,done,done winner=true duration=58s
[2026-06-30 15:57:56] task_conditioned refresh start :: sync_timeout=240s
[2026-06-30 15:58:54] task_conditioned refresh sync :: status=ok exit=0
[2026-06-30 15:58:57] task_conditioned refresh complete :: sync=ok sync_exit=0 stage=task_conditioned_tuning_completed_with_winner next_action=done live_phase=unknown round3=done,done,done,done,done,done winner=true duration=61s
[2026-06-30 16:09:34] task_conditioned refresh start :: sync_timeout=240s
[2026-06-30 16:10:32] task_conditioned refresh sync :: status=ok exit=0
[2026-06-30 16:10:35] task_conditioned refresh complete :: sync=ok sync_exit=0 stage=task_conditioned_tuning_completed_with_winner next_action=done live_phase=unknown round3=done,done,done,done,done,done winner=true duration=61s
[2026-06-30 16:21:12] task_conditioned refresh start :: sync_timeout=240s
[2026-06-30 16:22:04] task_conditioned refresh sync :: status=ok exit=0
[2026-06-30 16:22:06] task_conditioned refresh complete :: sync=ok sync_exit=0 stage=task_conditioned_tuning_completed_with_winner next_action=done live_phase=unknown round3=done,done,done,done,done,done winner=true duration=54s
[2026-06-30 16:32:41] task_conditioned refresh start :: sync_timeout=240s
[2026-06-30 16:33:37] task_conditioned refresh sync :: status=ok exit=0
[2026-06-30 16:33:40] task_conditioned refresh complete :: sync=ok sync_exit=0 stage=task_conditioned_tuning_completed_with_winner next_action=done live_phase=unknown round3=done,done,done,done,done,done winner=true duration=59s
[2026-06-30 16:44:07] task_conditioned refresh start :: sync_timeout=240s
[2026-06-30 16:45:00] task_conditioned refresh sync :: status=ok exit=0
[2026-06-30 16:45:03] task_conditioned refresh complete :: sync=ok sync_exit=0 stage=task_conditioned_tuning_completed_with_winner next_action=done live_phase=unknown round3=done,done,done,done,done,done winner=true duration=56s
[2026-06-30 16:55:33] task_conditioned refresh start :: sync_timeout=240s
[2026-06-30 16:56:27] task_conditioned refresh sync :: status=ok exit=0
[2026-06-30 16:56:30] task_conditioned refresh complete :: sync=ok sync_exit=0 stage=task_conditioned_tuning_completed_with_winner next_action=done live_phase=unknown round3=done,done,done,done,done,done winner=true duration=57s
[2026-06-30 17:06:55] task_conditioned refresh start :: sync_timeout=240s
[2026-06-30 17:07:52] task_conditioned refresh sync :: status=ok exit=0
[2026-06-30 17:07:54] task_conditioned refresh complete :: sync=ok sync_exit=0 stage=task_conditioned_tuning_completed_with_winner next_action=done live_phase=unknown round3=done,done,done,done,done,done winner=true duration=59s
[2026-06-30 17:18:25] task_conditioned refresh start :: sync_timeout=240s
[2026-06-30 17:19:23] task_conditioned refresh sync :: status=ok exit=0
[2026-06-30 17:19:26] task_conditioned refresh complete :: sync=ok sync_exit=0 stage=task_conditioned_tuning_completed_with_winner next_action=done live_phase=unknown round3=done,done,done,done,done,done winner=true duration=61s
[2026-06-30 17:29:59] task_conditioned refresh start :: sync_timeout=240s
[2026-06-30 17:30:59] task_conditioned refresh sync :: status=ok exit=0
[2026-06-30 17:31:03] task_conditioned refresh complete :: sync=ok sync_exit=0 stage=task_conditioned_tuning_completed_with_winner next_action=done live_phase=unknown round3=done,done,done,done,done,done winner=true duration=64s
[2026-06-30 17:41:40] task_conditioned refresh start :: sync_timeout=240s
[2026-06-30 17:42:42] task_conditioned refresh sync :: status=ok exit=0
[2026-06-30 17:42:45] task_conditioned refresh complete :: sync=ok sync_exit=0 stage=task_conditioned_tuning_completed_with_winner next_action=done live_phase=unknown round3=done,done,done,done,done,done winner=true duration=65s
[2026-06-30 17:53:22] task_conditioned refresh start :: sync_timeout=240s
[2026-06-30 17:54:15] task_conditioned refresh sync :: status=ok exit=0
[2026-06-30 17:54:18] task_conditioned refresh complete :: sync=ok sync_exit=0 stage=task_conditioned_tuning_completed_with_winner next_action=done live_phase=unknown round3=done,done,done,done,done,done winner=true duration=56s
[2026-06-30 18:04:56] task_conditioned refresh start :: sync_timeout=240s
[2026-06-30 18:05:58] task_conditioned refresh sync :: status=ok exit=0
[2026-06-30 18:06:03] task_conditioned refresh complete :: sync=ok sync_exit=0 stage=task_conditioned_tuning_completed_with_winner next_action=done live_phase=unknown round3=done,done,done,done,done,done winner=true duration=67s
[2026-06-30 18:16:39] task_conditioned refresh start :: sync_timeout=240s
[2026-06-30 18:17:33] task_conditioned refresh sync :: status=ok exit=0
[2026-06-30 18:17:36] task_conditioned refresh complete :: sync=ok sync_exit=0 stage=task_conditioned_tuning_completed_with_winner next_action=done live_phase=unknown round3=done,done,done,done,done,done winner=true duration=57s
[2026-06-30 18:28:15] task_conditioned refresh start :: sync_timeout=240s
[2026-06-30 18:29:10] task_conditioned refresh sync :: status=ok exit=0
[2026-06-30 18:29:13] task_conditioned refresh complete :: sync=ok sync_exit=0 stage=task_conditioned_tuning_completed_with_winner next_action=done live_phase=unknown round3=done,done,done,done,done,done winner=true duration=58s
[2026-06-30 18:39:51] task_conditioned refresh start :: sync_timeout=240s
[2026-06-30 18:40:57] task_conditioned refresh sync :: status=ok exit=0
[2026-06-30 18:41:00] task_conditioned refresh complete :: sync=ok sync_exit=0 stage=task_conditioned_tuning_completed_with_winner next_action=done live_phase=unknown round3=done,done,done,done,done,done winner=true duration=69s
[2026-06-30 18:51:41] task_conditioned refresh start :: sync_timeout=240s
[2026-06-30 18:52:35] task_conditioned refresh sync :: status=ok exit=0
[2026-06-30 18:52:38] task_conditioned refresh complete :: sync=ok sync_exit=0 stage=task_conditioned_tuning_completed_with_winner next_action=done live_phase=unknown round3=done,done,done,done,done,done winner=true duration=57s
[2026-06-30 19:03:18] task_conditioned refresh start :: sync_timeout=240s
[2026-06-30 19:04:11] task_conditioned refresh sync :: status=ok exit=0
[2026-06-30 19:04:13] task_conditioned refresh complete :: sync=ok sync_exit=0 stage=task_conditioned_tuning_completed_with_winner next_action=done live_phase=unknown round3=done,done,done,done,done,done winner=true duration=55s
[2026-06-30 19:14:54] task_conditioned refresh start :: sync_timeout=240s
[2026-06-30 19:15:47] task_conditioned refresh sync :: status=failed exit=255
[2026-06-30 19:15:50] task_conditioned refresh complete :: sync=failed sync_exit=255 stage=task_conditioned_tuning_completed_with_winner next_action=done live_phase=unknown round3=done,done,done,done,done,done winner=true duration=56s
[2026-06-30 19:26:31] task_conditioned refresh start :: sync_timeout=240s
[2026-06-30 19:27:24] task_conditioned refresh sync :: status=ok exit=0
[2026-06-30 19:27:26] task_conditioned refresh complete :: sync=ok sync_exit=0 stage=task_conditioned_tuning_completed_with_winner next_action=done live_phase=unknown round3=done,done,done,done,done,done winner=true duration=55s
[2026-06-30 19:38:08] task_conditioned refresh start :: sync_timeout=240s
[2026-06-30 19:39:03] task_conditioned refresh sync :: status=ok exit=0
[2026-06-30 19:39:05] task_conditioned refresh complete :: sync=ok sync_exit=0 stage=task_conditioned_tuning_completed_with_winner next_action=done live_phase=unknown round3=done,done,done,done,done,done winner=true duration=57s
[2026-06-30 19:49:45] task_conditioned refresh start :: sync_timeout=240s
[2026-06-30 19:50:36] task_conditioned refresh sync :: status=ok exit=0
[2026-06-30 19:50:39] task_conditioned refresh complete :: sync=ok sync_exit=0 stage=task_conditioned_tuning_completed_with_winner next_action=done live_phase=unknown round3=done,done,done,done,done,done winner=true duration=54s
[2026-06-30 20:01:19] task_conditioned refresh start :: sync_timeout=240s
[2026-06-30 20:02:16] task_conditioned refresh sync :: status=ok exit=0
[2026-06-30 20:02:19] task_conditioned refresh complete :: sync=ok sync_exit=0 stage=task_conditioned_tuning_completed_with_winner next_action=done live_phase=unknown round3=done,done,done,done,done,done winner=true duration=60s
[2026-06-30 20:12:59] task_conditioned refresh start :: sync_timeout=240s
[2026-06-30 20:13:56] task_conditioned refresh sync :: status=ok exit=0
[2026-06-30 20:13:59] task_conditioned refresh complete :: sync=ok sync_exit=0 stage=task_conditioned_tuning_completed_with_winner next_action=done live_phase=unknown round3=done,done,done,done,done,done winner=true duration=60s
[2026-06-30 20:24:38] task_conditioned refresh start :: sync_timeout=240s
[2026-06-30 20:25:36] task_conditioned refresh sync :: status=ok exit=0
[2026-06-30 20:25:39] task_conditioned refresh complete :: sync=ok sync_exit=0 stage=task_conditioned_tuning_completed_with_winner next_action=done live_phase=unknown round3=done,done,done,done,done,done winner=true duration=61s
[2026-06-30 20:36:20] task_conditioned refresh start :: sync_timeout=240s
[2026-06-30 20:37:19] task_conditioned refresh sync :: status=ok exit=0
[2026-06-30 20:37:22] task_conditioned refresh complete :: sync=ok sync_exit=0 stage=task_conditioned_tuning_completed_with_winner next_action=done live_phase=unknown round3=done,done,done,done,done,done winner=true duration=62s
[2026-06-30 20:48:04] task_conditioned refresh start :: sync_timeout=240s
[2026-06-30 20:48:57] task_conditioned refresh sync :: status=ok exit=0
[2026-06-30 20:49:00] task_conditioned refresh complete :: sync=ok sync_exit=0 stage=task_conditioned_tuning_completed_with_winner next_action=done live_phase=unknown round3=done,done,done,done,done,done winner=true duration=56s
[2026-06-30 20:59:43] task_conditioned refresh start :: sync_timeout=240s
[2026-06-30 21:00:36] task_conditioned refresh sync :: status=ok exit=0
[2026-06-30 21:00:39] task_conditioned refresh complete :: sync=ok sync_exit=0 stage=task_conditioned_tuning_completed_with_winner next_action=done live_phase=unknown round3=done,done,done,done,done,done winner=true duration=56s
[2026-06-30 21:11:23] task_conditioned refresh start :: sync_timeout=240s
[2026-06-30 21:12:20] task_conditioned refresh sync :: status=ok exit=0
[2026-06-30 21:12:23] task_conditioned refresh complete :: sync=ok sync_exit=0 stage=task_conditioned_tuning_completed_with_winner next_action=done live_phase=unknown round3=done,done,done,done,done,done winner=true duration=60s
[2026-06-30 21:23:06] task_conditioned refresh start :: sync_timeout=240s
[2026-06-30 21:24:05] task_conditioned refresh sync :: status=ok exit=0
[2026-06-30 21:24:08] task_conditioned refresh complete :: sync=ok sync_exit=0 stage=task_conditioned_tuning_completed_with_winner next_action=done live_phase=unknown round3=done,done,done,done,done,done winner=true duration=62s
[2026-06-30 21:34:51] task_conditioned refresh start :: sync_timeout=240s
[2026-06-30 21:35:47] task_conditioned refresh sync :: status=ok exit=0
[2026-06-30 21:35:50] task_conditioned refresh complete :: sync=ok sync_exit=0 stage=task_conditioned_tuning_completed_with_winner next_action=done live_phase=unknown round3=done,done,done,done,done,done winner=true duration=59s
[2026-06-30 21:46:34] task_conditioned refresh start :: sync_timeout=240s
[2026-06-30 21:47:28] task_conditioned refresh sync :: status=ok exit=0
[2026-06-30 21:47:31] task_conditioned refresh complete :: sync=ok sync_exit=0 stage=task_conditioned_tuning_completed_with_winner next_action=done live_phase=unknown round3=done,done,done,done,done,done winner=true duration=57s
[2026-06-30 21:58:14] task_conditioned refresh start :: sync_timeout=240s
[2026-06-30 21:59:12] task_conditioned refresh sync :: status=ok exit=0
[2026-06-30 21:59:15] task_conditioned refresh complete :: sync=ok sync_exit=0 stage=task_conditioned_tuning_completed_with_winner next_action=done live_phase=unknown round3=done,done,done,done,done,done winner=true duration=61s
[2026-06-30 22:09:57] task_conditioned refresh start :: sync_timeout=240s
[2026-06-30 22:10:53] task_conditioned refresh sync :: status=ok exit=0
[2026-06-30 22:10:56] task_conditioned refresh complete :: sync=ok sync_exit=0 stage=task_conditioned_tuning_completed_with_winner next_action=done live_phase=unknown round3=done,done,done,done,done,done winner=true duration=59s
[2026-06-30 22:21:41] task_conditioned refresh start :: sync_timeout=240s
[2026-06-30 22:21:58] task_conditioned refresh sync :: status=failed exit=255
[2026-06-30 22:22:01] task_conditioned refresh complete :: sync=failed sync_exit=255 stage=task_conditioned_tuning_completed_with_winner next_action=done live_phase=unknown round3=done,done,done,done,done,done winner=true duration=20s
[2026-06-30 22:32:46] task_conditioned refresh start :: sync_timeout=240s
[2026-06-30 22:33:50] task_conditioned refresh sync :: status=ok exit=0
[2026-06-30 22:33:53] task_conditioned refresh complete :: sync=ok sync_exit=0 stage=task_conditioned_tuning_completed_with_winner next_action=done live_phase=unknown round3=done,done,done,done,done,done winner=true duration=67s
[2026-06-30 22:44:39] task_conditioned refresh start :: sync_timeout=240s
[2026-06-30 22:45:34] task_conditioned refresh sync :: status=ok exit=0
[2026-06-30 22:45:38] task_conditioned refresh complete :: sync=ok sync_exit=0 stage=task_conditioned_tuning_completed_with_winner next_action=done live_phase=unknown round3=done,done,done,done,done,done winner=true duration=59s
[2026-06-30 22:56:21] task_conditioned refresh start :: sync_timeout=240s
[2026-06-30 22:57:15] task_conditioned refresh sync :: status=ok exit=0
[2026-06-30 22:57:17] task_conditioned refresh complete :: sync=ok sync_exit=0 stage=task_conditioned_tuning_completed_with_winner next_action=done live_phase=unknown round3=done,done,done,done,done,done winner=true duration=56s
[2026-06-30 23:08:01] task_conditioned refresh start :: sync_timeout=240s
[2026-06-30 23:08:52] task_conditioned refresh sync :: status=ok exit=0
[2026-06-30 23:08:55] task_conditioned refresh complete :: sync=ok sync_exit=0 stage=task_conditioned_tuning_completed_with_winner next_action=done live_phase=unknown round3=done,done,done,done,done,done winner=true duration=54s
[2026-06-30 23:19:36] task_conditioned refresh start :: sync_timeout=240s
[2026-06-30 23:20:29] task_conditioned refresh sync :: status=ok exit=0
[2026-06-30 23:20:32] task_conditioned refresh complete :: sync=ok sync_exit=0 stage=task_conditioned_tuning_completed_with_winner next_action=done live_phase=unknown round3=done,done,done,done,done,done winner=true duration=56s
[2026-06-30 23:31:15] task_conditioned refresh start :: sync_timeout=240s
[2026-06-30 23:32:08] task_conditioned refresh sync :: status=ok exit=0
[2026-06-30 23:32:11] task_conditioned refresh complete :: sync=ok sync_exit=0 stage=task_conditioned_tuning_completed_with_winner next_action=done live_phase=unknown round3=done,done,done,done,done,done winner=true duration=56s
[2026-06-30 23:42:54] task_conditioned refresh start :: sync_timeout=240s
[2026-06-30 23:43:47] task_conditioned refresh sync :: status=ok exit=0
[2026-06-30 23:43:50] task_conditioned refresh complete :: sync=ok sync_exit=0 stage=task_conditioned_tuning_completed_with_winner next_action=done live_phase=unknown round3=done,done,done,done,done,done winner=true duration=56s
[2026-06-30 23:54:34] task_conditioned refresh start :: sync_timeout=240s
[2026-06-30 23:55:26] task_conditioned refresh sync :: status=ok exit=0
[2026-06-30 23:55:28] task_conditioned refresh complete :: sync=ok sync_exit=0 stage=task_conditioned_tuning_completed_with_winner next_action=done live_phase=unknown round3=done,done,done,done,done,done winner=true duration=54s
[2026-07-01 00:06:13] task_conditioned refresh start :: sync_timeout=240s
[2026-07-01 00:07:05] task_conditioned refresh sync :: status=ok exit=0
[2026-07-01 00:07:08] task_conditioned refresh complete :: sync=ok sync_exit=0 stage=task_conditioned_tuning_completed_with_winner next_action=done live_phase=unknown round3=done,done,done,done,done,done winner=true duration=55s
[2026-07-01 00:17:51] task_conditioned refresh start :: sync_timeout=240s
[2026-07-01 00:18:42] task_conditioned refresh sync :: status=ok exit=0
[2026-07-01 00:18:44] task_conditioned refresh complete :: sync=ok sync_exit=0 stage=task_conditioned_tuning_completed_with_winner next_action=done live_phase=unknown round3=done,done,done,done,done,done winner=true duration=53s
[2026-07-01 00:29:30] task_conditioned refresh start :: sync_timeout=240s
[2026-07-01 00:30:19] task_conditioned refresh sync :: status=ok exit=0
[2026-07-01 00:30:21] task_conditioned refresh complete :: sync=ok sync_exit=0 stage=task_conditioned_tuning_completed_with_winner next_action=done live_phase=unknown round3=done,done,done,done,done,done winner=true duration=51s
[2026-07-01 00:41:07] task_conditioned refresh start :: sync_timeout=240s
[2026-07-01 00:41:56] task_conditioned refresh sync :: status=ok exit=0
[2026-07-01 00:42:01] task_conditioned refresh complete :: sync=ok sync_exit=0 stage=task_conditioned_tuning_completed_with_winner next_action=done live_phase=unknown round3=done,done,done,done,done,done winner=true duration=54s
[2026-07-01 00:52:45] task_conditioned refresh start :: sync_timeout=240s
[2026-07-01 00:53:36] task_conditioned refresh sync :: status=ok exit=0
[2026-07-01 00:53:39] task_conditioned refresh complete :: sync=ok sync_exit=0 stage=task_conditioned_tuning_completed_with_winner next_action=done live_phase=unknown round3=done,done,done,done,done,done winner=true duration=54s
[2026-07-01 01:04:22] task_conditioned refresh start :: sync_timeout=240s
[2026-07-01 01:05:11] task_conditioned refresh sync :: status=ok exit=0
[2026-07-01 01:05:14] task_conditioned refresh complete :: sync=ok sync_exit=0 stage=task_conditioned_tuning_completed_with_winner next_action=done live_phase=unknown round3=done,done,done,done,done,done winner=true duration=52s
[2026-07-01 01:16:00] task_conditioned refresh start :: sync_timeout=240s
[2026-07-01 01:16:49] task_conditioned refresh sync :: status=ok exit=0
[2026-07-01 01:16:54] task_conditioned refresh complete :: sync=ok sync_exit=0 stage=task_conditioned_tuning_completed_with_winner next_action=done live_phase=unknown round3=done,done,done,done,done,done winner=true duration=54s
[2026-07-01 01:27:39] task_conditioned refresh start :: sync_timeout=240s
[2026-07-01 01:28:30] task_conditioned refresh sync :: status=ok exit=0
[2026-07-01 01:28:33] task_conditioned refresh complete :: sync=ok sync_exit=0 stage=task_conditioned_tuning_completed_with_winner next_action=done live_phase=unknown round3=done,done,done,done,done,done winner=true duration=54s
[2026-07-01 01:39:21] task_conditioned refresh start :: sync_timeout=240s
[2026-07-01 01:40:10] task_conditioned refresh sync :: status=ok exit=0
[2026-07-01 01:40:13] task_conditioned refresh complete :: sync=ok sync_exit=0 stage=task_conditioned_tuning_completed_with_winner next_action=done live_phase=unknown round3=done,done,done,done,done,done winner=true duration=52s
[2026-07-01 01:50:32] task_conditioned refresh start :: sync_timeout=240s
[2026-07-01 01:51:24] task_conditioned refresh sync :: status=ok exit=0
[2026-07-01 01:51:26] task_conditioned refresh complete :: sync=ok sync_exit=0 stage=task_conditioned_tuning_completed_with_winner next_action=done live_phase=unknown round3=done,done,done,done,done,done winner=true duration=54s
[2026-07-01 02:01:35] task_conditioned refresh start :: sync_timeout=240s
[2026-07-01 02:02:26] task_conditioned refresh sync :: status=ok exit=0
[2026-07-01 02:02:29] task_conditioned refresh complete :: sync=ok sync_exit=0 stage=task_conditioned_tuning_completed_with_winner next_action=done live_phase=unknown round3=done,done,done,done,done,done winner=true duration=54s
[2026-07-01 02:12:37] task_conditioned refresh start :: sync_timeout=240s
[2026-07-01 02:13:28] task_conditioned refresh sync :: status=ok exit=0
[2026-07-01 02:13:31] task_conditioned refresh complete :: sync=ok sync_exit=0 stage=task_conditioned_tuning_completed_with_winner next_action=done live_phase=unknown round3=done,done,done,done,done,done winner=true duration=54s
[2026-07-01 02:23:39] task_conditioned refresh start :: sync_timeout=240s
[2026-07-01 02:24:30] task_conditioned refresh sync :: status=ok exit=0
[2026-07-01 02:24:32] task_conditioned refresh complete :: sync=ok sync_exit=0 stage=task_conditioned_tuning_completed_with_winner next_action=done live_phase=unknown round3=done,done,done,done,done,done winner=true duration=53s
[2026-07-01 02:34:41] task_conditioned refresh start :: sync_timeout=240s
[2026-07-01 02:35:32] task_conditioned refresh sync :: status=ok exit=0
[2026-07-01 02:35:35] task_conditioned refresh complete :: sync=ok sync_exit=0 stage=task_conditioned_tuning_completed_with_winner next_action=done live_phase=unknown round3=done,done,done,done,done,done winner=true duration=54s
[2026-07-01 02:45:43] task_conditioned refresh start :: sync_timeout=240s
[2026-07-01 02:46:34] task_conditioned refresh sync :: status=ok exit=0
[2026-07-01 02:46:36] task_conditioned refresh complete :: sync=ok sync_exit=0 stage=task_conditioned_tuning_completed_with_winner next_action=done live_phase=unknown round3=done,done,done,done,done,done winner=true duration=53s
[2026-07-01 02:56:45] task_conditioned refresh start :: sync_timeout=240s
[2026-07-01 02:57:36] task_conditioned refresh sync :: status=ok exit=0
[2026-07-01 02:57:39] task_conditioned refresh complete :: sync=ok sync_exit=0 stage=task_conditioned_tuning_completed_with_winner next_action=done live_phase=unknown round3=done,done,done,done,done,done winner=true duration=54s
[2026-07-01 03:07:47] task_conditioned refresh start :: sync_timeout=240s
[2026-07-01 03:08:38] task_conditioned refresh sync :: status=ok exit=0
[2026-07-01 03:08:41] task_conditioned refresh complete :: sync=ok sync_exit=0 stage=task_conditioned_tuning_completed_with_winner next_action=done live_phase=unknown round3=done,done,done,done,done,done winner=true duration=54s
[2026-07-01 03:18:49] task_conditioned refresh start :: sync_timeout=240s
[2026-07-01 03:19:52] task_conditioned refresh sync :: status=failed exit=255
[2026-07-01 03:19:55] task_conditioned refresh complete :: sync=failed sync_exit=255 stage=task_conditioned_tuning_completed_with_winner next_action=done live_phase=unknown round3=done,done,done,done,done,done winner=true duration=66s
[2026-07-01 03:30:03] task_conditioned refresh start :: sync_timeout=240s
[2026-07-01 03:30:53] task_conditioned refresh sync :: status=ok exit=0
[2026-07-01 03:30:56] task_conditioned refresh complete :: sync=ok sync_exit=0 stage=task_conditioned_tuning_completed_with_winner next_action=done live_phase=unknown round3=done,done,done,done,done,done winner=true duration=53s
[2026-07-01 03:41:05] task_conditioned refresh start :: sync_timeout=240s
[2026-07-01 03:41:55] task_conditioned refresh sync :: status=ok exit=0
[2026-07-01 03:41:58] task_conditioned refresh complete :: sync=ok sync_exit=0 stage=task_conditioned_tuning_completed_with_winner next_action=done live_phase=unknown round3=done,done,done,done,done,done winner=true duration=53s
[2026-07-01 03:52:06] task_conditioned refresh start :: sync_timeout=240s
[2026-07-01 03:52:57] task_conditioned refresh sync :: status=ok exit=0
[2026-07-01 03:53:00] task_conditioned refresh complete :: sync=ok sync_exit=0 stage=task_conditioned_tuning_completed_with_winner next_action=done live_phase=unknown round3=done,done,done,done,done,done winner=true duration=54s
[2026-07-01 04:03:08] task_conditioned refresh start :: sync_timeout=240s
[2026-07-01 04:03:58] task_conditioned refresh sync :: status=ok exit=0
[2026-07-01 04:04:01] task_conditioned refresh complete :: sync=ok sync_exit=0 stage=task_conditioned_tuning_completed_with_winner next_action=done live_phase=unknown round3=done,done,done,done,done,done winner=true duration=53s
[2026-07-01 04:14:09] task_conditioned refresh start :: sync_timeout=240s
[2026-07-01 04:15:01] task_conditioned refresh sync :: status=ok exit=0
[2026-07-01 04:15:03] task_conditioned refresh complete :: sync=ok sync_exit=0 stage=task_conditioned_tuning_completed_with_winner next_action=done live_phase=unknown round3=done,done,done,done,done,done winner=true duration=54s
[2026-07-01 04:25:12] task_conditioned refresh start :: sync_timeout=240s
[2026-07-01 04:26:03] task_conditioned refresh sync :: status=ok exit=0
[2026-07-01 04:26:06] task_conditioned refresh complete :: sync=ok sync_exit=0 stage=task_conditioned_tuning_completed_with_winner next_action=done live_phase=unknown round3=done,done,done,done,done,done winner=true duration=54s
[2026-07-01 04:36:14] task_conditioned refresh start :: sync_timeout=240s
[2026-07-01 04:37:05] task_conditioned refresh sync :: status=ok exit=0
[2026-07-01 04:37:08] task_conditioned refresh complete :: sync=ok sync_exit=0 stage=task_conditioned_tuning_completed_with_winner next_action=done live_phase=unknown round3=done,done,done,done,done,done winner=true duration=54s
[2026-07-01 04:47:16] task_conditioned refresh start :: sync_timeout=240s
[2026-07-01 04:48:07] task_conditioned refresh sync :: status=ok exit=0
[2026-07-01 04:48:09] task_conditioned refresh complete :: sync=ok sync_exit=0 stage=task_conditioned_tuning_completed_with_winner next_action=done live_phase=unknown round3=done,done,done,done,done,done winner=true duration=53s
[2026-07-01 04:58:18] task_conditioned refresh start :: sync_timeout=240s
[2026-07-01 04:59:09] task_conditioned refresh sync :: status=ok exit=0
[2026-07-01 04:59:11] task_conditioned refresh complete :: sync=ok sync_exit=0 stage=task_conditioned_tuning_completed_with_winner next_action=done live_phase=unknown round3=done,done,done,done,done,done winner=true duration=53s
[2026-07-01 05:09:20] task_conditioned refresh start :: sync_timeout=240s
[2026-07-01 05:10:10] task_conditioned refresh sync :: status=ok exit=0
[2026-07-01 05:10:13] task_conditioned refresh complete :: sync=ok sync_exit=0 stage=task_conditioned_tuning_completed_with_winner next_action=done live_phase=unknown round3=done,done,done,done,done,done winner=true duration=53s
[2026-07-01 05:20:21] task_conditioned refresh start :: sync_timeout=240s
[2026-07-01 05:21:13] task_conditioned refresh sync :: status=ok exit=0
[2026-07-01 05:21:15] task_conditioned refresh complete :: sync=ok sync_exit=0 stage=task_conditioned_tuning_completed_with_winner next_action=done live_phase=unknown round3=done,done,done,done,done,done winner=true duration=54s
[2026-07-01 05:31:24] task_conditioned refresh start :: sync_timeout=240s
[2026-07-01 05:32:14] task_conditioned refresh sync :: status=ok exit=0
[2026-07-01 05:32:17] task_conditioned refresh complete :: sync=ok sync_exit=0 stage=task_conditioned_tuning_completed_with_winner next_action=done live_phase=unknown round3=done,done,done,done,done,done winner=true duration=53s
[2026-07-01 05:42:25] task_conditioned refresh start :: sync_timeout=240s
[2026-07-01 05:43:16] task_conditioned refresh sync :: status=ok exit=0
[2026-07-01 05:43:19] task_conditioned refresh complete :: sync=ok sync_exit=0 stage=task_conditioned_tuning_completed_with_winner next_action=done live_phase=unknown round3=done,done,done,done,done,done winner=true duration=54s
[2026-07-01 05:53:27] task_conditioned refresh start :: sync_timeout=240s
[2026-07-01 05:54:18] task_conditioned refresh sync :: status=ok exit=0
[2026-07-01 05:54:21] task_conditioned refresh complete :: sync=ok sync_exit=0 stage=task_conditioned_tuning_completed_with_winner next_action=done live_phase=unknown round3=done,done,done,done,done,done winner=true duration=54s
[2026-07-01 06:04:29] task_conditioned refresh start :: sync_timeout=240s
[2026-07-01 06:05:30] task_conditioned refresh sync :: status=failed exit=255
[2026-07-01 06:05:33] task_conditioned refresh complete :: sync=failed sync_exit=255 stage=task_conditioned_tuning_completed_with_winner next_action=done live_phase=unknown round3=done,done,done,done,done,done winner=true duration=64s
[2026-07-01 06:15:41] task_conditioned refresh start :: sync_timeout=240s
[2026-07-01 06:16:32] task_conditioned refresh sync :: status=ok exit=0
[2026-07-01 06:16:34] task_conditioned refresh complete :: sync=ok sync_exit=0 stage=task_conditioned_tuning_completed_with_winner next_action=done live_phase=unknown round3=done,done,done,done,done,done winner=true duration=53s
[2026-07-01 06:26:43] task_conditioned refresh start :: sync_timeout=240s
[2026-07-01 06:27:34] task_conditioned refresh sync :: status=ok exit=0
[2026-07-01 06:27:37] task_conditioned refresh complete :: sync=ok sync_exit=0 stage=task_conditioned_tuning_completed_with_winner next_action=done live_phase=unknown round3=done,done,done,done,done,done winner=true duration=54s
[2026-07-01 06:37:45] task_conditioned refresh start :: sync_timeout=240s
[2026-07-01 06:38:36] task_conditioned refresh sync :: status=ok exit=0
[2026-07-01 06:38:39] task_conditioned refresh complete :: sync=ok sync_exit=0 stage=task_conditioned_tuning_completed_with_winner next_action=done live_phase=unknown round3=done,done,done,done,done,done winner=true duration=54s
[2026-07-01 06:48:47] task_conditioned refresh start :: sync_timeout=240s
[2026-07-01 06:49:38] task_conditioned refresh sync :: status=ok exit=0
[2026-07-01 06:49:40] task_conditioned refresh complete :: sync=ok sync_exit=0 stage=task_conditioned_tuning_completed_with_winner next_action=done live_phase=unknown round3=done,done,done,done,done,done winner=true duration=53s
[2026-07-01 06:59:49] task_conditioned refresh start :: sync_timeout=240s
[2026-07-01 07:00:40] task_conditioned refresh sync :: status=ok exit=0
[2026-07-01 07:00:43] task_conditioned refresh complete :: sync=ok sync_exit=0 stage=task_conditioned_tuning_completed_with_winner next_action=done live_phase=unknown round3=done,done,done,done,done,done winner=true duration=54s
[2026-07-01 07:10:51] task_conditioned refresh start :: sync_timeout=240s
[2026-07-01 07:11:43] task_conditioned refresh sync :: status=ok exit=0
[2026-07-01 07:11:45] task_conditioned refresh complete :: sync=ok sync_exit=0 stage=task_conditioned_tuning_completed_with_winner next_action=done live_phase=unknown round3=done,done,done,done,done,done winner=true duration=54s
[2026-07-01 07:21:54] task_conditioned refresh start :: sync_timeout=240s
[2026-07-01 07:22:45] task_conditioned refresh sync :: status=ok exit=0
[2026-07-01 07:22:47] task_conditioned refresh complete :: sync=ok sync_exit=0 stage=task_conditioned_tuning_completed_with_winner next_action=done live_phase=unknown round3=done,done,done,done,done,done winner=true duration=53s
[2026-07-01 07:32:56] task_conditioned refresh start :: sync_timeout=240s
[2026-07-01 07:33:47] task_conditioned refresh sync :: status=ok exit=0
[2026-07-01 07:33:49] task_conditioned refresh complete :: sync=ok sync_exit=0 stage=task_conditioned_tuning_completed_with_winner next_action=done live_phase=unknown round3=done,done,done,done,done,done winner=true duration=53s
[2026-07-01 07:43:58] task_conditioned refresh start :: sync_timeout=240s
[2026-07-01 07:44:49] task_conditioned refresh sync :: status=ok exit=0
[2026-07-01 07:44:52] task_conditioned refresh complete :: sync=ok sync_exit=0 stage=task_conditioned_tuning_completed_with_winner next_action=done live_phase=unknown round3=done,done,done,done,done,done winner=true duration=54s
[2026-07-01 07:55:00] task_conditioned refresh start :: sync_timeout=240s
[2026-07-01 07:55:51] task_conditioned refresh sync :: status=ok exit=0
[2026-07-01 07:55:54] task_conditioned refresh complete :: sync=ok sync_exit=0 stage=task_conditioned_tuning_completed_with_winner next_action=done live_phase=unknown round3=done,done,done,done,done,done winner=true duration=54s
[2026-07-01 08:06:02] task_conditioned refresh start :: sync_timeout=240s
[2026-07-01 08:06:53] task_conditioned refresh sync :: status=ok exit=0
[2026-07-01 08:06:56] task_conditioned refresh complete :: sync=ok sync_exit=0 stage=task_conditioned_tuning_completed_with_winner next_action=done live_phase=unknown round3=done,done,done,done,done,done winner=true duration=54s
[2026-07-01 08:17:04] task_conditioned refresh start :: sync_timeout=240s
[2026-07-01 08:17:55] task_conditioned refresh sync :: status=ok exit=0
[2026-07-01 08:17:58] task_conditioned refresh complete :: sync=ok sync_exit=0 stage=task_conditioned_tuning_completed_with_winner next_action=done live_phase=unknown round3=done,done,done,done,done,done winner=true duration=54s
[2026-07-01 08:28:06] task_conditioned refresh start :: sync_timeout=240s
[2026-07-01 08:28:58] task_conditioned refresh sync :: status=ok exit=0
[2026-07-01 08:29:01] task_conditioned refresh complete :: sync=ok sync_exit=0 stage=task_conditioned_tuning_completed_with_winner next_action=done live_phase=unknown round3=done,done,done,done,done,done winner=true duration=55s
[2026-07-01 08:39:09] task_conditioned refresh start :: sync_timeout=240s
[2026-07-01 08:40:01] task_conditioned refresh sync :: status=ok exit=0
[2026-07-01 08:40:04] task_conditioned refresh complete :: sync=ok sync_exit=0 stage=task_conditioned_tuning_completed_with_winner next_action=done live_phase=unknown round3=done,done,done,done,done,done winner=true duration=55s
[2026-07-01 08:50:12] task_conditioned refresh start :: sync_timeout=240s
[2026-07-01 08:51:05] task_conditioned refresh sync :: status=ok exit=0
[2026-07-01 08:51:08] task_conditioned refresh complete :: sync=ok sync_exit=0 stage=task_conditioned_tuning_completed_with_winner next_action=done live_phase=unknown round3=done,done,done,done,done,done winner=true duration=56s
[2026-07-01 09:01:16] task_conditioned refresh start :: sync_timeout=240s
[2026-07-01 09:02:09] task_conditioned refresh sync :: status=ok exit=0
[2026-07-01 09:02:11] task_conditioned refresh complete :: sync=ok sync_exit=0 stage=task_conditioned_tuning_completed_with_winner next_action=done live_phase=unknown round3=done,done,done,done,done,done winner=true duration=55s
[2026-07-01 09:12:20] task_conditioned refresh start :: sync_timeout=240s
[2026-07-01 09:13:12] task_conditioned refresh sync :: status=ok exit=0
[2026-07-01 09:13:15] task_conditioned refresh complete :: sync=ok sync_exit=0 stage=task_conditioned_tuning_completed_with_winner next_action=done live_phase=unknown round3=done,done,done,done,done,done winner=true duration=55s
[2026-07-01 09:23:23] task_conditioned refresh start :: sync_timeout=240s
[2026-07-01 09:24:15] task_conditioned refresh sync :: status=ok exit=0
[2026-07-01 09:24:18] task_conditioned refresh complete :: sync=ok sync_exit=0 stage=task_conditioned_tuning_completed_with_winner next_action=done live_phase=unknown round3=done,done,done,done,done,done winner=true duration=55s
[2026-07-01 09:34:27] task_conditioned refresh start :: sync_timeout=240s
[2026-07-01 09:35:21] task_conditioned refresh sync :: status=ok exit=0
[2026-07-01 09:35:24] task_conditioned refresh complete :: sync=ok sync_exit=0 stage=task_conditioned_tuning_completed_with_winner next_action=done live_phase=unknown round3=done,done,done,done,done,done winner=true duration=57s
[2026-07-01 09:45:32] task_conditioned refresh start :: sync_timeout=240s
[2026-07-01 09:46:27] task_conditioned refresh sync :: status=ok exit=0
[2026-07-01 09:46:30] task_conditioned refresh complete :: sync=ok sync_exit=0 stage=task_conditioned_tuning_completed_with_winner next_action=done live_phase=unknown round3=done,done,done,done,done,done winner=true duration=58s
[2026-07-01 09:56:39] task_conditioned refresh start :: sync_timeout=240s
[2026-07-01 09:57:37] task_conditioned refresh sync :: status=ok exit=0
[2026-07-01 09:57:40] task_conditioned refresh complete :: sync=ok sync_exit=0 stage=task_conditioned_tuning_completed_with_winner next_action=done live_phase=unknown round3=done,done,done,done,done,done winner=true duration=61s
[2026-07-01 10:07:48] task_conditioned refresh start :: sync_timeout=240s
[2026-07-01 10:08:39] task_conditioned refresh sync :: status=ok exit=0
[2026-07-01 10:08:42] task_conditioned refresh complete :: sync=ok sync_exit=0 stage=task_conditioned_tuning_completed_with_winner next_action=done live_phase=unknown round3=done,done,done,done,done,done winner=true duration=54s
[2026-07-01 10:18:50] task_conditioned refresh start :: sync_timeout=240s
[2026-07-01 10:19:41] task_conditioned refresh sync :: status=ok exit=0
[2026-07-01 10:19:44] task_conditioned refresh complete :: sync=ok sync_exit=0 stage=task_conditioned_tuning_completed_with_winner next_action=done live_phase=unknown round3=done,done,done,done,done,done winner=true duration=54s
[2026-07-01 10:29:52] task_conditioned refresh start :: sync_timeout=240s
[2026-07-01 10:30:44] task_conditioned refresh sync :: status=ok exit=0
[2026-07-01 10:30:46] task_conditioned refresh complete :: sync=ok sync_exit=0 stage=task_conditioned_tuning_completed_with_winner next_action=done live_phase=unknown round3=done,done,done,done,done,done winner=true duration=54s
[2026-07-01 10:40:55] task_conditioned refresh start :: sync_timeout=240s
[2026-07-01 10:41:46] task_conditioned refresh sync :: status=ok exit=0
[2026-07-01 10:41:48] task_conditioned refresh complete :: sync=ok sync_exit=0 stage=task_conditioned_tuning_completed_with_winner next_action=done live_phase=unknown round3=done,done,done,done,done,done winner=true duration=53s
[2026-07-01 10:51:57] task_conditioned refresh start :: sync_timeout=240s
[2026-07-01 10:52:48] task_conditioned refresh sync :: status=ok exit=0
[2026-07-01 10:52:50] task_conditioned refresh complete :: sync=ok sync_exit=0 stage=task_conditioned_tuning_completed_with_winner next_action=done live_phase=unknown round3=done,done,done,done,done,done winner=true duration=53s
[2026-07-01 11:02:59] task_conditioned refresh start :: sync_timeout=240s
[2026-07-01 11:03:50] task_conditioned refresh sync :: status=ok exit=0
[2026-07-01 11:03:53] task_conditioned refresh complete :: sync=ok sync_exit=0 stage=task_conditioned_tuning_completed_with_winner next_action=done live_phase=unknown round3=done,done,done,done,done,done winner=true duration=54s
[2026-07-01 11:14:01] task_conditioned refresh start :: sync_timeout=240s
[2026-07-01 11:14:53] task_conditioned refresh sync :: status=ok exit=0
[2026-07-01 11:14:55] task_conditioned refresh complete :: sync=ok sync_exit=0 stage=task_conditioned_tuning_completed_with_winner next_action=done live_phase=unknown round3=done,done,done,done,done,done winner=true duration=54s
[2026-07-01 11:25:04] task_conditioned refresh start :: sync_timeout=240s
[2026-07-01 11:25:55] task_conditioned refresh sync :: status=ok exit=0
[2026-07-01 11:25:58] task_conditioned refresh complete :: sync=ok sync_exit=0 stage=task_conditioned_tuning_completed_with_winner next_action=done live_phase=unknown round3=done,done,done,done,done,done winner=true duration=54s
[2026-07-01 11:36:07] task_conditioned refresh start :: sync_timeout=240s
[2026-07-01 11:36:57] task_conditioned refresh sync :: status=ok exit=0
[2026-07-01 11:37:00] task_conditioned refresh complete :: sync=ok sync_exit=0 stage=task_conditioned_tuning_completed_with_winner next_action=done live_phase=unknown round3=done,done,done,done,done,done winner=true duration=53s
[2026-07-01 11:47:09] task_conditioned refresh start :: sync_timeout=240s
[2026-07-01 11:48:00] task_conditioned refresh sync :: status=ok exit=0
[2026-07-01 11:48:03] task_conditioned refresh complete :: sync=ok sync_exit=0 stage=task_conditioned_tuning_completed_with_winner next_action=done live_phase=unknown round3=done,done,done,done,done,done winner=true duration=54s
[2026-07-01 11:58:16] task_conditioned refresh start :: sync_timeout=240s
[2026-07-01 11:59:07] task_conditioned refresh sync :: status=ok exit=0
[2026-07-01 11:59:10] task_conditioned refresh complete :: sync=ok sync_exit=0 stage=task_conditioned_tuning_completed_with_winner next_action=done live_phase=unknown round3=done,done,done,done,done,done winner=true duration=54s
[2026-07-01 12:09:20] task_conditioned refresh start :: sync_timeout=240s
[2026-07-01 12:10:10] task_conditioned refresh sync :: status=ok exit=0
[2026-07-01 12:10:13] task_conditioned refresh complete :: sync=ok sync_exit=0 stage=task_conditioned_tuning_completed_with_winner next_action=done live_phase=unknown round3=done,done,done,done,done,done winner=true duration=53s
[2026-07-01 12:20:24] task_conditioned refresh start :: sync_timeout=240s
[2026-07-01 12:21:15] task_conditioned refresh sync :: status=ok exit=0
[2026-07-01 12:21:18] task_conditioned refresh complete :: sync=ok sync_exit=0 stage=task_conditioned_tuning_completed_with_winner next_action=done live_phase=unknown round3=done,done,done,done,done,done winner=true duration=54s
[2026-07-01 12:31:34] task_conditioned refresh start :: sync_timeout=240s
[2026-07-01 12:32:25] task_conditioned refresh sync :: status=ok exit=0
[2026-07-01 12:32:28] task_conditioned refresh complete :: sync=ok sync_exit=0 stage=task_conditioned_tuning_completed_with_winner next_action=done live_phase=unknown round3=done,done,done,done,done,done winner=true duration=54s
[2026-07-01 12:42:46] task_conditioned refresh start :: sync_timeout=240s
[2026-07-01 12:43:38] task_conditioned refresh sync :: status=ok exit=0
[2026-07-01 12:43:41] task_conditioned refresh complete :: sync=ok sync_exit=0 stage=task_conditioned_tuning_completed_with_winner next_action=done live_phase=unknown round3=done,done,done,done,done,done winner=true duration=55s
[2026-07-01 12:54:00] task_conditioned refresh start :: sync_timeout=240s
[2026-07-01 12:54:51] task_conditioned refresh sync :: status=ok exit=0
[2026-07-01 12:54:53] task_conditioned refresh complete :: sync=ok sync_exit=0 stage=task_conditioned_tuning_completed_with_winner next_action=done live_phase=unknown round3=done,done,done,done,done,done winner=true duration=53s
[2026-07-01 13:05:13] task_conditioned refresh start :: sync_timeout=240s
[2026-07-01 13:06:04] task_conditioned refresh sync :: status=ok exit=0
[2026-07-01 13:06:07] task_conditioned refresh complete :: sync=ok sync_exit=0 stage=task_conditioned_tuning_completed_with_winner next_action=done live_phase=unknown round3=done,done,done,done,done,done winner=true duration=54s
[2026-07-01 13:16:26] task_conditioned refresh start :: sync_timeout=240s
[2026-07-01 13:17:17] task_conditioned refresh sync :: status=ok exit=0
[2026-07-01 13:17:20] task_conditioned refresh complete :: sync=ok sync_exit=0 stage=task_conditioned_tuning_completed_with_winner next_action=done live_phase=unknown round3=done,done,done,done,done,done winner=true duration=54s
[2026-07-01 13:27:40] task_conditioned refresh start :: sync_timeout=240s
[2026-07-01 13:28:31] task_conditioned refresh sync :: status=ok exit=0
[2026-07-01 13:28:34] task_conditioned refresh complete :: sync=ok sync_exit=0 stage=task_conditioned_tuning_completed_with_winner next_action=done live_phase=unknown round3=done,done,done,done,done,done winner=true duration=54s
[2026-07-01 13:38:54] task_conditioned refresh start :: sync_timeout=240s
[2026-07-01 13:39:45] task_conditioned refresh sync :: status=ok exit=0
[2026-07-01 13:39:47] task_conditioned refresh complete :: sync=ok sync_exit=0 stage=task_conditioned_tuning_completed_with_winner next_action=done live_phase=unknown round3=done,done,done,done,done,done winner=true duration=53s
[2026-07-01 13:50:08] task_conditioned refresh start :: sync_timeout=240s
[2026-07-01 13:50:59] task_conditioned refresh sync :: status=ok exit=0
[2026-07-01 13:51:02] task_conditioned refresh complete :: sync=ok sync_exit=0 stage=task_conditioned_tuning_completed_with_winner next_action=done live_phase=unknown round3=done,done,done,done,done,done winner=true duration=54s
[2026-07-01 14:01:21] task_conditioned refresh start :: sync_timeout=240s
[2026-07-01 14:02:14] task_conditioned refresh sync :: status=ok exit=0
[2026-07-01 14:02:16] task_conditioned refresh complete :: sync=ok sync_exit=0 stage=task_conditioned_tuning_completed_with_winner next_action=done live_phase=unknown round3=done,done,done,done,done,done winner=true duration=55s
[2026-07-01 14:12:34] task_conditioned refresh start :: sync_timeout=240s
[2026-07-01 14:13:25] task_conditioned refresh sync :: status=ok exit=0
[2026-07-01 14:13:28] task_conditioned refresh complete :: sync=ok sync_exit=0 stage=task_conditioned_tuning_completed_with_winner next_action=done live_phase=unknown round3=done,done,done,done,done,done winner=true duration=54s
[2026-07-01 14:23:47] task_conditioned refresh start :: sync_timeout=240s
[2026-07-01 14:24:38] task_conditioned refresh sync :: status=ok exit=0
[2026-07-01 14:24:41] task_conditioned refresh complete :: sync=ok sync_exit=0 stage=task_conditioned_tuning_completed_with_winner next_action=done live_phase=unknown round3=done,done,done,done,done,done winner=true duration=54s
[2026-07-01 14:35:01] task_conditioned refresh start :: sync_timeout=240s
[2026-07-01 14:35:51] task_conditioned refresh sync :: status=ok exit=0
[2026-07-01 14:35:55] task_conditioned refresh complete :: sync=ok sync_exit=0 stage=task_conditioned_tuning_completed_with_winner next_action=done live_phase=unknown round3=done,done,done,done,done,done winner=true duration=54s
[2026-07-01 14:46:15] task_conditioned refresh start :: sync_timeout=240s
[2026-07-01 14:47:06] task_conditioned refresh sync :: status=ok exit=0
[2026-07-01 14:47:09] task_conditioned refresh complete :: sync=ok sync_exit=0 stage=task_conditioned_tuning_completed_with_winner next_action=done live_phase=unknown round3=done,done,done,done,done,done winner=true duration=54s
[2026-07-01 14:57:30] task_conditioned refresh start :: sync_timeout=240s
[2026-07-01 14:58:21] task_conditioned refresh sync :: status=ok exit=0
[2026-07-01 14:58:23] task_conditioned refresh complete :: sync=ok sync_exit=0 stage=task_conditioned_tuning_completed_with_winner next_action=done live_phase=unknown round3=done,done,done,done,done,done winner=true duration=53s
[2026-07-01 15:08:45] task_conditioned refresh start :: sync_timeout=240s
[2026-07-01 15:09:37] task_conditioned refresh sync :: status=ok exit=0
[2026-07-01 15:09:40] task_conditioned refresh complete :: sync=ok sync_exit=0 stage=task_conditioned_tuning_completed_with_winner next_action=done live_phase=unknown round3=done,done,done,done,done,done winner=true duration=55s
[2026-07-01 15:20:01] task_conditioned refresh start :: sync_timeout=240s
[2026-07-01 15:21:10] task_conditioned refresh sync :: status=ok exit=0
[2026-07-01 15:21:13] task_conditioned refresh complete :: sync=ok sync_exit=0 stage=task_conditioned_tuning_completed_with_winner next_action=done live_phase=unknown round3=done,done,done,done,done,done winner=true duration=72s
[2026-07-01 15:31:35] task_conditioned refresh start :: sync_timeout=240s
[2026-07-01 15:32:04] task_conditioned refresh sync :: status=failed exit=255
[2026-07-01 15:32:07] task_conditioned refresh complete :: sync=failed sync_exit=255 stage=task_conditioned_tuning_completed_with_winner next_action=done live_phase=unknown round3=done,done,done,done,done,done winner=true duration=32s
[2026-07-01 15:42:29] task_conditioned refresh start :: sync_timeout=240s
[2026-07-01 15:43:19] task_conditioned refresh sync :: status=ok exit=0
[2026-07-01 15:43:22] task_conditioned refresh complete :: sync=ok sync_exit=0 stage=task_conditioned_tuning_completed_with_winner next_action=done live_phase=unknown round3=done,done,done,done,done,done winner=true duration=53s
[2026-07-01 15:53:44] task_conditioned refresh start :: sync_timeout=240s
[2026-07-01 15:54:35] task_conditioned refresh sync :: status=ok exit=0
[2026-07-01 15:54:38] task_conditioned refresh complete :: sync=ok sync_exit=0 stage=task_conditioned_tuning_completed_with_winner next_action=done live_phase=unknown round3=done,done,done,done,done,done winner=true duration=54s
[2026-07-01 16:05:00] task_conditioned refresh start :: sync_timeout=240s
[2026-07-01 16:05:52] task_conditioned refresh sync :: status=ok exit=0
[2026-07-01 16:05:54] task_conditioned refresh complete :: sync=ok sync_exit=0 stage=task_conditioned_tuning_completed_with_winner next_action=done live_phase=unknown round3=done,done,done,done,done,done winner=true duration=54s
[2026-07-01 16:16:18] task_conditioned refresh start :: sync_timeout=240s
[2026-07-01 16:17:09] task_conditioned refresh sync :: status=ok exit=0
[2026-07-01 16:17:12] task_conditioned refresh complete :: sync=ok sync_exit=0 stage=task_conditioned_tuning_completed_with_winner next_action=done live_phase=unknown round3=done,done,done,done,done,done winner=true duration=54s
[2026-07-01 16:27:34] task_conditioned refresh start :: sync_timeout=240s
[2026-07-01 16:28:26] task_conditioned refresh sync :: status=ok exit=0
[2026-07-01 16:28:29] task_conditioned refresh complete :: sync=ok sync_exit=0 stage=task_conditioned_tuning_completed_with_winner next_action=done live_phase=unknown round3=done,done,done,done,done,done winner=true duration=55s
[2026-07-01 16:38:48] task_conditioned refresh start :: sync_timeout=240s
[2026-07-01 16:39:37] task_conditioned refresh sync :: status=ok exit=0
[2026-07-01 16:39:40] task_conditioned refresh complete :: sync=ok sync_exit=0 stage=task_conditioned_tuning_completed_with_winner next_action=done live_phase=unknown round3=done,done,done,done,done,done winner=true duration=52s
[2026-07-01 16:50:01] task_conditioned refresh start :: sync_timeout=240s
[2026-07-01 16:50:52] task_conditioned refresh sync :: status=ok exit=0
[2026-07-01 16:50:55] task_conditioned refresh complete :: sync=ok sync_exit=0 stage=task_conditioned_tuning_completed_with_winner next_action=done live_phase=unknown round3=done,done,done,done,done,done winner=true duration=54s
[2026-07-01 17:01:17] task_conditioned refresh start :: sync_timeout=240s
[2026-07-01 17:02:07] task_conditioned refresh sync :: status=ok exit=0
[2026-07-01 17:02:10] task_conditioned refresh complete :: sync=ok sync_exit=0 stage=task_conditioned_tuning_completed_with_winner next_action=done live_phase=unknown round3=done,done,done,done,done,done winner=true duration=53s
[2026-07-01 17:12:33] task_conditioned refresh start :: sync_timeout=240s
[2026-07-01 17:13:24] task_conditioned refresh sync :: status=ok exit=0
[2026-07-01 17:13:27] task_conditioned refresh complete :: sync=ok sync_exit=0 stage=task_conditioned_tuning_completed_with_winner next_action=done live_phase=unknown round3=done,done,done,done,done,done winner=true duration=54s
[2026-07-01 17:23:51] task_conditioned refresh start :: sync_timeout=240s
[2026-07-01 17:24:41] task_conditioned refresh sync :: status=ok exit=0
[2026-07-01 17:24:44] task_conditioned refresh complete :: sync=ok sync_exit=0 stage=task_conditioned_tuning_completed_with_winner next_action=done live_phase=unknown round3=done,done,done,done,done,done winner=true duration=53s
[2026-07-01 17:35:08] task_conditioned refresh start :: sync_timeout=240s
[2026-07-01 17:35:59] task_conditioned refresh sync :: status=ok exit=0
[2026-07-01 17:36:02] task_conditioned refresh complete :: sync=ok sync_exit=0 stage=task_conditioned_tuning_completed_with_winner next_action=done live_phase=unknown round3=done,done,done,done,done,done winner=true duration=54s
[2026-07-01 17:46:24] task_conditioned refresh start :: sync_timeout=240s
[2026-07-01 17:46:44] task_conditioned refresh sync :: status=failed exit=255
[2026-07-01 17:46:47] task_conditioned refresh complete :: sync=failed sync_exit=255 stage=task_conditioned_tuning_completed_with_winner next_action=done live_phase=unknown round3=done,done,done,done,done,done winner=true duration=23s
[2026-07-01 17:57:07] task_conditioned refresh start :: sync_timeout=240s
[2026-07-01 17:57:57] task_conditioned refresh sync :: status=ok exit=0
[2026-07-01 17:58:00] task_conditioned refresh complete :: sync=ok sync_exit=0 stage=task_conditioned_tuning_completed_with_winner next_action=done live_phase=unknown round3=done,done,done,done,done,done winner=true duration=53s
[2026-07-01 18:08:22] task_conditioned refresh start :: sync_timeout=240s
[2026-07-01 18:09:13] task_conditioned refresh sync :: status=ok exit=0
[2026-07-01 18:09:15] task_conditioned refresh complete :: sync=ok sync_exit=0 stage=task_conditioned_tuning_completed_with_winner next_action=done live_phase=unknown round3=done,done,done,done,done,done winner=true duration=53s
[2026-07-01 18:19:38] task_conditioned refresh start :: sync_timeout=240s
[2026-07-01 18:20:30] task_conditioned refresh sync :: status=ok exit=0
[2026-07-01 18:20:32] task_conditioned refresh complete :: sync=ok sync_exit=0 stage=task_conditioned_tuning_completed_with_winner next_action=done live_phase=unknown round3=done,done,done,done,done,done winner=true duration=54s
[2026-07-01 18:30:56] task_conditioned refresh start :: sync_timeout=240s
[2026-07-01 18:31:46] task_conditioned refresh sync :: status=ok exit=0
[2026-07-01 18:31:50] task_conditioned refresh complete :: sync=ok sync_exit=0 stage=task_conditioned_tuning_completed_with_winner next_action=done live_phase=unknown round3=done,done,done,done,done,done winner=true duration=54s
[2026-07-01 18:42:14] task_conditioned refresh start :: sync_timeout=240s
[2026-07-01 18:43:05] task_conditioned refresh sync :: status=ok exit=0
[2026-07-01 18:43:08] task_conditioned refresh complete :: sync=ok sync_exit=0 stage=task_conditioned_tuning_completed_with_winner next_action=done live_phase=unknown round3=done,done,done,done,done,done winner=true duration=54s
[2026-07-01 18:53:33] task_conditioned refresh start :: sync_timeout=240s
[2026-07-01 18:54:23] task_conditioned refresh sync :: status=ok exit=0
[2026-07-01 18:54:26] task_conditioned refresh complete :: sync=ok sync_exit=0 stage=task_conditioned_tuning_completed_with_winner next_action=done live_phase=unknown round3=done,done,done,done,done,done winner=true duration=53s
[2026-07-01 19:04:50] task_conditioned refresh start :: sync_timeout=240s
[2026-07-01 19:05:41] task_conditioned refresh sync :: status=ok exit=0
[2026-07-01 19:05:44] task_conditioned refresh complete :: sync=ok sync_exit=0 stage=task_conditioned_tuning_completed_with_winner next_action=done live_phase=unknown round3=done,done,done,done,done,done winner=true duration=54s
[2026-07-01 19:16:09] task_conditioned refresh start :: sync_timeout=240s
[2026-07-01 19:17:01] task_conditioned refresh sync :: status=ok exit=0
[2026-07-01 19:17:04] task_conditioned refresh complete :: sync=ok sync_exit=0 stage=task_conditioned_tuning_completed_with_winner next_action=done live_phase=unknown round3=done,done,done,done,done,done winner=true duration=55s
[2026-07-01 19:27:30] task_conditioned refresh start :: sync_timeout=240s
[2026-07-01 19:28:26] task_conditioned refresh sync :: status=failed exit=255
[2026-07-01 19:28:29] task_conditioned refresh complete :: sync=failed sync_exit=255 stage=task_conditioned_tuning_completed_with_winner next_action=done live_phase=unknown round3=done,done,done,done,done,done winner=true duration=59s
[2026-07-01 19:38:55] task_conditioned refresh start :: sync_timeout=240s
[2026-07-01 19:39:46] task_conditioned refresh sync :: status=ok exit=0
[2026-07-01 19:39:49] task_conditioned refresh complete :: sync=ok sync_exit=0 stage=task_conditioned_tuning_completed_with_winner next_action=done live_phase=unknown round3=done,done,done,done,done,done winner=true duration=54s
[2026-07-01 19:50:16] task_conditioned refresh start :: sync_timeout=240s
[2026-07-01 19:51:07] task_conditioned refresh sync :: status=ok exit=0
[2026-07-01 19:51:10] task_conditioned refresh complete :: sync=ok sync_exit=0 stage=task_conditioned_tuning_completed_with_winner next_action=done live_phase=unknown round3=done,done,done,done,done,done winner=true duration=54s
[2026-07-01 20:01:37] task_conditioned refresh start :: sync_timeout=240s
[2026-07-01 20:02:35] task_conditioned refresh sync :: status=failed exit=255
[2026-07-01 20:02:39] task_conditioned refresh complete :: sync=failed sync_exit=255 stage=task_conditioned_tuning_completed_with_winner next_action=done live_phase=unknown round3=done,done,done,done,done,done winner=true duration=62s
[2026-07-01 20:13:05] task_conditioned refresh start :: sync_timeout=240s
[2026-07-01 20:13:56] task_conditioned refresh sync :: status=ok exit=0
[2026-07-01 20:13:59] task_conditioned refresh complete :: sync=ok sync_exit=0 stage=task_conditioned_tuning_completed_with_winner next_action=done live_phase=unknown round3=done,done,done,done,done,done winner=true duration=54s
[2026-07-01 20:24:26] task_conditioned refresh start :: sync_timeout=240s
[2026-07-01 20:25:16] task_conditioned refresh sync :: status=ok exit=0
[2026-07-01 20:25:19] task_conditioned refresh complete :: sync=ok sync_exit=0 stage=task_conditioned_tuning_completed_with_winner next_action=done live_phase=unknown round3=done,done,done,done,done,done winner=true duration=53s
[2026-07-01 20:35:46] task_conditioned refresh start :: sync_timeout=240s
[2026-07-01 20:36:37] task_conditioned refresh sync :: status=ok exit=0
[2026-07-01 20:36:39] task_conditioned refresh complete :: sync=ok sync_exit=0 stage=task_conditioned_tuning_completed_with_winner next_action=done live_phase=unknown round3=done,done,done,done,done,done winner=true duration=53s
[2026-07-01 20:47:07] task_conditioned refresh start :: sync_timeout=240s
[2026-07-01 20:47:58] task_conditioned refresh sync :: status=ok exit=0
[2026-07-01 20:48:01] task_conditioned refresh complete :: sync=ok sync_exit=0 stage=task_conditioned_tuning_completed_with_winner next_action=done live_phase=unknown round3=done,done,done,done,done,done winner=true duration=54s
[2026-07-01 20:58:29] task_conditioned refresh start :: sync_timeout=240s
[2026-07-01 20:59:19] task_conditioned refresh sync :: status=ok exit=0
[2026-07-01 20:59:22] task_conditioned refresh complete :: sync=ok sync_exit=0 stage=task_conditioned_tuning_completed_with_winner next_action=done live_phase=unknown round3=done,done,done,done,done,done winner=true duration=53s
[2026-07-01 21:09:50] task_conditioned refresh start :: sync_timeout=240s
[2026-07-01 21:10:42] task_conditioned refresh sync :: status=ok exit=0
[2026-07-01 21:10:45] task_conditioned refresh complete :: sync=ok sync_exit=0 stage=task_conditioned_tuning_completed_with_winner next_action=done live_phase=unknown round3=done,done,done,done,done,done winner=true duration=55s
[2026-07-01 21:21:12] task_conditioned refresh start :: sync_timeout=240s
[2026-07-01 21:22:03] task_conditioned refresh sync :: status=ok exit=0
[2026-07-01 21:22:06] task_conditioned refresh complete :: sync=ok sync_exit=0 stage=task_conditioned_tuning_completed_with_winner next_action=done live_phase=unknown round3=done,done,done,done,done,done winner=true duration=54s
[2026-07-01 21:32:33] task_conditioned refresh start :: sync_timeout=240s
[2026-07-01 21:33:24] task_conditioned refresh sync :: status=ok exit=0
[2026-07-01 21:33:27] task_conditioned refresh complete :: sync=ok sync_exit=0 stage=task_conditioned_tuning_completed_with_winner next_action=done live_phase=unknown round3=done,done,done,done,done,done winner=true duration=54s
[2026-07-01 21:43:56] task_conditioned refresh start :: sync_timeout=240s
[2026-07-01 21:44:39] task_conditioned refresh sync :: status=failed exit=255
[2026-07-01 21:44:42] task_conditioned refresh complete :: sync=failed sync_exit=255 stage=task_conditioned_tuning_completed_with_winner next_action=done live_phase=unknown round3=done,done,done,done,done,done winner=true duration=46s
[2026-07-01 21:55:10] task_conditioned refresh start :: sync_timeout=240s
[2026-07-01 21:56:01] task_conditioned refresh sync :: status=ok exit=0
[2026-07-01 21:56:04] task_conditioned refresh complete :: sync=ok sync_exit=0 stage=task_conditioned_tuning_completed_with_winner next_action=done live_phase=unknown round3=done,done,done,done,done,done winner=true duration=54s
[2026-07-01 22:06:30] task_conditioned refresh start :: sync_timeout=240s
[2026-07-01 22:07:22] task_conditioned refresh sync :: status=ok exit=0
[2026-07-01 22:07:25] task_conditioned refresh complete :: sync=ok sync_exit=0 stage=task_conditioned_tuning_completed_with_winner next_action=done live_phase=unknown round3=done,done,done,done,done,done winner=true duration=55s
[2026-07-01 22:17:52] task_conditioned refresh start :: sync_timeout=240s
[2026-07-01 22:18:42] task_conditioned refresh sync :: status=ok exit=0
[2026-07-01 22:18:47] task_conditioned refresh complete :: sync=ok sync_exit=0 stage=task_conditioned_tuning_completed_with_winner next_action=done live_phase=unknown round3=done,done,done,done,done,done winner=true duration=55s
[2026-07-01 22:29:16] task_conditioned refresh start :: sync_timeout=240s
[2026-07-01 22:30:08] task_conditioned refresh sync :: status=ok exit=0
[2026-07-01 22:30:11] task_conditioned refresh complete :: sync=ok sync_exit=0 stage=task_conditioned_tuning_completed_with_winner next_action=done live_phase=unknown round3=done,done,done,done,done,done winner=true duration=55s
[2026-07-01 22:40:40] task_conditioned refresh start :: sync_timeout=240s
[2026-07-01 22:41:32] task_conditioned refresh sync :: status=ok exit=0
[2026-07-01 22:41:35] task_conditioned refresh complete :: sync=ok sync_exit=0 stage=task_conditioned_tuning_completed_with_winner next_action=done live_phase=unknown round3=done,done,done,done,done,done winner=true duration=55s
[2026-07-01 22:52:08] task_conditioned refresh start :: sync_timeout=240s
[2026-07-01 22:52:58] task_conditioned refresh sync :: status=ok exit=0
[2026-07-01 22:53:01] task_conditioned refresh complete :: sync=ok sync_exit=0 stage=task_conditioned_tuning_completed_with_winner next_action=done live_phase=unknown round3=done,done,done,done,done,done winner=true duration=53s
[2026-07-01 23:03:33] task_conditioned refresh start :: sync_timeout=240s
[2026-07-01 23:04:25] task_conditioned refresh sync :: status=ok exit=0
[2026-07-01 23:04:28] task_conditioned refresh complete :: sync=ok sync_exit=0 stage=task_conditioned_tuning_completed_with_winner next_action=done live_phase=unknown round3=done,done,done,done,done,done winner=true duration=55s
[2026-07-01 23:14:56] task_conditioned refresh start :: sync_timeout=240s
[2026-07-01 23:15:47] task_conditioned refresh sync :: status=ok exit=0
[2026-07-01 23:15:50] task_conditioned refresh complete :: sync=ok sync_exit=0 stage=task_conditioned_tuning_completed_with_winner next_action=done live_phase=unknown round3=done,done,done,done,done,done winner=true duration=54s
[2026-07-01 23:26:14] task_conditioned refresh start :: sync_timeout=240s
[2026-07-01 23:27:05] task_conditioned refresh sync :: status=ok exit=0
[2026-07-01 23:27:08] task_conditioned refresh complete :: sync=ok sync_exit=0 stage=task_conditioned_tuning_completed_with_winner next_action=done live_phase=unknown round3=done,done,done,done,done,done winner=true duration=54s
[2026-07-01 23:37:35] task_conditioned refresh start :: sync_timeout=240s
[2026-07-01 23:38:26] task_conditioned refresh sync :: status=ok exit=0
[2026-07-01 23:38:29] task_conditioned refresh complete :: sync=ok sync_exit=0 stage=task_conditioned_tuning_completed_with_winner next_action=done live_phase=unknown round3=done,done,done,done,done,done winner=true duration=54s
[2026-07-01 23:48:58] task_conditioned refresh start :: sync_timeout=240s
[2026-07-01 23:49:50] task_conditioned refresh sync :: status=ok exit=0
[2026-07-01 23:49:53] task_conditioned refresh complete :: sync=ok sync_exit=0 stage=task_conditioned_tuning_completed_with_winner next_action=done live_phase=unknown round3=done,done,done,done,done,done winner=true duration=55s
[2026-07-02 00:00:22] task_conditioned refresh start :: sync_timeout=240s
[2026-07-02 00:01:14] task_conditioned refresh sync :: status=ok exit=0
[2026-07-02 00:01:16] task_conditioned refresh complete :: sync=ok sync_exit=0 stage=task_conditioned_tuning_completed_with_winner next_action=done live_phase=unknown round3=done,done,done,done,done,done winner=true duration=54s
[2026-07-02 00:11:46] task_conditioned refresh start :: sync_timeout=240s
[2026-07-02 00:12:36] task_conditioned refresh sync :: status=ok exit=0
[2026-07-02 00:12:39] task_conditioned refresh complete :: sync=ok sync_exit=0 stage=task_conditioned_tuning_completed_with_winner next_action=done live_phase=unknown round3=done,done,done,done,done,done winner=true duration=53s
[2026-07-02 00:23:10] task_conditioned refresh start :: sync_timeout=240s
[2026-07-02 00:24:02] task_conditioned refresh sync :: status=ok exit=0
[2026-07-02 00:24:04] task_conditioned refresh complete :: sync=ok sync_exit=0 stage=task_conditioned_tuning_completed_with_winner next_action=done live_phase=unknown round3=done,done,done,done,done,done winner=true duration=54s
[2026-07-02 00:34:26] task_conditioned refresh start :: sync_timeout=240s
[2026-07-02 00:35:18] task_conditioned refresh sync :: status=ok exit=0
[2026-07-02 00:35:21] task_conditioned refresh complete :: sync=ok sync_exit=0 stage=task_conditioned_tuning_completed_with_winner next_action=done live_phase=unknown round3=done,done,done,done,done,done winner=true duration=55s
[2026-07-02 00:45:47] task_conditioned refresh start :: sync_timeout=240s
[2026-07-02 00:46:38] task_conditioned refresh sync :: status=ok exit=0
[2026-07-02 00:46:42] task_conditioned refresh complete :: sync=ok sync_exit=0 stage=task_conditioned_tuning_completed_with_winner next_action=done live_phase=unknown round3=done,done,done,done,done,done winner=true duration=55s
[2026-07-02 00:57:10] task_conditioned refresh start :: sync_timeout=240s
[2026-07-02 00:58:02] task_conditioned refresh sync :: status=ok exit=0
[2026-07-02 00:58:05] task_conditioned refresh complete :: sync=ok sync_exit=0 stage=task_conditioned_tuning_completed_with_winner next_action=done live_phase=unknown round3=done,done,done,done,done,done winner=true duration=55s
[2026-07-02 01:08:35] task_conditioned refresh start :: sync_timeout=240s
[2026-07-02 01:09:26] task_conditioned refresh sync :: status=ok exit=0
[2026-07-02 01:09:29] task_conditioned refresh complete :: sync=ok sync_exit=0 stage=task_conditioned_tuning_completed_with_winner next_action=done live_phase=unknown round3=done,done,done,done,done,done winner=true duration=54s
[2026-07-02 01:20:02] task_conditioned refresh start :: sync_timeout=240s
[2026-07-02 01:20:54] task_conditioned refresh sync :: status=ok exit=0
[2026-07-02 01:20:56] task_conditioned refresh complete :: sync=ok sync_exit=0 stage=task_conditioned_tuning_completed_with_winner next_action=done live_phase=unknown round3=done,done,done,done,done,done winner=true duration=54s
[2026-07-02 01:31:29] task_conditioned refresh start :: sync_timeout=240s
[2026-07-02 01:32:20] task_conditioned refresh sync :: status=ok exit=0
[2026-07-02 01:32:23] task_conditioned refresh complete :: sync=ok sync_exit=0 stage=task_conditioned_tuning_completed_with_winner next_action=done live_phase=unknown round3=done,done,done,done,done,done winner=true duration=54s
[2026-07-02 01:42:57] task_conditioned refresh start :: sync_timeout=240s
[2026-07-02 01:43:49] task_conditioned refresh sync :: status=ok exit=0
[2026-07-02 01:43:52] task_conditioned refresh complete :: sync=ok sync_exit=0 stage=task_conditioned_tuning_completed_with_winner next_action=done live_phase=unknown round3=done,done,done,done,done,done winner=true duration=55s
[2026-07-02 01:54:21] task_conditioned refresh start :: sync_timeout=240s
[2026-07-02 01:55:11] task_conditioned refresh sync :: status=ok exit=0
[2026-07-02 01:55:14] task_conditioned refresh complete :: sync=ok sync_exit=0 stage=task_conditioned_tuning_completed_with_winner next_action=done live_phase=unknown round3=done,done,done,done,done,done winner=true duration=53s
[2026-07-02 02:05:41] task_conditioned refresh start :: sync_timeout=240s
[2026-07-02 02:06:32] task_conditioned refresh sync :: status=ok exit=0
[2026-07-02 02:06:35] task_conditioned refresh complete :: sync=ok sync_exit=0 stage=task_conditioned_tuning_completed_with_winner next_action=done live_phase=unknown round3=done,done,done,done,done,done winner=true duration=54s
[2026-07-02 02:17:05] task_conditioned refresh start :: sync_timeout=240s
[2026-07-02 02:17:55] task_conditioned refresh sync :: status=ok exit=0
[2026-07-02 02:17:58] task_conditioned refresh complete :: sync=ok sync_exit=0 stage=task_conditioned_tuning_completed_with_winner next_action=done live_phase=unknown round3=done,done,done,done,done,done winner=true duration=53s
[2026-07-02 02:28:31] task_conditioned refresh start :: sync_timeout=240s
[2026-07-02 02:29:22] task_conditioned refresh sync :: status=ok exit=0
[2026-07-02 02:29:25] task_conditioned refresh complete :: sync=ok sync_exit=0 stage=task_conditioned_tuning_completed_with_winner next_action=done live_phase=unknown round3=done,done,done,done,done,done winner=true duration=54s
[2026-07-02 02:39:57] task_conditioned refresh start :: sync_timeout=240s
[2026-07-02 02:40:49] task_conditioned refresh sync :: status=ok exit=0
[2026-07-02 02:40:51] task_conditioned refresh complete :: sync=ok sync_exit=0 stage=task_conditioned_tuning_completed_with_winner next_action=done live_phase=unknown round3=done,done,done,done,done,done winner=true duration=54s
[2026-07-02 02:51:25] task_conditioned refresh start :: sync_timeout=240s
[2026-07-02 02:51:45] task_conditioned refresh sync :: status=failed exit=255
[2026-07-02 02:51:50] task_conditioned refresh complete :: sync=failed sync_exit=255 stage=task_conditioned_tuning_completed_with_winner next_action=done live_phase=unknown round3=done,done,done,done,done,done winner=true duration=25s
[2026-07-02 03:02:23] task_conditioned refresh start :: sync_timeout=240s
[2026-07-02 03:03:15] task_conditioned refresh sync :: status=ok exit=0
[2026-07-02 03:03:18] task_conditioned refresh complete :: sync=ok sync_exit=0 stage=task_conditioned_tuning_completed_with_winner next_action=done live_phase=unknown round3=done,done,done,done,done,done winner=true duration=55s
[2026-07-02 03:13:53] task_conditioned refresh start :: sync_timeout=240s
[2026-07-02 03:14:44] task_conditioned refresh sync :: status=ok exit=0
[2026-07-02 03:14:47] task_conditioned refresh complete :: sync=ok sync_exit=0 stage=task_conditioned_tuning_completed_with_winner next_action=done live_phase=unknown round3=done,done,done,done,done,done winner=true duration=54s
[2026-07-02 03:25:20] task_conditioned refresh start :: sync_timeout=240s
[2026-07-02 03:26:12] task_conditioned refresh sync :: status=ok exit=0
[2026-07-02 03:26:14] task_conditioned refresh complete :: sync=ok sync_exit=0 stage=task_conditioned_tuning_completed_with_winner next_action=done live_phase=unknown round3=done,done,done,done,done,done winner=true duration=54s
[2026-07-02 03:36:48] task_conditioned refresh start :: sync_timeout=240s
[2026-07-02 03:37:38] task_conditioned refresh sync :: status=ok exit=0
[2026-07-02 03:37:41] task_conditioned refresh complete :: sync=ok sync_exit=0 stage=task_conditioned_tuning_completed_with_winner next_action=done live_phase=unknown round3=done,done,done,done,done,done winner=true duration=53s
[2026-07-02 03:48:16] task_conditioned refresh start :: sync_timeout=240s
[2026-07-02 03:49:08] task_conditioned refresh sync :: status=ok exit=0
[2026-07-02 03:49:10] task_conditioned refresh complete :: sync=ok sync_exit=0 stage=task_conditioned_tuning_completed_with_winner next_action=done live_phase=unknown round3=done,done,done,done,done,done winner=true duration=54s
[2026-07-02 03:59:45] task_conditioned refresh start :: sync_timeout=240s
[2026-07-02 04:00:35] task_conditioned refresh sync :: status=ok exit=0
[2026-07-02 04:00:38] task_conditioned refresh complete :: sync=ok sync_exit=0 stage=task_conditioned_tuning_completed_with_winner next_action=done live_phase=unknown round3=done,done,done,done,done,done winner=true duration=53s
[2026-07-02 04:11:14] task_conditioned refresh start :: sync_timeout=240s
[2026-07-02 04:12:06] task_conditioned refresh sync :: status=ok exit=0
[2026-07-02 04:12:09] task_conditioned refresh complete :: sync=ok sync_exit=0 stage=task_conditioned_tuning_completed_with_winner next_action=done live_phase=unknown round3=done,done,done,done,done,done winner=true duration=55s
[2026-07-02 04:22:43] task_conditioned refresh start :: sync_timeout=240s
[2026-07-02 04:23:35] task_conditioned refresh sync :: status=ok exit=0
[2026-07-02 04:23:37] task_conditioned refresh complete :: sync=ok sync_exit=0 stage=task_conditioned_tuning_completed_with_winner next_action=done live_phase=unknown round3=done,done,done,done,done,done winner=true duration=54s
[2026-07-02 04:34:12] task_conditioned refresh start :: sync_timeout=240s
[2026-07-02 04:35:02] task_conditioned refresh sync :: status=ok exit=0
[2026-07-02 04:35:04] task_conditioned refresh complete :: sync=ok sync_exit=0 stage=task_conditioned_tuning_completed_with_winner next_action=done live_phase=unknown round3=done,done,done,done,done,done winner=true duration=52s
[2026-07-02 04:45:40] task_conditioned refresh start :: sync_timeout=240s
[2026-07-02 04:46:32] task_conditioned refresh sync :: status=ok exit=0
[2026-07-02 04:46:34] task_conditioned refresh complete :: sync=ok sync_exit=0 stage=task_conditioned_tuning_completed_with_winner next_action=done live_phase=unknown round3=done,done,done,done,done,done winner=true duration=54s
[2026-07-02 04:57:10] task_conditioned refresh start :: sync_timeout=240s
[2026-07-02 04:58:00] task_conditioned refresh sync :: status=ok exit=0
[2026-07-02 04:58:03] task_conditioned refresh complete :: sync=ok sync_exit=0 stage=task_conditioned_tuning_completed_with_winner next_action=done live_phase=unknown round3=done,done,done,done,done,done winner=true duration=53s
[2026-07-02 05:08:39] task_conditioned refresh start :: sync_timeout=240s
[2026-07-02 05:09:32] task_conditioned refresh sync :: status=ok exit=0
[2026-07-02 05:09:35] task_conditioned refresh complete :: sync=ok sync_exit=0 stage=task_conditioned_tuning_completed_with_winner next_action=done live_phase=unknown round3=done,done,done,done,done,done winner=true duration=56s
[2026-07-02 05:20:10] task_conditioned refresh start :: sync_timeout=240s
[2026-07-02 05:20:59] task_conditioned refresh sync :: status=ok exit=0
[2026-07-02 05:21:02] task_conditioned refresh complete :: sync=ok sync_exit=0 stage=task_conditioned_tuning_completed_with_winner next_action=done live_phase=unknown round3=done,done,done,done,done,done winner=true duration=52s
[2026-07-02 05:31:30] task_conditioned refresh start :: sync_timeout=240s
[2026-07-02 05:32:20] task_conditioned refresh sync :: status=ok exit=0
[2026-07-02 05:32:24] task_conditioned refresh complete :: sync=ok sync_exit=0 stage=task_conditioned_tuning_completed_with_winner next_action=done live_phase=unknown round3=done,done,done,done,done,done winner=true duration=54s
[2026-07-02 05:42:51] task_conditioned refresh start :: sync_timeout=240s
[2026-07-02 05:43:42] task_conditioned refresh sync :: status=ok exit=0
[2026-07-02 05:43:45] task_conditioned refresh complete :: sync=ok sync_exit=0 stage=task_conditioned_tuning_completed_with_winner next_action=done live_phase=unknown round3=done,done,done,done,done,done winner=true duration=54s
[2026-07-02 05:54:13] task_conditioned refresh start :: sync_timeout=240s
[2026-07-02 05:55:03] task_conditioned refresh sync :: status=ok exit=0
[2026-07-02 05:55:06] task_conditioned refresh complete :: sync=ok sync_exit=0 stage=task_conditioned_tuning_completed_with_winner next_action=done live_phase=unknown round3=done,done,done,done,done,done winner=true duration=53s
[2026-07-02 06:05:40] task_conditioned refresh start :: sync_timeout=240s
[2026-07-02 06:06:31] task_conditioned refresh sync :: status=ok exit=0
[2026-07-02 06:06:34] task_conditioned refresh complete :: sync=ok sync_exit=0 stage=task_conditioned_tuning_completed_with_winner next_action=done live_phase=unknown round3=done,done,done,done,done,done winner=true duration=54s
[2026-07-02 06:17:11] task_conditioned refresh start :: sync_timeout=240s
[2026-07-02 06:18:01] task_conditioned refresh sync :: status=ok exit=0
[2026-07-02 06:18:03] task_conditioned refresh complete :: sync=ok sync_exit=0 stage=task_conditioned_tuning_completed_with_winner next_action=done live_phase=unknown round3=done,done,done,done,done,done winner=true duration=52s
[2026-07-02 06:28:40] task_conditioned refresh start :: sync_timeout=240s
[2026-07-02 06:29:32] task_conditioned refresh sync :: status=ok exit=0
[2026-07-02 06:29:35] task_conditioned refresh complete :: sync=ok sync_exit=0 stage=task_conditioned_tuning_completed_with_winner next_action=done live_phase=unknown round3=done,done,done,done,done,done winner=true duration=55s
[2026-07-02 06:40:12] task_conditioned refresh start :: sync_timeout=240s
[2026-07-02 06:41:03] task_conditioned refresh sync :: status=ok exit=0
[2026-07-02 06:41:05] task_conditioned refresh complete :: sync=ok sync_exit=0 stage=task_conditioned_tuning_completed_with_winner next_action=done live_phase=unknown round3=done,done,done,done,done,done winner=true duration=53s
[2026-07-02 06:51:43] task_conditioned refresh start :: sync_timeout=240s
[2026-07-02 06:52:35] task_conditioned refresh sync :: status=ok exit=0
[2026-07-02 06:52:38] task_conditioned refresh complete :: sync=ok sync_exit=0 stage=task_conditioned_tuning_completed_with_winner next_action=done live_phase=unknown round3=done,done,done,done,done,done winner=true duration=55s
[2026-07-02 07:03:14] task_conditioned refresh start :: sync_timeout=240s
[2026-07-02 07:04:07] task_conditioned refresh sync :: status=ok exit=0
[2026-07-02 07:04:09] task_conditioned refresh complete :: sync=ok sync_exit=0 stage=task_conditioned_tuning_completed_with_winner next_action=done live_phase=unknown round3=done,done,done,done,done,done winner=true duration=55s
[2026-07-02 07:14:47] task_conditioned refresh start :: sync_timeout=240s
[2026-07-02 07:15:37] task_conditioned refresh sync :: status=ok exit=0
[2026-07-02 07:15:40] task_conditioned refresh complete :: sync=ok sync_exit=0 stage=task_conditioned_tuning_completed_with_winner next_action=done live_phase=unknown round3=done,done,done,done,done,done winner=true duration=53s
[2026-07-02 07:26:17] task_conditioned refresh start :: sync_timeout=240s
[2026-07-02 07:27:09] task_conditioned refresh sync :: status=ok exit=0
[2026-07-02 07:27:11] task_conditioned refresh complete :: sync=ok sync_exit=0 stage=task_conditioned_tuning_completed_with_winner next_action=done live_phase=unknown round3=done,done,done,done,done,done winner=true duration=54s
[2026-07-02 07:37:49] task_conditioned refresh start :: sync_timeout=240s
[2026-07-02 07:38:39] task_conditioned refresh sync :: status=ok exit=0
[2026-07-02 07:38:42] task_conditioned refresh complete :: sync=ok sync_exit=0 stage=task_conditioned_tuning_completed_with_winner next_action=done live_phase=unknown round3=done,done,done,done,done,done winner=true duration=53s
[2026-07-02 07:49:21] task_conditioned refresh start :: sync_timeout=240s
[2026-07-02 07:50:12] task_conditioned refresh sync :: status=ok exit=0
[2026-07-02 07:50:15] task_conditioned refresh complete :: sync=ok sync_exit=0 stage=task_conditioned_tuning_completed_with_winner next_action=done live_phase=unknown round3=done,done,done,done,done,done winner=true duration=54s
[2026-07-02 08:00:54] task_conditioned refresh start :: sync_timeout=240s
[2026-07-02 08:01:43] task_conditioned refresh sync :: status=ok exit=0
[2026-07-02 08:01:46] task_conditioned refresh complete :: sync=ok sync_exit=0 stage=task_conditioned_tuning_completed_with_winner next_action=done live_phase=unknown round3=done,done,done,done,done,done winner=true duration=52s
[2026-07-02 08:12:23] task_conditioned refresh start :: sync_timeout=240s
[2026-07-02 08:13:18] task_conditioned refresh sync :: status=ok exit=0
[2026-07-02 08:13:21] task_conditioned refresh complete :: sync=ok sync_exit=0 stage=task_conditioned_tuning_completed_with_winner next_action=done live_phase=unknown round3=done,done,done,done,done,done winner=true duration=58s
[2026-07-02 08:23:57] task_conditioned refresh start :: sync_timeout=240s
[2026-07-02 08:24:49] task_conditioned refresh sync :: status=ok exit=0
[2026-07-02 08:24:52] task_conditioned refresh complete :: sync=ok sync_exit=0 stage=task_conditioned_tuning_completed_with_winner next_action=done live_phase=unknown round3=done,done,done,done,done,done winner=true duration=55s
[2026-07-02 08:35:30] task_conditioned refresh start :: sync_timeout=240s
[2026-07-02 08:36:21] task_conditioned refresh sync :: status=ok exit=0
[2026-07-02 08:36:24] task_conditioned refresh complete :: sync=ok sync_exit=0 stage=task_conditioned_tuning_completed_with_winner next_action=done live_phase=unknown round3=done,done,done,done,done,done winner=true duration=54s
[2026-07-02 08:47:03] task_conditioned refresh start :: sync_timeout=240s
[2026-07-02 08:47:55] task_conditioned refresh sync :: status=ok exit=0
[2026-07-02 08:47:58] task_conditioned refresh complete :: sync=ok sync_exit=0 stage=task_conditioned_tuning_completed_with_winner next_action=done live_phase=unknown round3=done,done,done,done,done,done winner=true duration=55s
[2026-07-02 08:58:37] task_conditioned refresh start :: sync_timeout=240s
[2026-07-02 08:59:28] task_conditioned refresh sync :: status=ok exit=0
[2026-07-02 08:59:31] task_conditioned refresh complete :: sync=ok sync_exit=0 stage=task_conditioned_tuning_completed_with_winner next_action=done live_phase=unknown round3=done,done,done,done,done,done winner=true duration=54s
[2026-07-02 09:10:10] task_conditioned refresh start :: sync_timeout=240s
[2026-07-02 09:11:07] task_conditioned refresh sync :: status=ok exit=0
[2026-07-02 09:11:10] task_conditioned refresh complete :: sync=ok sync_exit=0 stage=task_conditioned_tuning_completed_with_winner next_action=done live_phase=unknown round3=done,done,done,done,done,done winner=true duration=60s
[2026-07-02 09:21:49] task_conditioned refresh start :: sync_timeout=240s
[2026-07-02 09:22:41] task_conditioned refresh sync :: status=ok exit=0
[2026-07-02 09:22:44] task_conditioned refresh complete :: sync=ok sync_exit=0 stage=task_conditioned_tuning_completed_with_winner next_action=done live_phase=unknown round3=done,done,done,done,done,done winner=true duration=55s
[2026-07-02 09:33:23] task_conditioned refresh start :: sync_timeout=240s
[2026-07-02 09:34:18] task_conditioned refresh sync :: status=ok exit=0
[2026-07-02 09:34:21] task_conditioned refresh complete :: sync=ok sync_exit=0 stage=task_conditioned_tuning_completed_with_winner next_action=done live_phase=unknown round3=done,done,done,done,done,done winner=true duration=58s
[2026-07-02 09:45:00] task_conditioned refresh start :: sync_timeout=240s
[2026-07-02 09:45:52] task_conditioned refresh sync :: status=ok exit=0
[2026-07-02 09:45:55] task_conditioned refresh complete :: sync=ok sync_exit=0 stage=task_conditioned_tuning_completed_with_winner next_action=done live_phase=unknown round3=done,done,done,done,done,done winner=true duration=55s
[2026-07-02 09:56:35] task_conditioned refresh start :: sync_timeout=240s
[2026-07-02 09:56:53] task_conditioned refresh sync :: status=failed exit=255
[2026-07-02 09:56:56] task_conditioned refresh complete :: sync=failed sync_exit=255 stage=task_conditioned_tuning_completed_with_winner next_action=done live_phase=unknown round3=done,done,done,done,done,done winner=true duration=21s
[2026-07-02 10:07:36] task_conditioned refresh start :: sync_timeout=240s
[2026-07-02 10:08:28] task_conditioned refresh sync :: status=ok exit=0
[2026-07-02 10:08:31] task_conditioned refresh complete :: sync=ok sync_exit=0 stage=task_conditioned_tuning_completed_with_winner next_action=done live_phase=unknown round3=done,done,done,done,done,done winner=true duration=55s
[2026-07-02 10:19:12] task_conditioned refresh start :: sync_timeout=240s
[2026-07-02 10:20:08] task_conditioned refresh sync :: status=ok exit=0
[2026-07-02 10:20:11] task_conditioned refresh complete :: sync=ok sync_exit=0 stage=task_conditioned_tuning_completed_with_winner next_action=done live_phase=unknown round3=done,done,done,done,done,done winner=true duration=59s
[2026-07-02 10:30:51] task_conditioned refresh start :: sync_timeout=240s
[2026-07-02 10:31:45] task_conditioned refresh sync :: status=ok exit=0
[2026-07-02 10:31:48] task_conditioned refresh complete :: sync=ok sync_exit=0 stage=task_conditioned_tuning_completed_with_winner next_action=done live_phase=unknown round3=done,done,done,done,done,done winner=true duration=57s
[2026-07-02 10:42:28] task_conditioned refresh start :: sync_timeout=240s
[2026-07-02 10:43:22] task_conditioned refresh sync :: status=ok exit=0
[2026-07-02 10:43:24] task_conditioned refresh complete :: sync=ok sync_exit=0 stage=task_conditioned_tuning_completed_with_winner next_action=done live_phase=unknown round3=done,done,done,done,done,done winner=true duration=56s
[2026-07-02 10:54:01] task_conditioned refresh start :: sync_timeout=240s
[2026-07-02 10:54:54] task_conditioned refresh sync :: status=ok exit=0
[2026-07-02 10:54:57] task_conditioned refresh complete :: sync=ok sync_exit=0 stage=task_conditioned_tuning_completed_with_winner next_action=done live_phase=unknown round3=done,done,done,done,done,done winner=true duration=56s
[2026-07-02 11:05:38] task_conditioned refresh start :: sync_timeout=240s
[2026-07-02 11:06:32] task_conditioned refresh sync :: status=ok exit=0
[2026-07-02 11:06:35] task_conditioned refresh complete :: sync=ok sync_exit=0 stage=task_conditioned_tuning_completed_with_winner next_action=done live_phase=unknown round3=done,done,done,done,done,done winner=true duration=57s
[2026-07-02 11:17:16] task_conditioned refresh start :: sync_timeout=240s
[2026-07-02 11:18:10] task_conditioned refresh sync :: status=ok exit=0
[2026-07-02 11:18:12] task_conditioned refresh complete :: sync=ok sync_exit=0 stage=task_conditioned_tuning_completed_with_winner next_action=done live_phase=unknown round3=done,done,done,done,done,done winner=true duration=56s
[2026-07-02 11:28:53] task_conditioned refresh start :: sync_timeout=240s
[2026-07-02 11:29:49] task_conditioned refresh sync :: status=ok exit=0
[2026-07-02 11:29:52] task_conditioned refresh complete :: sync=ok sync_exit=0 stage=task_conditioned_tuning_completed_with_winner next_action=done live_phase=unknown round3=done,done,done,done,done,done winner=true duration=59s
[2026-07-02 11:40:35] task_conditioned refresh start :: sync_timeout=240s
[2026-07-02 11:41:29] task_conditioned refresh sync :: status=ok exit=0
[2026-07-02 11:41:32] task_conditioned refresh complete :: sync=ok sync_exit=0 stage=task_conditioned_tuning_completed_with_winner next_action=done live_phase=unknown round3=done,done,done,done,done,done winner=true duration=57s
[2026-07-02 11:52:15] task_conditioned refresh start :: sync_timeout=240s
[2026-07-02 11:53:09] task_conditioned refresh sync :: status=ok exit=0
[2026-07-02 11:53:12] task_conditioned refresh complete :: sync=ok sync_exit=0 stage=task_conditioned_tuning_completed_with_winner next_action=done live_phase=unknown round3=done,done,done,done,done,done winner=true duration=57s
[2026-07-02 12:03:55] task_conditioned refresh start :: sync_timeout=240s
[2026-07-02 12:04:49] task_conditioned refresh sync :: status=ok exit=0
[2026-07-02 12:04:52] task_conditioned refresh complete :: sync=ok sync_exit=0 stage=task_conditioned_tuning_completed_with_winner next_action=done live_phase=unknown round3=done,done,done,done,done,done winner=true duration=57s
[2026-07-02 12:15:35] task_conditioned refresh start :: sync_timeout=240s
[2026-07-02 12:16:32] task_conditioned refresh sync :: status=ok exit=0
[2026-07-02 12:16:35] task_conditioned refresh complete :: sync=ok sync_exit=0 stage=task_conditioned_tuning_completed_with_winner next_action=done live_phase=unknown round3=done,done,done,done,done,done winner=true duration=60s
[2026-07-02 12:27:18] task_conditioned refresh start :: sync_timeout=240s
[2026-07-02 12:28:17] task_conditioned refresh sync :: status=ok exit=0
[2026-07-02 12:28:20] task_conditioned refresh complete :: sync=ok sync_exit=0 stage=task_conditioned_tuning_completed_with_winner next_action=done live_phase=unknown round3=done,done,done,done,done,done winner=true duration=62s
[2026-07-02 12:38:59] task_conditioned refresh start :: sync_timeout=240s
[2026-07-02 12:39:54] task_conditioned refresh sync :: status=ok exit=0
[2026-07-02 12:39:56] task_conditioned refresh complete :: sync=ok sync_exit=0 stage=task_conditioned_tuning_completed_with_winner next_action=done live_phase=unknown round3=done,done,done,done,done,done winner=true duration=57s
[2026-07-02 12:50:39] task_conditioned refresh start :: sync_timeout=240s
[2026-07-02 12:51:37] task_conditioned refresh sync :: status=ok exit=0
[2026-07-02 12:51:39] task_conditioned refresh complete :: sync=ok sync_exit=0 stage=task_conditioned_tuning_completed_with_winner next_action=done live_phase=unknown round3=done,done,done,done,done,done winner=true duration=60s
[2026-07-02 13:02:22] task_conditioned refresh start :: sync_timeout=240s
[2026-07-02 13:03:17] task_conditioned refresh sync :: status=ok exit=0
[2026-07-02 13:03:19] task_conditioned refresh complete :: sync=ok sync_exit=0 stage=task_conditioned_tuning_completed_with_winner next_action=done live_phase=unknown round3=done,done,done,done,done,done winner=true duration=57s
[2026-07-02 13:14:01] task_conditioned refresh start :: sync_timeout=240s
[2026-07-02 13:14:58] task_conditioned refresh sync :: status=ok exit=0
[2026-07-02 13:15:01] task_conditioned refresh complete :: sync=ok sync_exit=0 stage=task_conditioned_tuning_completed_with_winner next_action=done live_phase=unknown round3=done,done,done,done,done,done winner=true duration=60s
[2026-07-02 13:25:44] task_conditioned refresh start :: sync_timeout=240s
[2026-07-02 13:26:39] task_conditioned refresh sync :: status=ok exit=0
[2026-07-02 13:26:41] task_conditioned refresh complete :: sync=ok sync_exit=0 stage=task_conditioned_tuning_completed_with_winner next_action=done live_phase=unknown round3=done,done,done,done,done,done winner=true duration=57s
[2026-07-02 13:37:23] task_conditioned refresh start :: sync_timeout=240s
[2026-07-02 13:38:23] task_conditioned refresh sync :: status=ok exit=0
[2026-07-02 13:38:25] task_conditioned refresh complete :: sync=ok sync_exit=0 stage=task_conditioned_tuning_completed_with_winner next_action=done live_phase=unknown round3=done,done,done,done,done,done winner=true duration=62s
[2026-07-02 13:49:07] task_conditioned refresh start :: sync_timeout=240s
[2026-07-02 13:50:02] task_conditioned refresh sync :: status=ok exit=0
[2026-07-02 13:50:07] task_conditioned refresh complete :: sync=ok sync_exit=0 stage=task_conditioned_tuning_completed_with_winner next_action=done live_phase=unknown round3=done,done,done,done,done,done winner=true duration=60s
[2026-07-02 14:00:48] task_conditioned refresh start :: sync_timeout=240s
[2026-07-02 14:01:48] task_conditioned refresh sync :: status=ok exit=0
[2026-07-02 14:01:50] task_conditioned refresh complete :: sync=ok sync_exit=0 stage=task_conditioned_tuning_completed_with_winner next_action=done live_phase=unknown round3=done,done,done,done,done,done winner=true duration=62s
[2026-07-02 14:12:34] task_conditioned refresh start :: sync_timeout=240s
[2026-07-02 14:13:00] task_conditioned refresh sync :: status=failed exit=255
[2026-07-02 14:13:03] task_conditioned refresh complete :: sync=failed sync_exit=255 stage=task_conditioned_tuning_completed_with_winner next_action=done live_phase=unknown round3=done,done,done,done,done,done winner=true duration=29s
[2026-07-02 14:23:47] task_conditioned refresh start :: sync_timeout=240s
[2026-07-02 14:24:45] task_conditioned refresh sync :: status=ok exit=0
[2026-07-02 14:24:48] task_conditioned refresh complete :: sync=ok sync_exit=0 stage=task_conditioned_tuning_completed_with_winner next_action=done live_phase=unknown round3=done,done,done,done,done,done winner=true duration=61s
[2026-07-02 14:35:34] task_conditioned refresh start :: sync_timeout=240s
[2026-07-02 14:36:33] task_conditioned refresh sync :: status=ok exit=0
[2026-07-02 14:36:36] task_conditioned refresh complete :: sync=ok sync_exit=0 stage=task_conditioned_tuning_completed_with_winner next_action=done live_phase=unknown round3=done,done,done,done,done,done winner=true duration=62s
[2026-07-02 14:47:22] task_conditioned refresh start :: sync_timeout=240s
[2026-07-02 14:48:15] task_conditioned refresh sync :: status=ok exit=0
[2026-07-02 14:48:18] task_conditioned refresh complete :: sync=ok sync_exit=0 stage=task_conditioned_tuning_completed_with_winner next_action=done live_phase=unknown round3=done,done,done,done,done,done winner=true duration=56s
[2026-07-02 14:58:53] task_conditioned refresh start :: sync_timeout=240s
[2026-07-02 14:59:49] task_conditioned refresh sync :: status=ok exit=0
[2026-07-02 14:59:52] task_conditioned refresh complete :: sync=ok sync_exit=0 stage=task_conditioned_tuning_completed_with_winner next_action=done live_phase=unknown round3=done,done,done,done,done,done winner=true duration=59s
[2026-07-02 15:10:29] task_conditioned refresh start :: sync_timeout=240s
[2026-07-02 15:11:25] task_conditioned refresh sync :: status=ok exit=0
[2026-07-02 15:11:28] task_conditioned refresh complete :: sync=ok sync_exit=0 stage=task_conditioned_tuning_completed_with_winner next_action=done live_phase=unknown round3=done,done,done,done,done,done winner=true duration=59s
[2026-07-02 15:22:09] task_conditioned refresh start :: sync_timeout=240s
[2026-07-02 15:23:12] task_conditioned refresh sync :: status=ok exit=0
[2026-07-02 15:23:14] task_conditioned refresh complete :: sync=ok sync_exit=0 stage=task_conditioned_tuning_completed_with_winner next_action=done live_phase=unknown round3=done,done,done,done,done,done winner=true duration=65s
[2026-07-02 15:34:00] task_conditioned refresh start :: sync_timeout=240s
[2026-07-02 15:34:58] task_conditioned refresh sync :: status=ok exit=0
[2026-07-02 15:35:00] task_conditioned refresh complete :: sync=ok sync_exit=0 stage=task_conditioned_tuning_completed_with_winner next_action=done live_phase=unknown round3=done,done,done,done,done,done winner=true duration=60s
[2026-07-02 15:45:46] task_conditioned refresh start :: sync_timeout=240s
[2026-07-02 15:46:46] task_conditioned refresh sync :: status=ok exit=0
[2026-07-02 15:46:50] task_conditioned refresh complete :: sync=ok sync_exit=0 stage=task_conditioned_tuning_completed_with_winner next_action=done live_phase=unknown round3=done,done,done,done,done,done winner=true duration=64s
[2026-07-02 15:57:35] task_conditioned refresh start :: sync_timeout=240s
[2026-07-02 15:58:36] task_conditioned refresh sync :: status=ok exit=0
[2026-07-02 15:58:39] task_conditioned refresh complete :: sync=ok sync_exit=0 stage=task_conditioned_tuning_completed_with_winner next_action=done live_phase=unknown round3=done,done,done,done,done,done winner=true duration=64s
[2026-07-02 16:09:25] task_conditioned refresh start :: sync_timeout=240s
[2026-07-02 16:10:18] task_conditioned refresh sync :: status=ok exit=0
[2026-07-02 16:10:21] task_conditioned refresh complete :: sync=ok sync_exit=0 stage=task_conditioned_tuning_completed_with_winner next_action=done live_phase=unknown round3=done,done,done,done,done,done winner=true duration=56s
[2026-07-02 16:21:01] task_conditioned refresh start :: sync_timeout=240s
[2026-07-02 16:21:56] task_conditioned refresh sync :: status=ok exit=0
[2026-07-02 16:21:58] task_conditioned refresh complete :: sync=ok sync_exit=0 stage=task_conditioned_tuning_completed_with_winner next_action=done live_phase=unknown round3=done,done,done,done,done,done winner=true duration=57s
[2026-07-02 16:32:41] task_conditioned refresh start :: sync_timeout=240s
[2026-07-02 16:33:36] task_conditioned refresh sync :: status=ok exit=0
[2026-07-02 16:33:39] task_conditioned refresh complete :: sync=ok sync_exit=0 stage=task_conditioned_tuning_completed_with_winner next_action=done live_phase=unknown round3=done,done,done,done,done,done winner=true duration=58s
[2026-07-02 16:44:22] task_conditioned refresh start :: sync_timeout=240s
[2026-07-02 16:45:23] task_conditioned refresh sync :: status=ok exit=0
[2026-07-02 16:45:26] task_conditioned refresh complete :: sync=ok sync_exit=0 stage=task_conditioned_tuning_completed_with_winner next_action=done live_phase=unknown round3=done,done,done,done,done,done winner=true duration=64s
[2026-07-02 16:56:14] task_conditioned refresh start :: sync_timeout=240s
[2026-07-02 16:57:14] task_conditioned refresh sync :: status=ok exit=0
[2026-07-02 16:57:19] task_conditioned refresh complete :: sync=ok sync_exit=0 stage=task_conditioned_tuning_completed_with_winner next_action=done live_phase=unknown round3=done,done,done,done,done,done winner=true duration=65s
[2026-07-02 17:08:05] task_conditioned refresh start :: sync_timeout=240s
[2026-07-02 17:09:00] task_conditioned refresh sync :: status=ok exit=0
[2026-07-02 17:09:02] task_conditioned refresh complete :: sync=ok sync_exit=0 stage=task_conditioned_tuning_completed_with_winner next_action=done live_phase=unknown round3=done,done,done,done,done,done winner=true duration=57s
[2026-07-02 17:19:51] task_conditioned refresh start :: sync_timeout=240s
[2026-07-02 17:20:44] task_conditioned refresh sync :: status=ok exit=0
[2026-07-02 17:20:49] task_conditioned refresh complete :: sync=ok sync_exit=0 stage=task_conditioned_tuning_completed_with_winner next_action=done live_phase=unknown round3=done,done,done,done,done,done winner=true duration=58s
[2026-07-02 17:31:35] task_conditioned refresh start :: sync_timeout=240s
[2026-07-02 17:32:30] task_conditioned refresh sync :: status=ok exit=0
[2026-07-02 17:32:32] task_conditioned refresh complete :: sync=ok sync_exit=0 stage=task_conditioned_tuning_completed_with_winner next_action=done live_phase=unknown round3=done,done,done,done,done,done winner=true duration=57s
[2026-07-02 17:43:19] task_conditioned refresh start :: sync_timeout=240s
[2026-07-02 17:44:16] task_conditioned refresh sync :: status=ok exit=0
[2026-07-02 17:44:19] task_conditioned refresh complete :: sync=ok sync_exit=0 stage=task_conditioned_tuning_completed_with_winner next_action=done live_phase=unknown round3=done,done,done,done,done,done winner=true duration=60s
[2026-07-02 17:55:04] task_conditioned refresh start :: sync_timeout=240s
[2026-07-02 17:56:03] task_conditioned refresh sync :: status=ok exit=0
[2026-07-02 17:56:06] task_conditioned refresh complete :: sync=ok sync_exit=0 stage=task_conditioned_tuning_completed_with_winner next_action=done live_phase=unknown round3=done,done,done,done,done,done winner=true duration=62s
[2026-07-02 18:06:53] task_conditioned refresh start :: sync_timeout=240s
[2026-07-02 18:07:49] task_conditioned refresh sync :: status=ok exit=0
[2026-07-02 18:07:52] task_conditioned refresh complete :: sync=ok sync_exit=0 stage=task_conditioned_tuning_completed_with_winner next_action=done live_phase=unknown round3=done,done,done,done,done,done winner=true duration=59s
[2026-07-02 18:18:39] task_conditioned refresh start :: sync_timeout=240s
[2026-07-02 18:19:33] task_conditioned refresh sync :: status=ok exit=0
[2026-07-02 18:19:35] task_conditioned refresh complete :: sync=ok sync_exit=0 stage=task_conditioned_tuning_completed_with_winner next_action=done live_phase=unknown round3=done,done,done,done,done,done winner=true duration=56s
[2026-07-02 18:30:23] task_conditioned refresh start :: sync_timeout=240s
[2026-07-02 18:31:17] task_conditioned refresh sync :: status=ok exit=0
[2026-07-02 18:31:20] task_conditioned refresh complete :: sync=ok sync_exit=0 stage=task_conditioned_tuning_completed_with_winner next_action=done live_phase=unknown round3=done,done,done,done,done,done winner=true duration=57s
[2026-07-02 18:42:08] task_conditioned refresh start :: sync_timeout=240s
[2026-07-02 18:43:05] task_conditioned refresh sync :: status=ok exit=0
[2026-07-02 18:43:08] task_conditioned refresh complete :: sync=ok sync_exit=0 stage=task_conditioned_tuning_completed_with_winner next_action=done live_phase=unknown round3=done,done,done,done,done,done winner=true duration=60s
[2026-07-02 18:53:57] task_conditioned refresh start :: sync_timeout=240s
[2026-07-02 18:54:51] task_conditioned refresh sync :: status=ok exit=0
[2026-07-02 18:54:54] task_conditioned refresh complete :: sync=ok sync_exit=0 stage=task_conditioned_tuning_completed_with_winner next_action=done live_phase=unknown round3=done,done,done,done,done,done winner=true duration=57s
[2026-07-02 19:05:42] task_conditioned refresh start :: sync_timeout=240s
[2026-07-02 19:06:37] task_conditioned refresh sync :: status=ok exit=0
[2026-07-02 19:06:40] task_conditioned refresh complete :: sync=ok sync_exit=0 stage=task_conditioned_tuning_completed_with_winner next_action=done live_phase=unknown round3=done,done,done,done,done,done winner=true duration=58s
[2026-07-02 19:17:24] task_conditioned refresh start :: sync_timeout=240s
[2026-07-02 19:18:17] task_conditioned refresh sync :: status=ok exit=0
[2026-07-02 19:18:20] task_conditioned refresh complete :: sync=ok sync_exit=0 stage=task_conditioned_tuning_completed_with_winner next_action=done live_phase=unknown round3=done,done,done,done,done,done winner=true duration=56s
[2026-07-02 19:29:05] task_conditioned refresh start :: sync_timeout=240s
[2026-07-02 19:29:55] task_conditioned refresh sync :: status=ok exit=0
[2026-07-02 19:29:57] task_conditioned refresh complete :: sync=ok sync_exit=0 stage=task_conditioned_tuning_completed_with_winner next_action=done live_phase=unknown round3=done,done,done,done,done,done winner=true duration=52s
[2026-07-02 19:40:44] task_conditioned refresh start :: sync_timeout=240s
[2026-07-02 19:41:36] task_conditioned refresh sync :: status=ok exit=0
[2026-07-02 19:41:39] task_conditioned refresh complete :: sync=ok sync_exit=0 stage=task_conditioned_tuning_completed_with_winner next_action=done live_phase=unknown round3=done,done,done,done,done,done winner=true duration=55s
[2026-07-02 19:52:29] task_conditioned refresh start :: sync_timeout=240s
[2026-07-02 19:53:19] task_conditioned refresh sync :: status=ok exit=0
[2026-07-02 19:53:22] task_conditioned refresh complete :: sync=ok sync_exit=0 stage=task_conditioned_tuning_completed_with_winner next_action=done live_phase=unknown round3=done,done,done,done,done,done winner=true duration=53s
[2026-07-02 20:04:12] task_conditioned refresh start :: sync_timeout=240s
[2026-07-02 20:05:02] task_conditioned refresh sync :: status=ok exit=0
[2026-07-02 20:05:07] task_conditioned refresh complete :: sync=ok sync_exit=0 stage=task_conditioned_tuning_completed_with_winner next_action=done live_phase=unknown round3=done,done,done,done,done,done winner=true duration=55s
[2026-07-02 20:15:54] task_conditioned refresh start :: sync_timeout=240s
[2026-07-02 20:16:47] task_conditioned refresh sync :: status=ok exit=0
[2026-07-02 20:16:49] task_conditioned refresh complete :: sync=ok sync_exit=0 stage=task_conditioned_tuning_completed_with_winner next_action=done live_phase=unknown round3=done,done,done,done,done,done winner=true duration=55s
[2026-07-02 20:27:40] task_conditioned refresh start :: sync_timeout=240s
[2026-07-02 20:28:30] task_conditioned refresh sync :: status=ok exit=0
[2026-07-02 20:28:33] task_conditioned refresh complete :: sync=ok sync_exit=0 stage=task_conditioned_tuning_completed_with_winner next_action=done live_phase=unknown round3=done,done,done,done,done,done winner=true duration=53s
[2026-07-02 20:39:23] task_conditioned refresh start :: sync_timeout=240s
[2026-07-02 20:40:15] task_conditioned refresh sync :: status=ok exit=0
[2026-07-02 20:40:18] task_conditioned refresh complete :: sync=ok sync_exit=0 stage=task_conditioned_tuning_completed_with_winner next_action=done live_phase=unknown round3=done,done,done,done,done,done winner=true duration=55s
[2026-07-02 20:50:56] task_conditioned refresh start :: sync_timeout=240s
[2026-07-02 20:51:48] task_conditioned refresh sync :: status=ok exit=0
[2026-07-02 20:51:51] task_conditioned refresh complete :: sync=ok sync_exit=0 stage=task_conditioned_tuning_completed_with_winner next_action=done live_phase=unknown round3=done,done,done,done,done,done winner=true duration=55s
[2026-07-02 21:02:33] task_conditioned refresh start :: sync_timeout=240s
[2026-07-02 21:03:23] task_conditioned refresh sync :: status=ok exit=0
[2026-07-02 21:03:26] task_conditioned refresh complete :: sync=ok sync_exit=0 stage=task_conditioned_tuning_completed_with_winner next_action=done live_phase=unknown round3=done,done,done,done,done,done winner=true duration=53s
[2026-07-02 21:14:14] task_conditioned refresh start :: sync_timeout=240s
[2026-07-02 21:15:00] task_conditioned refresh sync :: status=failed exit=255
[2026-07-02 21:15:03] task_conditioned refresh complete :: sync=failed sync_exit=255 stage=task_conditioned_tuning_completed_with_winner next_action=done live_phase=unknown round3=done,done,done,done,done,done winner=true duration=49s
[2026-07-02 21:25:50] task_conditioned refresh start :: sync_timeout=240s
[2026-07-02 21:26:42] task_conditioned refresh sync :: status=ok exit=0
[2026-07-02 21:26:45] task_conditioned refresh complete :: sync=ok sync_exit=0 stage=task_conditioned_tuning_completed_with_winner next_action=done live_phase=unknown round3=done,done,done,done,done,done winner=true duration=55s
[2026-07-02 21:37:28] task_conditioned refresh start :: sync_timeout=240s
[2026-07-02 21:38:20] task_conditioned refresh sync :: status=ok exit=0
[2026-07-02 21:38:23] task_conditioned refresh complete :: sync=ok sync_exit=0 stage=task_conditioned_tuning_completed_with_winner next_action=done live_phase=unknown round3=done,done,done,done,done,done winner=true duration=55s
[2026-07-02 21:49:04] task_conditioned refresh start :: sync_timeout=240s
[2026-07-02 21:49:55] task_conditioned refresh sync :: status=ok exit=0
[2026-07-02 21:49:57] task_conditioned refresh complete :: sync=ok sync_exit=0 stage=task_conditioned_tuning_completed_with_winner next_action=done live_phase=unknown round3=done,done,done,done,done,done winner=true duration=53s
[2026-07-02 22:00:35] task_conditioned refresh start :: sync_timeout=240s
[2026-07-02 22:01:25] task_conditioned refresh sync :: status=ok exit=0
[2026-07-02 22:01:28] task_conditioned refresh complete :: sync=ok sync_exit=0 stage=task_conditioned_tuning_completed_with_winner next_action=done live_phase=unknown round3=done,done,done,done,done,done winner=true duration=53s
[2026-07-02 22:12:05] task_conditioned refresh start :: sync_timeout=240s
[2026-07-02 22:12:57] task_conditioned refresh sync :: status=ok exit=0
[2026-07-02 22:13:00] task_conditioned refresh complete :: sync=ok sync_exit=0 stage=task_conditioned_tuning_completed_with_winner next_action=done live_phase=unknown round3=done,done,done,done,done,done winner=true duration=55s
[2026-07-02 22:23:42] task_conditioned refresh start :: sync_timeout=240s
[2026-07-02 22:24:33] task_conditioned refresh sync :: status=ok exit=0
[2026-07-02 22:24:36] task_conditioned refresh complete :: sync=ok sync_exit=0 stage=task_conditioned_tuning_completed_with_winner next_action=done live_phase=unknown round3=done,done,done,done,done,done winner=true duration=54s
[2026-07-02 22:35:23] task_conditioned refresh start :: sync_timeout=240s
[2026-07-02 22:36:15] task_conditioned refresh sync :: status=ok exit=0
[2026-07-02 22:36:17] task_conditioned refresh complete :: sync=ok sync_exit=0 stage=task_conditioned_tuning_completed_with_winner next_action=done live_phase=unknown round3=done,done,done,done,done,done winner=true duration=54s
[2026-07-02 22:47:08] task_conditioned refresh start :: sync_timeout=240s
[2026-07-02 22:47:56] task_conditioned refresh sync :: status=ok exit=0
[2026-07-02 22:47:59] task_conditioned refresh complete :: sync=ok sync_exit=0 stage=task_conditioned_tuning_completed_with_winner next_action=done live_phase=unknown round3=done,done,done,done,done,done winner=true duration=51s
[2026-07-02 22:58:47] task_conditioned refresh start :: sync_timeout=240s
[2026-07-02 22:59:40] task_conditioned refresh sync :: status=ok exit=0
[2026-07-02 22:59:43] task_conditioned refresh complete :: sync=ok sync_exit=0 stage=task_conditioned_tuning_completed_with_winner next_action=done live_phase=unknown round3=done,done,done,done,done,done winner=true duration=56s
[2026-07-02 23:10:32] task_conditioned refresh start :: sync_timeout=240s
[2026-07-02 23:11:21] task_conditioned refresh sync :: status=ok exit=0
[2026-07-02 23:11:24] task_conditioned refresh complete :: sync=ok sync_exit=0 stage=task_conditioned_tuning_completed_with_winner next_action=done live_phase=unknown round3=done,done,done,done,done,done winner=true duration=52s
[2026-07-02 23:22:16] task_conditioned refresh start :: sync_timeout=240s
[2026-07-02 23:23:06] task_conditioned refresh sync :: status=ok exit=0
[2026-07-02 23:23:09] task_conditioned refresh complete :: sync=ok sync_exit=0 stage=task_conditioned_tuning_completed_with_winner next_action=done live_phase=unknown round3=done,done,done,done,done,done winner=true duration=53s
[2026-07-02 23:33:56] task_conditioned refresh start :: sync_timeout=240s
[2026-07-02 23:34:47] task_conditioned refresh sync :: status=ok exit=0
[2026-07-02 23:34:50] task_conditioned refresh complete :: sync=ok sync_exit=0 stage=task_conditioned_tuning_completed_with_winner next_action=done live_phase=unknown round3=done,done,done,done,done,done winner=true duration=54s
[2026-07-02 23:45:31] task_conditioned refresh start :: sync_timeout=240s
[2026-07-02 23:46:23] task_conditioned refresh sync :: status=ok exit=0
[2026-07-02 23:46:26] task_conditioned refresh complete :: sync=ok sync_exit=0 stage=task_conditioned_tuning_completed_with_winner next_action=done live_phase=unknown round3=done,done,done,done,done,done winner=true duration=55s
[2026-07-02 23:57:11] task_conditioned refresh start :: sync_timeout=240s
[2026-07-02 23:58:02] task_conditioned refresh sync :: status=ok exit=0
[2026-07-02 23:58:04] task_conditioned refresh complete :: sync=ok sync_exit=0 stage=task_conditioned_tuning_completed_with_winner next_action=done live_phase=unknown round3=done,done,done,done,done,done winner=true duration=53s
[2026-07-03 00:08:54] task_conditioned refresh start :: sync_timeout=240s
[2026-07-03 00:09:44] task_conditioned refresh sync :: status=ok exit=0
[2026-07-03 00:09:46] task_conditioned refresh complete :: sync=ok sync_exit=0 stage=task_conditioned_tuning_completed_with_winner next_action=done live_phase=unknown round3=done,done,done,done,done,done winner=true duration=52s
[2026-07-03 00:20:39] task_conditioned refresh start :: sync_timeout=240s
[2026-07-03 00:21:29] task_conditioned refresh sync :: status=ok exit=0
[2026-07-03 00:21:34] task_conditioned refresh complete :: sync=ok sync_exit=0 stage=task_conditioned_tuning_completed_with_winner next_action=done live_phase=unknown round3=done,done,done,done,done,done winner=true duration=55s
[2026-07-03 00:32:22] task_conditioned refresh start :: sync_timeout=240s
[2026-07-03 00:33:12] task_conditioned refresh sync :: status=ok exit=0
[2026-07-03 00:33:17] task_conditioned refresh complete :: sync=ok sync_exit=0 stage=task_conditioned_tuning_completed_with_winner next_action=done live_phase=unknown round3=done,done,done,done,done,done winner=true duration=55s
[2026-07-03 00:43:55] task_conditioned refresh start :: sync_timeout=240s
[2026-07-03 00:44:48] task_conditioned refresh sync :: status=ok exit=0
[2026-07-03 00:44:51] task_conditioned refresh complete :: sync=ok sync_exit=0 stage=task_conditioned_tuning_completed_with_winner next_action=done live_phase=unknown round3=done,done,done,done,done,done winner=true duration=56s
[2026-07-03 00:55:32] task_conditioned refresh start :: sync_timeout=240s
[2026-07-03 00:56:23] task_conditioned refresh sync :: status=ok exit=0
[2026-07-03 00:56:26] task_conditioned refresh complete :: sync=ok sync_exit=0 stage=task_conditioned_tuning_completed_with_winner next_action=done live_phase=unknown round3=done,done,done,done,done,done winner=true duration=54s
[2026-07-03 01:07:09] task_conditioned refresh start :: sync_timeout=240s
[2026-07-03 01:08:02] task_conditioned refresh sync :: status=ok exit=0
[2026-07-03 01:08:05] task_conditioned refresh complete :: sync=ok sync_exit=0 stage=task_conditioned_tuning_completed_with_winner next_action=done live_phase=unknown round3=done,done,done,done,done,done winner=true duration=56s
[2026-07-03 01:18:57] task_conditioned refresh start :: sync_timeout=240s
[2026-07-03 01:19:37] task_conditioned refresh sync :: status=failed exit=255
[2026-07-03 01:19:40] task_conditioned refresh complete :: sync=failed sync_exit=255 stage=task_conditioned_tuning_completed_with_winner next_action=done live_phase=unknown round3=done,done,done,done,done,done winner=true duration=43s
[2026-07-03 01:30:29] task_conditioned refresh start :: sync_timeout=240s
[2026-07-03 01:31:21] task_conditioned refresh sync :: status=ok exit=0
[2026-07-03 01:31:24] task_conditioned refresh complete :: sync=ok sync_exit=0 stage=task_conditioned_tuning_completed_with_winner next_action=done live_phase=unknown round3=done,done,done,done,done,done winner=true duration=55s
[2026-07-03 01:42:04] task_conditioned refresh start :: sync_timeout=240s
[2026-07-03 01:42:57] task_conditioned refresh sync :: status=ok exit=0
[2026-07-03 01:43:00] task_conditioned refresh complete :: sync=ok sync_exit=0 stage=task_conditioned_tuning_completed_with_winner next_action=done live_phase=unknown round3=done,done,done,done,done,done winner=true duration=56s
[2026-07-03 01:53:08] task_conditioned refresh start :: sync_timeout=240s
[2026-07-03 01:53:59] task_conditioned refresh sync :: status=ok exit=0
[2026-07-03 01:54:02] task_conditioned refresh complete :: sync=ok sync_exit=0 stage=task_conditioned_tuning_completed_with_winner next_action=done live_phase=unknown round3=done,done,done,done,done,done winner=true duration=54s
[2026-07-03 02:04:10] task_conditioned refresh start :: sync_timeout=240s
[2026-07-03 02:05:01] task_conditioned refresh sync :: status=ok exit=0
[2026-07-03 02:05:04] task_conditioned refresh complete :: sync=ok sync_exit=0 stage=task_conditioned_tuning_completed_with_winner next_action=done live_phase=unknown round3=done,done,done,done,done,done winner=true duration=54s
[2026-07-03 02:15:12] task_conditioned refresh start :: sync_timeout=240s
[2026-07-03 02:16:06] task_conditioned refresh sync :: status=ok exit=0
[2026-07-03 02:16:09] task_conditioned refresh complete :: sync=ok sync_exit=0 stage=task_conditioned_tuning_completed_with_winner next_action=done live_phase=unknown round3=done,done,done,done,done,done winner=true duration=57s
[2026-07-03 02:26:17] task_conditioned refresh start :: sync_timeout=240s
[2026-07-03 02:27:08] task_conditioned refresh sync :: status=ok exit=0
[2026-07-03 02:27:11] task_conditioned refresh complete :: sync=ok sync_exit=0 stage=task_conditioned_tuning_completed_with_winner next_action=done live_phase=unknown round3=done,done,done,done,done,done winner=true duration=54s
[2026-07-03 02:37:19] task_conditioned refresh start :: sync_timeout=240s
[2026-07-03 02:38:09] task_conditioned refresh sync :: status=ok exit=0
[2026-07-03 02:38:12] task_conditioned refresh complete :: sync=ok sync_exit=0 stage=task_conditioned_tuning_completed_with_winner next_action=done live_phase=unknown round3=done,done,done,done,done,done winner=true duration=53s
[2026-07-03 02:48:21] task_conditioned refresh start :: sync_timeout=240s
[2026-07-03 02:49:12] task_conditioned refresh sync :: status=ok exit=0
[2026-07-03 02:49:15] task_conditioned refresh complete :: sync=ok sync_exit=0 stage=task_conditioned_tuning_completed_with_winner next_action=done live_phase=unknown round3=done,done,done,done,done,done winner=true duration=54s
[2026-07-03 02:59:23] task_conditioned refresh start :: sync_timeout=240s
[2026-07-03 03:00:14] task_conditioned refresh sync :: status=ok exit=0
[2026-07-03 03:00:17] task_conditioned refresh complete :: sync=ok sync_exit=0 stage=task_conditioned_tuning_completed_with_winner next_action=done live_phase=unknown round3=done,done,done,done,done,done winner=true duration=54s
[2026-07-03 03:10:26] task_conditioned refresh start :: sync_timeout=240s
[2026-07-03 03:11:16] task_conditioned refresh sync :: status=ok exit=0
[2026-07-03 03:11:19] task_conditioned refresh complete :: sync=ok sync_exit=0 stage=task_conditioned_tuning_completed_with_winner next_action=done live_phase=unknown round3=done,done,done,done,done,done winner=true duration=53s
[2026-07-03 03:21:28] task_conditioned refresh start :: sync_timeout=240s
[2026-07-03 03:22:18] task_conditioned refresh sync :: status=ok exit=0
[2026-07-03 03:22:21] task_conditioned refresh complete :: sync=ok sync_exit=0 stage=task_conditioned_tuning_completed_with_winner next_action=done live_phase=unknown round3=done,done,done,done,done,done winner=true duration=53s
[2026-07-03 03:32:30] task_conditioned refresh start :: sync_timeout=240s
[2026-07-03 03:33:20] task_conditioned refresh sync :: status=ok exit=0
[2026-07-03 03:33:23] task_conditioned refresh complete :: sync=ok sync_exit=0 stage=task_conditioned_tuning_completed_with_winner next_action=done live_phase=unknown round3=done,done,done,done,done,done winner=true duration=53s
[2026-07-03 03:43:32] task_conditioned refresh start :: sync_timeout=240s
[2026-07-03 03:44:23] task_conditioned refresh sync :: status=ok exit=0
[2026-07-03 03:44:26] task_conditioned refresh complete :: sync=ok sync_exit=0 stage=task_conditioned_tuning_completed_with_winner next_action=done live_phase=unknown round3=done,done,done,done,done,done winner=true duration=54s
[2026-07-03 03:54:35] task_conditioned refresh start :: sync_timeout=240s
[2026-07-03 03:55:25] task_conditioned refresh sync :: status=ok exit=0
[2026-07-03 03:55:28] task_conditioned refresh complete :: sync=ok sync_exit=0 stage=task_conditioned_tuning_completed_with_winner next_action=done live_phase=unknown round3=done,done,done,done,done,done winner=true duration=53s
[2026-07-03 04:05:36] task_conditioned refresh start :: sync_timeout=240s
[2026-07-03 04:06:27] task_conditioned refresh sync :: status=ok exit=0
[2026-07-03 04:06:30] task_conditioned refresh complete :: sync=ok sync_exit=0 stage=task_conditioned_tuning_completed_with_winner next_action=done live_phase=unknown round3=done,done,done,done,done,done winner=true duration=54s
[2026-07-03 04:16:39] task_conditioned refresh start :: sync_timeout=240s
[2026-07-03 04:17:29] task_conditioned refresh sync :: status=ok exit=0
[2026-07-03 04:17:32] task_conditioned refresh complete :: sync=ok sync_exit=0 stage=task_conditioned_tuning_completed_with_winner next_action=done live_phase=unknown round3=done,done,done,done,done,done winner=true duration=53s
[2026-07-03 04:27:40] task_conditioned refresh start :: sync_timeout=240s
[2026-07-03 04:28:31] task_conditioned refresh sync :: status=ok exit=0
[2026-07-03 04:28:34] task_conditioned refresh complete :: sync=ok sync_exit=0 stage=task_conditioned_tuning_completed_with_winner next_action=done live_phase=unknown round3=done,done,done,done,done,done winner=true duration=54s
[2026-07-03 04:38:43] task_conditioned refresh start :: sync_timeout=240s
[2026-07-03 04:39:33] task_conditioned refresh sync :: status=ok exit=0
[2026-07-03 04:39:36] task_conditioned refresh complete :: sync=ok sync_exit=0 stage=task_conditioned_tuning_completed_with_winner next_action=done live_phase=unknown round3=done,done,done,done,done,done winner=true duration=53s
[2026-07-03 04:49:45] task_conditioned refresh start :: sync_timeout=240s
[2026-07-03 04:50:36] task_conditioned refresh sync :: status=ok exit=0
[2026-07-03 04:50:39] task_conditioned refresh complete :: sync=ok sync_exit=0 stage=task_conditioned_tuning_completed_with_winner next_action=done live_phase=unknown round3=done,done,done,done,done,done winner=true duration=54s
[2026-07-03 05:00:47] task_conditioned refresh start :: sync_timeout=240s
[2026-07-03 05:01:38] task_conditioned refresh sync :: status=ok exit=0
[2026-07-03 05:01:41] task_conditioned refresh complete :: sync=ok sync_exit=0 stage=task_conditioned_tuning_completed_with_winner next_action=done live_phase=unknown round3=done,done,done,done,done,done winner=true duration=54s
[2026-07-03 05:11:50] task_conditioned refresh start :: sync_timeout=240s
[2026-07-03 05:12:40] task_conditioned refresh sync :: status=ok exit=0
[2026-07-03 05:12:43] task_conditioned refresh complete :: sync=ok sync_exit=0 stage=task_conditioned_tuning_completed_with_winner next_action=done live_phase=unknown round3=done,done,done,done,done,done winner=true duration=53s
[2026-07-03 05:22:52] task_conditioned refresh start :: sync_timeout=240s
[2026-07-03 05:23:43] task_conditioned refresh sync :: status=ok exit=0
[2026-07-03 05:23:46] task_conditioned refresh complete :: sync=ok sync_exit=0 stage=task_conditioned_tuning_completed_with_winner next_action=done live_phase=unknown round3=done,done,done,done,done,done winner=true duration=54s
[2026-07-03 05:33:54] task_conditioned refresh start :: sync_timeout=240s
[2026-07-03 05:34:29] task_conditioned refresh sync :: status=failed exit=255
[2026-07-03 05:34:32] task_conditioned refresh complete :: sync=failed sync_exit=255 stage=task_conditioned_tuning_completed_with_winner next_action=done live_phase=unknown round3=done,done,done,done,done,done winner=true duration=38s
[2026-07-03 05:44:41] task_conditioned refresh start :: sync_timeout=240s
[2026-07-03 05:45:32] task_conditioned refresh sync :: status=ok exit=0
[2026-07-03 05:45:35] task_conditioned refresh complete :: sync=ok sync_exit=0 stage=task_conditioned_tuning_completed_with_winner next_action=done live_phase=unknown round3=done,done,done,done,done,done winner=true duration=54s
[2026-07-03 05:55:43] task_conditioned refresh start :: sync_timeout=240s
[2026-07-03 05:56:35] task_conditioned refresh sync :: status=ok exit=0
[2026-07-03 05:56:37] task_conditioned refresh complete :: sync=ok sync_exit=0 stage=task_conditioned_tuning_completed_with_winner next_action=done live_phase=unknown round3=done,done,done,done,done,done winner=true duration=54s
[2026-07-03 06:06:46] task_conditioned refresh start :: sync_timeout=240s
[2026-07-03 06:07:37] task_conditioned refresh sync :: status=ok exit=0
[2026-07-03 06:07:40] task_conditioned refresh complete :: sync=ok sync_exit=0 stage=task_conditioned_tuning_completed_with_winner next_action=done live_phase=unknown round3=done,done,done,done,done,done winner=true duration=54s
[2026-07-03 06:17:49] task_conditioned refresh start :: sync_timeout=240s
[2026-07-03 06:18:40] task_conditioned refresh sync :: status=ok exit=0
[2026-07-03 06:18:42] task_conditioned refresh complete :: sync=ok sync_exit=0 stage=task_conditioned_tuning_completed_with_winner next_action=done live_phase=unknown round3=done,done,done,done,done,done winner=true duration=53s
[2026-07-03 06:28:51] task_conditioned refresh start :: sync_timeout=240s
[2026-07-03 06:29:41] task_conditioned refresh sync :: status=ok exit=0
[2026-07-03 06:29:44] task_conditioned refresh complete :: sync=ok sync_exit=0 stage=task_conditioned_tuning_completed_with_winner next_action=done live_phase=unknown round3=done,done,done,done,done,done winner=true duration=53s
[2026-07-03 06:39:53] task_conditioned refresh start :: sync_timeout=240s
[2026-07-03 06:40:34] task_conditioned refresh sync :: status=failed exit=255
[2026-07-03 06:40:37] task_conditioned refresh complete :: sync=failed sync_exit=255 stage=task_conditioned_tuning_completed_with_winner next_action=done live_phase=unknown round3=done,done,done,done,done,done winner=true duration=44s
[2026-07-03 06:50:46] task_conditioned refresh start :: sync_timeout=240s
[2026-07-03 06:51:37] task_conditioned refresh sync :: status=ok exit=0
[2026-07-03 06:51:39] task_conditioned refresh complete :: sync=ok sync_exit=0 stage=task_conditioned_tuning_completed_with_winner next_action=done live_phase=unknown round3=done,done,done,done,done,done winner=true duration=53s
[2026-07-03 07:01:48] task_conditioned refresh start :: sync_timeout=240s
[2026-07-03 07:02:39] task_conditioned refresh sync :: status=ok exit=0
[2026-07-03 07:02:42] task_conditioned refresh complete :: sync=ok sync_exit=0 stage=task_conditioned_tuning_completed_with_winner next_action=done live_phase=unknown round3=done,done,done,done,done,done winner=true duration=54s
[2026-07-03 07:12:51] task_conditioned refresh start :: sync_timeout=240s
[2026-07-03 07:13:42] task_conditioned refresh sync :: status=ok exit=0
[2026-07-03 07:13:45] task_conditioned refresh complete :: sync=ok sync_exit=0 stage=task_conditioned_tuning_completed_with_winner next_action=done live_phase=unknown round3=done,done,done,done,done,done winner=true duration=54s
[2026-07-03 07:23:53] task_conditioned refresh start :: sync_timeout=240s
[2026-07-03 07:24:44] task_conditioned refresh sync :: status=ok exit=0
[2026-07-03 07:24:47] task_conditioned refresh complete :: sync=ok sync_exit=0 stage=task_conditioned_tuning_completed_with_winner next_action=done live_phase=unknown round3=done,done,done,done,done,done winner=true duration=54s
[2026-07-03 07:34:56] task_conditioned refresh start :: sync_timeout=240s
[2026-07-03 07:35:46] task_conditioned refresh sync :: status=ok exit=0
[2026-07-03 07:35:49] task_conditioned refresh complete :: sync=ok sync_exit=0 stage=task_conditioned_tuning_completed_with_winner next_action=done live_phase=unknown round3=done,done,done,done,done,done winner=true duration=53s
[2026-07-03 07:45:58] task_conditioned refresh start :: sync_timeout=240s
[2026-07-03 07:46:48] task_conditioned refresh sync :: status=ok exit=0
[2026-07-03 07:46:51] task_conditioned refresh complete :: sync=ok sync_exit=0 stage=task_conditioned_tuning_completed_with_winner next_action=done live_phase=unknown round3=done,done,done,done,done,done winner=true duration=53s
[2026-07-03 07:57:00] task_conditioned refresh start :: sync_timeout=240s
[2026-07-03 07:57:51] task_conditioned refresh sync :: status=ok exit=0
[2026-07-03 07:57:54] task_conditioned refresh complete :: sync=ok sync_exit=0 stage=task_conditioned_tuning_completed_with_winner next_action=done live_phase=unknown round3=done,done,done,done,done,done winner=true duration=54s
[2026-07-03 08:08:02] task_conditioned refresh start :: sync_timeout=240s
[2026-07-03 08:08:53] task_conditioned refresh sync :: status=ok exit=0
[2026-07-03 08:08:56] task_conditioned refresh complete :: sync=ok sync_exit=0 stage=task_conditioned_tuning_completed_with_winner next_action=done live_phase=unknown round3=done,done,done,done,done,done winner=true duration=54s
[2026-07-03 08:19:05] task_conditioned refresh start :: sync_timeout=240s
[2026-07-03 08:19:57] task_conditioned refresh sync :: status=ok exit=0
[2026-07-03 08:20:00] task_conditioned refresh complete :: sync=ok sync_exit=0 stage=task_conditioned_tuning_completed_with_winner next_action=done live_phase=unknown round3=done,done,done,done,done,done winner=true duration=55s
[2026-07-03 08:30:08] task_conditioned refresh start :: sync_timeout=240s
[2026-07-03 08:31:00] task_conditioned refresh sync :: status=ok exit=0
[2026-07-03 08:31:03] task_conditioned refresh complete :: sync=ok sync_exit=0 stage=task_conditioned_tuning_completed_with_winner next_action=done live_phase=unknown round3=done,done,done,done,done,done winner=true duration=55s
[2026-07-03 08:41:12] task_conditioned refresh start :: sync_timeout=240s
[2026-07-03 08:42:04] task_conditioned refresh sync :: status=ok exit=0
[2026-07-03 08:42:07] task_conditioned refresh complete :: sync=ok sync_exit=0 stage=task_conditioned_tuning_completed_with_winner next_action=done live_phase=unknown round3=done,done,done,done,done,done winner=true duration=55s
[2026-07-03 08:52:15] task_conditioned refresh start :: sync_timeout=240s
[2026-07-03 08:53:22] task_conditioned refresh sync :: status=ok exit=0
[2026-07-03 08:53:25] task_conditioned refresh complete :: sync=ok sync_exit=0 stage=task_conditioned_tuning_completed_with_winner next_action=done live_phase=unknown round3=done,done,done,done,done,done winner=true duration=70s
[2026-07-03 09:03:33] task_conditioned refresh start :: sync_timeout=240s
[2026-07-03 09:04:25] task_conditioned refresh sync :: status=ok exit=0
[2026-07-03 09:04:28] task_conditioned refresh complete :: sync=ok sync_exit=0 stage=task_conditioned_tuning_completed_with_winner next_action=done live_phase=unknown round3=done,done,done,done,done,done winner=true duration=55s
[2026-07-03 09:14:37] task_conditioned refresh start :: sync_timeout=240s
[2026-07-03 09:15:29] task_conditioned refresh sync :: status=ok exit=0
[2026-07-03 09:15:32] task_conditioned refresh complete :: sync=ok sync_exit=0 stage=task_conditioned_tuning_completed_with_winner next_action=done live_phase=unknown round3=done,done,done,done,done,done winner=true duration=55s
[2026-07-03 09:25:40] task_conditioned refresh start :: sync_timeout=240s
[2026-07-03 09:26:34] task_conditioned refresh sync :: status=ok exit=0
[2026-07-03 09:26:37] task_conditioned refresh complete :: sync=ok sync_exit=0 stage=task_conditioned_tuning_completed_with_winner next_action=done live_phase=unknown round3=done,done,done,done,done,done winner=true duration=57s
[2026-07-03 09:36:46] task_conditioned refresh start :: sync_timeout=240s
[2026-07-03 09:37:39] task_conditioned refresh sync :: status=ok exit=0
[2026-07-03 09:37:42] task_conditioned refresh complete :: sync=ok sync_exit=0 stage=task_conditioned_tuning_completed_with_winner next_action=done live_phase=unknown round3=done,done,done,done,done,done winner=true duration=56s
[2026-07-03 09:47:51] task_conditioned refresh start :: sync_timeout=240s
[2026-07-03 09:48:43] task_conditioned refresh sync :: status=ok exit=0
[2026-07-03 09:48:46] task_conditioned refresh complete :: sync=ok sync_exit=0 stage=task_conditioned_tuning_completed_with_winner next_action=done live_phase=unknown round3=done,done,done,done,done,done winner=true duration=55s
[2026-07-03 09:58:54] task_conditioned refresh start :: sync_timeout=240s
[2026-07-03 09:59:10] task_conditioned refresh sync :: status=failed exit=255
[2026-07-03 09:59:13] task_conditioned refresh complete :: sync=failed sync_exit=255 stage=task_conditioned_tuning_completed_with_winner next_action=done live_phase=unknown round3=done,done,done,done,done,done winner=true duration=19s
[2026-07-03 10:09:22] task_conditioned refresh start :: sync_timeout=240s
[2026-07-03 10:10:16] task_conditioned refresh sync :: status=ok exit=0
[2026-07-03 10:10:19] task_conditioned refresh complete :: sync=ok sync_exit=0 stage=task_conditioned_tuning_completed_with_winner next_action=done live_phase=unknown round3=done,done,done,done,done,done winner=true duration=57s
[2026-07-03 10:20:28] task_conditioned refresh start :: sync_timeout=240s
[2026-07-03 10:21:19] task_conditioned refresh sync :: status=ok exit=0
[2026-07-03 10:21:22] task_conditioned refresh complete :: sync=ok sync_exit=0 stage=task_conditioned_tuning_completed_with_winner next_action=done live_phase=unknown round3=done,done,done,done,done,done winner=true duration=54s
[2026-07-03 10:31:31] task_conditioned refresh start :: sync_timeout=240s
[2026-07-03 10:32:22] task_conditioned refresh sync :: status=ok exit=0
[2026-07-03 10:32:25] task_conditioned refresh complete :: sync=ok sync_exit=0 stage=task_conditioned_tuning_completed_with_winner next_action=done live_phase=unknown round3=done,done,done,done,done,done winner=true duration=54s
[2026-07-03 10:42:34] task_conditioned refresh start :: sync_timeout=240s
[2026-07-03 10:43:06] task_conditioned refresh sync :: status=failed exit=255
[2026-07-03 10:43:08] task_conditioned refresh complete :: sync=failed sync_exit=255 stage=task_conditioned_tuning_completed_with_winner next_action=done live_phase=unknown round3=done,done,done,done,done,done winner=true duration=34s
[2026-07-03 10:53:17] task_conditioned refresh start :: sync_timeout=240s
[2026-07-03 10:54:14] task_conditioned refresh sync :: status=ok exit=0
[2026-07-03 10:54:16] task_conditioned refresh complete :: sync=ok sync_exit=0 stage=task_conditioned_tuning_completed_with_winner next_action=done live_phase=unknown round3=done,done,done,done,done,done winner=true duration=59s
[2026-07-03 11:04:25] task_conditioned refresh start :: sync_timeout=240s
[2026-07-03 11:05:20] task_conditioned refresh sync :: status=ok exit=0
[2026-07-03 11:05:23] task_conditioned refresh complete :: sync=ok sync_exit=0 stage=task_conditioned_tuning_completed_with_winner next_action=done live_phase=unknown round3=done,done,done,done,done,done winner=true duration=58s
[2026-07-03 11:15:32] task_conditioned refresh start :: sync_timeout=240s
[2026-07-03 11:16:26] task_conditioned refresh sync :: status=ok exit=0
[2026-07-03 11:16:29] task_conditioned refresh complete :: sync=ok sync_exit=0 stage=task_conditioned_tuning_completed_with_winner next_action=done live_phase=unknown round3=done,done,done,done,done,done winner=true duration=57s
[2026-07-03 11:26:38] task_conditioned refresh start :: sync_timeout=240s
[2026-07-03 11:27:34] task_conditioned refresh sync :: status=ok exit=0
[2026-07-03 11:27:37] task_conditioned refresh complete :: sync=ok sync_exit=0 stage=task_conditioned_tuning_completed_with_winner next_action=done live_phase=unknown round3=done,done,done,done,done,done winner=true duration=59s
[2026-07-03 11:37:45] task_conditioned refresh start :: sync_timeout=240s
[2026-07-03 11:38:43] task_conditioned refresh sync :: status=ok exit=0
[2026-07-03 11:38:46] task_conditioned refresh complete :: sync=ok sync_exit=0 stage=task_conditioned_tuning_completed_with_winner next_action=done live_phase=unknown round3=done,done,done,done,done,done winner=true duration=61s
[2026-07-03 11:48:54] task_conditioned refresh start :: sync_timeout=240s
[2026-07-03 11:49:58] task_conditioned refresh sync :: status=ok exit=0
[2026-07-03 11:50:01] task_conditioned refresh complete :: sync=ok sync_exit=0 stage=task_conditioned_tuning_completed_with_winner next_action=done live_phase=unknown round3=done,done,done,done,done,done winner=true duration=67s
[2026-07-03 12:00:09] task_conditioned refresh start :: sync_timeout=240s
[2026-07-03 12:01:09] task_conditioned refresh sync :: status=ok exit=0
[2026-07-03 12:01:12] task_conditioned refresh complete :: sync=ok sync_exit=0 stage=task_conditioned_tuning_completed_with_winner next_action=done live_phase=unknown round3=done,done,done,done,done,done winner=true duration=63s
[2026-07-03 12:11:21] task_conditioned refresh start :: sync_timeout=240s
[2026-07-03 12:12:16] task_conditioned refresh sync :: status=ok exit=0
[2026-07-03 12:12:19] task_conditioned refresh complete :: sync=ok sync_exit=0 stage=task_conditioned_tuning_completed_with_winner next_action=done live_phase=unknown round3=done,done,done,done,done,done winner=true duration=58s
[2026-07-03 12:22:27] task_conditioned refresh start :: sync_timeout=240s
[2026-07-03 12:23:20] task_conditioned refresh sync :: status=ok exit=0
[2026-07-03 12:23:23] task_conditioned refresh complete :: sync=ok sync_exit=0 stage=task_conditioned_tuning_completed_with_winner next_action=done live_phase=unknown round3=done,done,done,done,done,done winner=true duration=56s
[2026-07-03 12:33:32] task_conditioned refresh start :: sync_timeout=240s
[2026-07-03 12:34:26] task_conditioned refresh sync :: status=ok exit=0
[2026-07-03 12:34:29] task_conditioned refresh complete :: sync=ok sync_exit=0 stage=task_conditioned_tuning_completed_with_winner next_action=done live_phase=unknown round3=done,done,done,done,done,done winner=true duration=57s
[2026-07-03 12:44:38] task_conditioned refresh start :: sync_timeout=240s
[2026-07-03 12:45:34] task_conditioned refresh sync :: status=ok exit=0
[2026-07-03 12:45:37] task_conditioned refresh complete :: sync=ok sync_exit=0 stage=task_conditioned_tuning_completed_with_winner next_action=done live_phase=unknown round3=done,done,done,done,done,done winner=true duration=59s
[2026-07-03 12:55:46] task_conditioned refresh start :: sync_timeout=240s
[2026-07-03 12:56:48] task_conditioned refresh sync :: status=ok exit=0
[2026-07-03 12:56:51] task_conditioned refresh complete :: sync=ok sync_exit=0 stage=task_conditioned_tuning_completed_with_winner next_action=done live_phase=unknown round3=done,done,done,done,done,done winner=true duration=65s
[2026-07-03 13:07:06] task_conditioned refresh start :: sync_timeout=240s
[2026-07-03 13:08:05] task_conditioned refresh sync :: status=ok exit=0
[2026-07-03 13:08:08] task_conditioned refresh complete :: sync=ok sync_exit=0 stage=task_conditioned_tuning_completed_with_winner next_action=done live_phase=unknown round3=done,done,done,done,done,done winner=true duration=62s
[2026-07-03 13:18:24] task_conditioned refresh start :: sync_timeout=240s
[2026-07-03 13:19:23] task_conditioned refresh sync :: status=ok exit=0
[2026-07-03 13:19:26] task_conditioned refresh complete :: sync=ok sync_exit=0 stage=task_conditioned_tuning_completed_with_winner next_action=done live_phase=unknown round3=done,done,done,done,done,done winner=true duration=62s
[2026-07-03 13:29:44] task_conditioned refresh start :: sync_timeout=240s
[2026-07-03 13:30:48] task_conditioned refresh sync :: status=ok exit=0
[2026-07-03 13:30:51] task_conditioned refresh complete :: sync=ok sync_exit=0 stage=task_conditioned_tuning_completed_with_winner next_action=done live_phase=unknown round3=done,done,done,done,done,done winner=true duration=67s
[2026-07-03 13:41:09] task_conditioned refresh start :: sync_timeout=240s
[2026-07-03 13:42:05] task_conditioned refresh sync :: status=ok exit=0
[2026-07-03 13:42:07] task_conditioned refresh complete :: sync=ok sync_exit=0 stage=task_conditioned_tuning_completed_with_winner next_action=done live_phase=unknown round3=done,done,done,done,done,done winner=true duration=58s
[2026-07-03 13:52:26] task_conditioned refresh start :: sync_timeout=240s
[2026-07-03 13:53:24] task_conditioned refresh sync :: status=ok exit=0
[2026-07-03 13:53:27] task_conditioned refresh complete :: sync=ok sync_exit=0 stage=task_conditioned_tuning_completed_with_winner next_action=done live_phase=unknown round3=done,done,done,done,done,done winner=true duration=61s
[2026-07-03 14:03:46] task_conditioned refresh start :: sync_timeout=240s
[2026-07-03 14:04:39] task_conditioned refresh sync :: status=ok exit=0
[2026-07-03 14:04:42] task_conditioned refresh complete :: sync=ok sync_exit=0 stage=task_conditioned_tuning_completed_with_winner next_action=done live_phase=unknown round3=done,done,done,done,done,done winner=true duration=56s
[2026-07-03 14:15:02] task_conditioned refresh start :: sync_timeout=240s
[2026-07-03 14:15:58] task_conditioned refresh sync :: status=ok exit=0
[2026-07-03 14:16:00] task_conditioned refresh complete :: sync=ok sync_exit=0 stage=task_conditioned_tuning_completed_with_winner next_action=done live_phase=unknown round3=done,done,done,done,done,done winner=true duration=58s
[2026-07-03 14:26:20] task_conditioned refresh start :: sync_timeout=240s
[2026-07-03 14:27:10] task_conditioned refresh sync :: status=failed exit=255
[2026-07-03 14:27:13] task_conditioned refresh complete :: sync=failed sync_exit=255 stage=task_conditioned_tuning_completed_with_winner next_action=done live_phase=unknown round3=done,done,done,done,done,done winner=true duration=53s
[2026-07-03 14:37:33] task_conditioned refresh start :: sync_timeout=240s
[2026-07-03 14:38:47] task_conditioned refresh sync :: status=ok exit=0
[2026-07-03 14:38:50] task_conditioned refresh complete :: sync=ok sync_exit=0 stage=task_conditioned_tuning_completed_with_winner next_action=done live_phase=unknown round3=done,done,done,done,done,done winner=true duration=77s
[2026-07-03 14:49:09] task_conditioned refresh start :: sync_timeout=240s
[2026-07-03 14:50:06] task_conditioned refresh sync :: status=ok exit=0
[2026-07-03 14:50:09] task_conditioned refresh complete :: sync=ok sync_exit=0 stage=task_conditioned_tuning_completed_with_winner next_action=done live_phase=unknown round3=done,done,done,done,done,done winner=true duration=60s
[2026-07-03 15:00:28] task_conditioned refresh start :: sync_timeout=240s
[2026-07-03 15:01:28] task_conditioned refresh sync :: status=ok exit=0
[2026-07-03 15:01:30] task_conditioned refresh complete :: sync=ok sync_exit=0 stage=task_conditioned_tuning_completed_with_winner next_action=done live_phase=unknown round3=done,done,done,done,done,done winner=true duration=62s
[2026-07-03 15:11:50] task_conditioned refresh start :: sync_timeout=240s
[2026-07-03 15:12:49] task_conditioned refresh sync :: status=ok exit=0
[2026-07-03 15:12:52] task_conditioned refresh complete :: sync=ok sync_exit=0 stage=task_conditioned_tuning_completed_with_winner next_action=done live_phase=unknown round3=done,done,done,done,done,done winner=true duration=62s
[2026-07-03 15:23:11] task_conditioned refresh start :: sync_timeout=240s
[2026-07-03 15:24:06] task_conditioned refresh sync :: status=ok exit=0
[2026-07-03 15:24:09] task_conditioned refresh complete :: sync=ok sync_exit=0 stage=task_conditioned_tuning_completed_with_winner next_action=done live_phase=unknown round3=done,done,done,done,done,done winner=true duration=58s
[2026-07-03 15:34:29] task_conditioned refresh start :: sync_timeout=240s
[2026-07-03 15:35:23] task_conditioned refresh sync :: status=ok exit=0
[2026-07-03 15:35:26] task_conditioned refresh complete :: sync=ok sync_exit=0 stage=task_conditioned_tuning_completed_with_winner next_action=done live_phase=unknown round3=done,done,done,done,done,done winner=true duration=57s
[2026-07-03 15:45:46] task_conditioned refresh start :: sync_timeout=240s
[2026-07-03 15:46:45] task_conditioned refresh sync :: status=ok exit=0
[2026-07-03 15:46:48] task_conditioned refresh complete :: sync=ok sync_exit=0 stage=task_conditioned_tuning_completed_with_winner next_action=done live_phase=unknown round3=done,done,done,done,done,done winner=true duration=62s
[2026-07-03 15:57:09] task_conditioned refresh start :: sync_timeout=240s
[2026-07-03 15:58:14] task_conditioned refresh sync :: status=ok exit=0
[2026-07-03 15:58:17] task_conditioned refresh complete :: sync=ok sync_exit=0 stage=task_conditioned_tuning_completed_with_winner next_action=done live_phase=unknown round3=done,done,done,done,done,done winner=true duration=68s
[2026-07-03 16:08:38] task_conditioned refresh start :: sync_timeout=240s
[2026-07-03 16:09:40] task_conditioned refresh sync :: status=ok exit=0
[2026-07-03 16:09:42] task_conditioned refresh complete :: sync=ok sync_exit=0 stage=task_conditioned_tuning_completed_with_winner next_action=done live_phase=unknown round3=done,done,done,done,done,done winner=true duration=64s
[2026-07-03 16:20:04] task_conditioned refresh start :: sync_timeout=240s
[2026-07-03 16:21:01] task_conditioned refresh sync :: status=ok exit=0
[2026-07-03 16:21:04] task_conditioned refresh complete :: sync=ok sync_exit=0 stage=task_conditioned_tuning_completed_with_winner next_action=done live_phase=unknown round3=done,done,done,done,done,done winner=true duration=60s
[2026-07-03 16:31:26] task_conditioned refresh start :: sync_timeout=240s
[2026-07-03 16:32:21] task_conditioned refresh sync :: status=ok exit=0
[2026-07-03 16:32:24] task_conditioned refresh complete :: sync=ok sync_exit=0 stage=task_conditioned_tuning_completed_with_winner next_action=done live_phase=unknown round3=done,done,done,done,done,done winner=true duration=58s
[2026-07-03 16:42:45] task_conditioned refresh start :: sync_timeout=240s
[2026-07-03 16:43:45] task_conditioned refresh sync :: status=ok exit=0
[2026-07-03 16:43:48] task_conditioned refresh complete :: sync=ok sync_exit=0 stage=task_conditioned_tuning_completed_with_winner next_action=done live_phase=unknown round3=done,done,done,done,done,done winner=true duration=63s
[2026-07-03 16:54:10] task_conditioned refresh start :: sync_timeout=240s
[2026-07-03 16:55:05] task_conditioned refresh sync :: status=ok exit=0
[2026-07-03 16:55:08] task_conditioned refresh complete :: sync=ok sync_exit=0 stage=task_conditioned_tuning_completed_with_winner next_action=done live_phase=unknown round3=done,done,done,done,done,done winner=true duration=58s
[2026-07-03 17:05:31] task_conditioned refresh start :: sync_timeout=240s
[2026-07-03 17:06:25] task_conditioned refresh sync :: status=ok exit=0
[2026-07-03 17:06:29] task_conditioned refresh complete :: sync=ok sync_exit=0 stage=task_conditioned_tuning_completed_with_winner next_action=done live_phase=unknown round3=done,done,done,done,done,done winner=true duration=58s
[2026-07-03 17:16:51] task_conditioned refresh start :: sync_timeout=240s
[2026-07-03 17:17:16] task_conditioned refresh sync :: status=failed exit=255
[2026-07-03 17:17:19] task_conditioned refresh complete :: sync=failed sync_exit=255 stage=task_conditioned_tuning_completed_with_winner next_action=done live_phase=unknown round3=done,done,done,done,done,done winner=true duration=28s
[2026-07-03 17:27:42] task_conditioned refresh start :: sync_timeout=240s
[2026-07-03 17:28:42] task_conditioned refresh sync :: status=ok exit=0
[2026-07-03 17:28:45] task_conditioned refresh complete :: sync=ok sync_exit=0 stage=task_conditioned_tuning_completed_with_winner next_action=done live_phase=unknown round3=done,done,done,done,done,done winner=true duration=63s
[2026-07-03 17:39:08] task_conditioned refresh start :: sync_timeout=240s
[2026-07-03 17:40:07] task_conditioned refresh sync :: status=ok exit=0
[2026-07-03 17:40:10] task_conditioned refresh complete :: sync=ok sync_exit=0 stage=task_conditioned_tuning_completed_with_winner next_action=done live_phase=unknown round3=done,done,done,done,done,done winner=true duration=62s
[2026-07-03 17:50:33] task_conditioned refresh start :: sync_timeout=240s
[2026-07-03 17:51:27] task_conditioned refresh sync :: status=ok exit=0
[2026-07-03 17:51:30] task_conditioned refresh complete :: sync=ok sync_exit=0 stage=task_conditioned_tuning_completed_with_winner next_action=done live_phase=unknown round3=done,done,done,done,done,done winner=true duration=57s
[2026-07-03 18:01:53] task_conditioned refresh start :: sync_timeout=240s
[2026-07-03 18:02:47] task_conditioned refresh sync :: status=ok exit=0
[2026-07-03 18:02:50] task_conditioned refresh complete :: sync=ok sync_exit=0 stage=task_conditioned_tuning_completed_with_winner next_action=done live_phase=unknown round3=done,done,done,done,done,done winner=true duration=57s
[2026-07-03 18:13:12] task_conditioned refresh start :: sync_timeout=240s
[2026-07-03 18:14:06] task_conditioned refresh sync :: status=ok exit=0
[2026-07-03 18:14:09] task_conditioned refresh complete :: sync=ok sync_exit=0 stage=task_conditioned_tuning_completed_with_winner next_action=done live_phase=unknown round3=done,done,done,done,done,done winner=true duration=57s
[2026-07-03 18:24:31] task_conditioned refresh start :: sync_timeout=240s
[2026-07-03 18:25:24] task_conditioned refresh sync :: status=ok exit=0
[2026-07-03 18:25:27] task_conditioned refresh complete :: sync=ok sync_exit=0 stage=task_conditioned_tuning_completed_with_winner next_action=done live_phase=unknown round3=done,done,done,done,done,done winner=true duration=56s
[2026-07-03 18:35:50] task_conditioned refresh start :: sync_timeout=240s
[2026-07-03 18:36:44] task_conditioned refresh sync :: status=ok exit=0
[2026-07-03 18:36:47] task_conditioned refresh complete :: sync=ok sync_exit=0 stage=task_conditioned_tuning_completed_with_winner next_action=done live_phase=unknown round3=done,done,done,done,done,done winner=true duration=57s
[2026-07-03 18:47:11] task_conditioned refresh start :: sync_timeout=240s
[2026-07-03 18:48:04] task_conditioned refresh sync :: status=ok exit=0
[2026-07-03 18:48:08] task_conditioned refresh complete :: sync=ok sync_exit=0 stage=task_conditioned_tuning_completed_with_winner next_action=done live_phase=unknown round3=done,done,done,done,done,done winner=true duration=57s
[2026-07-03 18:58:33] task_conditioned refresh start :: sync_timeout=240s
[2026-07-03 18:59:35] task_conditioned refresh sync :: status=failed exit=255
[2026-07-03 18:59:38] task_conditioned refresh complete :: sync=failed sync_exit=255 stage=task_conditioned_tuning_completed_with_winner next_action=done live_phase=unknown round3=done,done,done,done,done,done winner=true duration=65s
[2026-07-03 19:10:03] task_conditioned refresh start :: sync_timeout=240s
[2026-07-03 19:10:59] task_conditioned refresh sync :: status=ok exit=0
[2026-07-03 19:11:02] task_conditioned refresh complete :: sync=ok sync_exit=0 stage=task_conditioned_tuning_completed_with_winner next_action=done live_phase=unknown round3=done,done,done,done,done,done winner=true duration=59s
[2026-07-03 19:21:27] task_conditioned refresh start :: sync_timeout=240s
[2026-07-03 19:22:24] task_conditioned refresh sync :: status=ok exit=0
[2026-07-03 19:22:28] task_conditioned refresh complete :: sync=ok sync_exit=0 stage=task_conditioned_tuning_completed_with_winner next_action=done live_phase=unknown round3=done,done,done,done,done,done winner=true duration=61s
[2026-07-03 19:32:52] task_conditioned refresh start :: sync_timeout=240s
[2026-07-03 19:33:49] task_conditioned refresh sync :: status=ok exit=0
[2026-07-03 19:33:52] task_conditioned refresh complete :: sync=ok sync_exit=0 stage=task_conditioned_tuning_completed_with_winner next_action=done live_phase=unknown round3=done,done,done,done,done,done winner=true duration=60s
[2026-07-03 19:44:18] task_conditioned refresh start :: sync_timeout=240s
[2026-07-03 19:45:14] task_conditioned refresh sync :: status=ok exit=0
[2026-07-03 19:45:17] task_conditioned refresh complete :: sync=ok sync_exit=0 stage=task_conditioned_tuning_completed_with_winner next_action=done live_phase=unknown round3=done,done,done,done,done,done winner=true duration=59s
[2026-07-03 19:55:43] task_conditioned refresh start :: sync_timeout=240s
[2026-07-03 19:56:36] task_conditioned refresh sync :: status=ok exit=0
[2026-07-03 19:56:39] task_conditioned refresh complete :: sync=ok sync_exit=0 stage=task_conditioned_tuning_completed_with_winner next_action=done live_phase=unknown round3=done,done,done,done,done,done winner=true duration=56s
[2026-07-03 20:07:04] task_conditioned refresh start :: sync_timeout=240s
[2026-07-03 20:07:26] task_conditioned refresh sync :: status=failed exit=255
[2026-07-03 20:07:29] task_conditioned refresh complete :: sync=failed sync_exit=255 stage=task_conditioned_tuning_completed_with_winner next_action=done live_phase=unknown round3=done,done,done,done,done,done winner=true duration=25s
[2026-07-03 20:17:54] task_conditioned refresh start :: sync_timeout=240s
[2026-07-03 20:18:48] task_conditioned refresh sync :: status=ok exit=0
[2026-07-03 20:18:50] task_conditioned refresh complete :: sync=ok sync_exit=0 stage=task_conditioned_tuning_completed_with_winner next_action=done live_phase=unknown round3=done,done,done,done,done,done winner=true duration=56s
[2026-07-03 20:29:16] task_conditioned refresh start :: sync_timeout=240s
[2026-07-03 20:30:06] task_conditioned refresh sync :: status=ok exit=0
[2026-07-03 20:30:09] task_conditioned refresh complete :: sync=ok sync_exit=0 stage=task_conditioned_tuning_completed_with_winner next_action=done live_phase=unknown round3=done,done,done,done,done,done winner=true duration=53s
[2026-07-03 20:40:35] task_conditioned refresh start :: sync_timeout=240s
[2026-07-03 20:41:26] task_conditioned refresh sync :: status=ok exit=0
[2026-07-03 20:41:29] task_conditioned refresh complete :: sync=ok sync_exit=0 stage=task_conditioned_tuning_completed_with_winner next_action=done live_phase=unknown round3=done,done,done,done,done,done winner=true duration=54s
[2026-07-03 20:51:54] task_conditioned refresh start :: sync_timeout=240s
[2026-07-03 20:52:45] task_conditioned refresh sync :: status=ok exit=0
[2026-07-03 20:52:48] task_conditioned refresh complete :: sync=ok sync_exit=0 stage=task_conditioned_tuning_completed_with_winner next_action=done live_phase=unknown round3=done,done,done,done,done,done winner=true duration=54s
[2026-07-03 21:03:13] task_conditioned refresh start :: sync_timeout=240s
[2026-07-03 21:04:04] task_conditioned refresh sync :: status=ok exit=0
[2026-07-03 21:04:07] task_conditioned refresh complete :: sync=ok sync_exit=0 stage=task_conditioned_tuning_completed_with_winner next_action=done live_phase=unknown round3=done,done,done,done,done,done winner=true duration=54s
[2026-07-03 21:14:33] task_conditioned refresh start :: sync_timeout=240s
[2026-07-03 21:15:24] task_conditioned refresh sync :: status=ok exit=0
[2026-07-03 21:15:27] task_conditioned refresh complete :: sync=ok sync_exit=0 stage=task_conditioned_tuning_completed_with_winner next_action=done live_phase=unknown round3=done,done,done,done,done,done winner=true duration=54s
[2026-07-03 21:25:52] task_conditioned refresh start :: sync_timeout=240s
[2026-07-03 21:26:44] task_conditioned refresh sync :: status=ok exit=0
[2026-07-03 21:26:47] task_conditioned refresh complete :: sync=ok sync_exit=0 stage=task_conditioned_tuning_completed_with_winner next_action=done live_phase=unknown round3=done,done,done,done,done,done winner=true duration=55s
[2026-07-03 21:37:13] task_conditioned refresh start :: sync_timeout=240s
[2026-07-03 21:38:04] task_conditioned refresh sync :: status=ok exit=0
[2026-07-03 21:38:06] task_conditioned refresh complete :: sync=ok sync_exit=0 stage=task_conditioned_tuning_completed_with_winner next_action=done live_phase=unknown round3=done,done,done,done,done,done winner=true duration=53s
[2026-07-03 21:48:25] task_conditioned refresh start :: sync_timeout=240s
[2026-07-03 21:49:16] task_conditioned refresh sync :: status=ok exit=0
[2026-07-03 21:49:20] task_conditioned refresh complete :: sync=ok sync_exit=0 stage=task_conditioned_tuning_completed_with_winner next_action=done live_phase=unknown round3=done,done,done,done,done,done winner=true duration=55s
[2026-07-03 21:59:39] task_conditioned refresh start :: sync_timeout=240s
[2026-07-03 22:00:30] task_conditioned refresh sync :: status=ok exit=0
[2026-07-03 22:00:33] task_conditioned refresh complete :: sync=ok sync_exit=0 stage=task_conditioned_tuning_completed_with_winner next_action=done live_phase=unknown round3=done,done,done,done,done,done winner=true duration=54s
[2026-07-03 22:10:56] task_conditioned refresh start :: sync_timeout=240s
[2026-07-03 22:11:47] task_conditioned refresh sync :: status=ok exit=0
[2026-07-03 22:11:51] task_conditioned refresh complete :: sync=ok sync_exit=0 stage=task_conditioned_tuning_completed_with_winner next_action=done live_phase=unknown round3=done,done,done,done,done,done winner=true duration=55s
[2026-07-03 22:22:12] task_conditioned refresh start :: sync_timeout=240s
[2026-07-03 22:23:03] task_conditioned refresh sync :: status=ok exit=0
[2026-07-03 22:23:06] task_conditioned refresh complete :: sync=ok sync_exit=0 stage=task_conditioned_tuning_completed_with_winner next_action=done live_phase=unknown round3=done,done,done,done,done,done winner=true duration=54s
[2026-07-03 22:33:28] task_conditioned refresh start :: sync_timeout=240s
[2026-07-03 22:34:19] task_conditioned refresh sync :: status=ok exit=0
[2026-07-03 22:34:21] task_conditioned refresh complete :: sync=ok sync_exit=0 stage=task_conditioned_tuning_completed_with_winner next_action=done live_phase=unknown round3=done,done,done,done,done,done winner=true duration=53s
[2026-07-03 22:44:47] task_conditioned refresh start :: sync_timeout=240s
[2026-07-03 22:45:37] task_conditioned refresh sync :: status=ok exit=0
[2026-07-03 22:45:40] task_conditioned refresh complete :: sync=ok sync_exit=0 stage=task_conditioned_tuning_completed_with_winner next_action=done live_phase=unknown round3=done,done,done,done,done,done winner=true duration=53s
[2026-07-03 22:56:02] task_conditioned refresh start :: sync_timeout=240s
[2026-07-03 22:56:54] task_conditioned refresh sync :: status=ok exit=0
[2026-07-03 22:56:56] task_conditioned refresh complete :: sync=ok sync_exit=0 stage=task_conditioned_tuning_completed_with_winner next_action=done live_phase=unknown round3=done,done,done,done,done,done winner=true duration=54s
[2026-07-03 23:07:21] task_conditioned refresh start :: sync_timeout=240s
[2026-07-03 23:08:12] task_conditioned refresh sync :: status=ok exit=0
[2026-07-03 23:08:15] task_conditioned refresh complete :: sync=ok sync_exit=0 stage=task_conditioned_tuning_completed_with_winner next_action=done live_phase=unknown round3=done,done,done,done,done,done winner=true duration=54s
[2026-07-03 23:18:37] task_conditioned refresh start :: sync_timeout=240s
[2026-07-03 23:19:28] task_conditioned refresh sync :: status=ok exit=0
[2026-07-03 23:19:31] task_conditioned refresh complete :: sync=ok sync_exit=0 stage=task_conditioned_tuning_completed_with_winner next_action=done live_phase=unknown round3=done,done,done,done,done,done winner=true duration=54s
[2026-07-03 23:29:55] task_conditioned refresh start :: sync_timeout=240s
[2026-07-03 23:30:46] task_conditioned refresh sync :: status=ok exit=0
[2026-07-03 23:30:50] task_conditioned refresh complete :: sync=ok sync_exit=0 stage=task_conditioned_tuning_completed_with_winner next_action=done live_phase=unknown round3=done,done,done,done,done,done winner=true duration=55s
[2026-07-03 23:41:16] task_conditioned refresh start :: sync_timeout=240s
[2026-07-03 23:42:07] task_conditioned refresh sync :: status=ok exit=0
[2026-07-03 23:42:10] task_conditioned refresh complete :: sync=ok sync_exit=0 stage=task_conditioned_tuning_completed_with_winner next_action=done live_phase=unknown round3=done,done,done,done,done,done winner=true duration=54s
[2026-07-03 23:52:36] task_conditioned refresh start :: sync_timeout=240s
[2026-07-03 23:53:27] task_conditioned refresh sync :: status=ok exit=0
[2026-07-03 23:53:30] task_conditioned refresh complete :: sync=ok sync_exit=0 stage=task_conditioned_tuning_completed_with_winner next_action=done live_phase=unknown round3=done,done,done,done,done,done winner=true duration=54s
[2026-07-04 00:03:54] task_conditioned refresh start :: sync_timeout=240s
[2026-07-04 00:04:44] task_conditioned refresh sync :: status=ok exit=0
[2026-07-04 00:04:47] task_conditioned refresh complete :: sync=ok sync_exit=0 stage=task_conditioned_tuning_completed_with_winner next_action=done live_phase=unknown round3=done,done,done,done,done,done winner=true duration=53s
[2026-07-04 00:15:14] task_conditioned refresh start :: sync_timeout=240s
[2026-07-04 00:16:07] task_conditioned refresh sync :: status=ok exit=0
[2026-07-04 00:16:10] task_conditioned refresh complete :: sync=ok sync_exit=0 stage=task_conditioned_tuning_completed_with_winner next_action=done live_phase=unknown round3=done,done,done,done,done,done winner=true duration=56s
[2026-07-04 00:26:38] task_conditioned refresh start :: sync_timeout=240s
[2026-07-04 00:27:30] task_conditioned refresh sync :: status=ok exit=0
[2026-07-04 00:27:33] task_conditioned refresh complete :: sync=ok sync_exit=0 stage=task_conditioned_tuning_completed_with_winner next_action=done live_phase=unknown round3=done,done,done,done,done,done winner=true duration=55s
[2026-07-04 00:38:01] task_conditioned refresh start :: sync_timeout=240s
[2026-07-04 00:38:53] task_conditioned refresh sync :: status=ok exit=0
[2026-07-04 00:38:56] task_conditioned refresh complete :: sync=ok sync_exit=0 stage=task_conditioned_tuning_completed_with_winner next_action=done live_phase=unknown round3=done,done,done,done,done,done winner=true duration=55s
[2026-07-04 00:49:24] task_conditioned refresh start :: sync_timeout=240s
[2026-07-04 00:50:17] task_conditioned refresh sync :: status=ok exit=0
[2026-07-04 00:50:20] task_conditioned refresh complete :: sync=ok sync_exit=0 stage=task_conditioned_tuning_completed_with_winner next_action=done live_phase=unknown round3=done,done,done,done,done,done winner=true duration=56s
[2026-07-04 01:00:48] task_conditioned refresh start :: sync_timeout=240s
[2026-07-04 01:01:40] task_conditioned refresh sync :: status=ok exit=0
[2026-07-04 01:01:42] task_conditioned refresh complete :: sync=ok sync_exit=0 stage=task_conditioned_tuning_completed_with_winner next_action=done live_phase=unknown round3=done,done,done,done,done,done winner=true duration=54s
[2026-07-04 01:12:10] task_conditioned refresh start :: sync_timeout=240s
[2026-07-04 01:13:01] task_conditioned refresh sync :: status=ok exit=0
[2026-07-04 01:13:04] task_conditioned refresh complete :: sync=ok sync_exit=0 stage=task_conditioned_tuning_completed_with_winner next_action=done live_phase=unknown round3=done,done,done,done,done,done winner=true duration=54s
[2026-07-04 01:23:26] task_conditioned refresh start :: sync_timeout=240s
[2026-07-04 01:24:18] task_conditioned refresh sync :: status=ok exit=0
[2026-07-04 01:24:21] task_conditioned refresh complete :: sync=ok sync_exit=0 stage=task_conditioned_tuning_completed_with_winner next_action=done live_phase=unknown round3=done,done,done,done,done,done winner=true duration=55s
[2026-07-04 01:34:47] task_conditioned refresh start :: sync_timeout=240s
[2026-07-04 01:35:37] task_conditioned refresh sync :: status=ok exit=0
[2026-07-04 01:35:40] task_conditioned refresh complete :: sync=ok sync_exit=0 stage=task_conditioned_tuning_completed_with_winner next_action=done live_phase=unknown round3=done,done,done,done,done,done winner=true duration=53s
[2026-07-04 01:46:09] task_conditioned refresh start :: sync_timeout=240s
[2026-07-04 01:47:00] task_conditioned refresh sync :: status=ok exit=0
[2026-07-04 01:47:03] task_conditioned refresh complete :: sync=ok sync_exit=0 stage=task_conditioned_tuning_completed_with_winner next_action=done live_phase=unknown round3=done,done,done,done,done,done winner=true duration=54s
[2026-07-04 01:57:32] task_conditioned refresh start :: sync_timeout=240s
[2026-07-04 01:58:23] task_conditioned refresh sync :: status=ok exit=0
[2026-07-04 01:58:26] task_conditioned refresh complete :: sync=ok sync_exit=0 stage=task_conditioned_tuning_completed_with_winner next_action=done live_phase=unknown round3=done,done,done,done,done,done winner=true duration=54s
[2026-07-04 02:08:57] task_conditioned refresh start :: sync_timeout=240s
[2026-07-04 02:09:47] task_conditioned refresh sync :: status=ok exit=0
[2026-07-04 02:09:51] task_conditioned refresh complete :: sync=ok sync_exit=0 stage=task_conditioned_tuning_completed_with_winner next_action=done live_phase=unknown round3=done,done,done,done,done,done winner=true duration=54s
[2026-07-04 02:20:21] task_conditioned refresh start :: sync_timeout=240s
[2026-07-04 02:21:12] task_conditioned refresh sync :: status=ok exit=0
[2026-07-04 02:21:15] task_conditioned refresh complete :: sync=ok sync_exit=0 stage=task_conditioned_tuning_completed_with_winner next_action=done live_phase=unknown round3=done,done,done,done,done,done winner=true duration=54s
[2026-07-04 02:31:46] task_conditioned refresh start :: sync_timeout=240s
[2026-07-04 02:32:36] task_conditioned refresh sync :: status=ok exit=0
[2026-07-04 02:32:38] task_conditioned refresh complete :: sync=ok sync_exit=0 stage=task_conditioned_tuning_completed_with_winner next_action=done live_phase=unknown round3=done,done,done,done,done,done winner=true duration=52s
[2026-07-04 02:43:10] task_conditioned refresh start :: sync_timeout=240s
[2026-07-04 02:44:02] task_conditioned refresh sync :: status=ok exit=0
[2026-07-04 02:44:05] task_conditioned refresh complete :: sync=ok sync_exit=0 stage=task_conditioned_tuning_completed_with_winner next_action=done live_phase=unknown round3=done,done,done,done,done,done winner=true duration=55s
[2026-07-04 02:54:37] task_conditioned refresh start :: sync_timeout=240s
[2026-07-04 02:55:27] task_conditioned refresh sync :: status=ok exit=0
[2026-07-04 02:55:30] task_conditioned refresh complete :: sync=ok sync_exit=0 stage=task_conditioned_tuning_completed_with_winner next_action=done live_phase=unknown round3=done,done,done,done,done,done winner=true duration=53s
[2026-07-04 03:06:02] task_conditioned refresh start :: sync_timeout=240s
[2026-07-04 03:06:54] task_conditioned refresh sync :: status=ok exit=0
[2026-07-04 03:06:56] task_conditioned refresh complete :: sync=ok sync_exit=0 stage=task_conditioned_tuning_completed_with_winner next_action=done live_phase=unknown round3=done,done,done,done,done,done winner=true duration=54s
[2026-07-04 03:17:29] task_conditioned refresh start :: sync_timeout=240s
[2026-07-04 03:18:01] task_conditioned refresh sync :: status=failed exit=255
[2026-07-04 03:18:04] task_conditioned refresh complete :: sync=failed sync_exit=255 stage=task_conditioned_tuning_completed_with_winner next_action=done live_phase=unknown round3=done,done,done,done,done,done winner=true duration=35s
[2026-07-04 03:28:36] task_conditioned refresh start :: sync_timeout=240s
[2026-07-04 03:29:26] task_conditioned refresh sync :: status=ok exit=0
[2026-07-04 03:29:30] task_conditioned refresh complete :: sync=ok sync_exit=0 stage=task_conditioned_tuning_completed_with_winner next_action=done live_phase=unknown round3=done,done,done,done,done,done winner=true duration=54s
[2026-07-04 03:40:02] task_conditioned refresh start :: sync_timeout=240s
[2026-07-04 03:40:54] task_conditioned refresh sync :: status=ok exit=0
[2026-07-04 03:40:56] task_conditioned refresh complete :: sync=ok sync_exit=0 stage=task_conditioned_tuning_completed_with_winner next_action=done live_phase=unknown round3=done,done,done,done,done,done winner=true duration=54s
[2026-07-04 03:51:30] task_conditioned refresh start :: sync_timeout=240s
[2026-07-04 03:52:20] task_conditioned refresh sync :: status=ok exit=0
[2026-07-04 03:52:24] task_conditioned refresh complete :: sync=ok sync_exit=0 stage=task_conditioned_tuning_completed_with_winner next_action=done live_phase=unknown round3=done,done,done,done,done,done winner=true duration=54s
[2026-07-04 04:02:56] task_conditioned refresh start :: sync_timeout=240s
[2026-07-04 04:03:47] task_conditioned refresh sync :: status=ok exit=0
[2026-07-04 04:03:50] task_conditioned refresh complete :: sync=ok sync_exit=0 stage=task_conditioned_tuning_completed_with_winner next_action=done live_phase=unknown round3=done,done,done,done,done,done winner=true duration=54s
[2026-07-04 04:14:23] task_conditioned refresh start :: sync_timeout=240s
[2026-07-04 04:15:12] task_conditioned refresh sync :: status=ok exit=0
[2026-07-04 04:15:15] task_conditioned refresh complete :: sync=ok sync_exit=0 stage=task_conditioned_tuning_completed_with_winner next_action=done live_phase=unknown round3=done,done,done,done,done,done winner=true duration=52s
[2026-07-04 04:25:49] task_conditioned refresh start :: sync_timeout=240s
[2026-07-04 04:26:41] task_conditioned refresh sync :: status=ok exit=0
[2026-07-04 04:26:44] task_conditioned refresh complete :: sync=ok sync_exit=0 stage=task_conditioned_tuning_completed_with_winner next_action=done live_phase=unknown round3=done,done,done,done,done,done winner=true duration=55s
[2026-07-04 04:37:17] task_conditioned refresh start :: sync_timeout=240s
[2026-07-04 04:38:07] task_conditioned refresh sync :: status=ok exit=0
[2026-07-04 04:38:10] task_conditioned refresh complete :: sync=ok sync_exit=0 stage=task_conditioned_tuning_completed_with_winner next_action=done live_phase=unknown round3=done,done,done,done,done,done winner=true duration=53s
[2026-07-04 04:48:43] task_conditioned refresh start :: sync_timeout=240s
[2026-07-04 04:49:35] task_conditioned refresh sync :: status=ok exit=0
[2026-07-04 04:49:38] task_conditioned refresh complete :: sync=ok sync_exit=0 stage=task_conditioned_tuning_completed_with_winner next_action=done live_phase=unknown round3=done,done,done,done,done,done winner=true duration=55s
[2026-07-04 05:00:12] task_conditioned refresh start :: sync_timeout=240s
[2026-07-04 05:01:01] task_conditioned refresh sync :: status=ok exit=0
[2026-07-04 05:01:04] task_conditioned refresh complete :: sync=ok sync_exit=0 stage=task_conditioned_tuning_completed_with_winner next_action=done live_phase=unknown round3=done,done,done,done,done,done winner=true duration=52s
[2026-07-04 05:11:38] task_conditioned refresh start :: sync_timeout=240s
[2026-07-04 05:12:28] task_conditioned refresh sync :: status=ok exit=0
[2026-07-04 05:12:32] task_conditioned refresh complete :: sync=ok sync_exit=0 stage=task_conditioned_tuning_completed_with_winner next_action=done live_phase=unknown round3=done,done,done,done,done,done winner=true duration=54s
[2026-07-04 05:23:04] task_conditioned refresh start :: sync_timeout=240s
[2026-07-04 05:23:55] task_conditioned refresh sync :: status=ok exit=0
[2026-07-04 05:23:58] task_conditioned refresh complete :: sync=ok sync_exit=0 stage=task_conditioned_tuning_completed_with_winner next_action=done live_phase=unknown round3=done,done,done,done,done,done winner=true duration=54s
[2026-07-04 05:34:33] task_conditioned refresh start :: sync_timeout=240s
[2026-07-04 05:35:22] task_conditioned refresh sync :: status=ok exit=0
[2026-07-04 05:35:25] task_conditioned refresh complete :: sync=ok sync_exit=0 stage=task_conditioned_tuning_completed_with_winner next_action=done live_phase=unknown round3=done,done,done,done,done,done winner=true duration=52s
[2026-07-04 05:46:00] task_conditioned refresh start :: sync_timeout=240s
[2026-07-04 05:46:52] task_conditioned refresh sync :: status=ok exit=0
[2026-07-04 05:46:55] task_conditioned refresh complete :: sync=ok sync_exit=0 stage=task_conditioned_tuning_completed_with_winner next_action=done live_phase=unknown round3=done,done,done,done,done,done winner=true duration=55s
[2026-07-04 05:57:31] task_conditioned refresh start :: sync_timeout=240s
[2026-07-04 05:58:21] task_conditioned refresh sync :: status=ok exit=0
[2026-07-04 05:58:24] task_conditioned refresh complete :: sync=ok sync_exit=0 stage=task_conditioned_tuning_completed_with_winner next_action=done live_phase=unknown round3=done,done,done,done,done,done winner=true duration=53s
[2026-07-04 06:08:59] task_conditioned refresh start :: sync_timeout=240s
[2026-07-04 06:09:50] task_conditioned refresh sync :: status=ok exit=0
[2026-07-04 06:09:53] task_conditioned refresh complete :: sync=ok sync_exit=0 stage=task_conditioned_tuning_completed_with_winner next_action=done live_phase=unknown round3=done,done,done,done,done,done winner=true duration=54s
[2026-07-04 06:20:18] task_conditioned refresh start :: sync_timeout=240s
[2026-07-04 06:20:39] task_conditioned refresh sync :: status=failed exit=255
[2026-07-04 06:20:41] task_conditioned refresh complete :: sync=failed sync_exit=255 stage=task_conditioned_tuning_completed_with_winner next_action=done live_phase=unknown round3=done,done,done,done,done,done winner=true duration=23s
[2026-07-04 06:31:10] task_conditioned refresh start :: sync_timeout=240s
[2026-07-04 06:32:02] task_conditioned refresh sync :: status=ok exit=0
[2026-07-04 06:32:05] task_conditioned refresh complete :: sync=ok sync_exit=0 stage=task_conditioned_tuning_completed_with_winner next_action=done live_phase=unknown round3=done,done,done,done,done,done winner=true duration=55s
[2026-07-04 06:42:38] task_conditioned refresh start :: sync_timeout=240s
[2026-07-04 06:43:28] task_conditioned refresh sync :: status=ok exit=0
[2026-07-04 06:43:31] task_conditioned refresh complete :: sync=ok sync_exit=0 stage=task_conditioned_tuning_completed_with_winner next_action=done live_phase=unknown round3=done,done,done,done,done,done winner=true duration=53s
[2026-07-04 06:54:04] task_conditioned refresh start :: sync_timeout=240s
[2026-07-04 06:54:55] task_conditioned refresh sync :: status=ok exit=0
[2026-07-04 06:54:58] task_conditioned refresh complete :: sync=ok sync_exit=0 stage=task_conditioned_tuning_completed_with_winner next_action=done live_phase=unknown round3=done,done,done,done,done,done winner=true duration=54s
[2026-07-04 07:05:31] task_conditioned refresh start :: sync_timeout=240s
[2026-07-04 07:06:22] task_conditioned refresh sync :: status=ok exit=0
[2026-07-04 07:06:25] task_conditioned refresh complete :: sync=ok sync_exit=0 stage=task_conditioned_tuning_completed_with_winner next_action=done live_phase=unknown round3=done,done,done,done,done,done winner=true duration=54s
[2026-07-04 07:17:00] task_conditioned refresh start :: sync_timeout=240s
[2026-07-04 07:17:50] task_conditioned refresh sync :: status=ok exit=0
[2026-07-04 07:17:53] task_conditioned refresh complete :: sync=ok sync_exit=0 stage=task_conditioned_tuning_completed_with_winner next_action=done live_phase=unknown round3=done,done,done,done,done,done winner=true duration=53s
[2026-07-04 07:28:21] task_conditioned refresh start :: sync_timeout=240s
[2026-07-04 07:29:12] task_conditioned refresh sync :: status=ok exit=0
[2026-07-04 07:29:15] task_conditioned refresh complete :: sync=ok sync_exit=0 stage=task_conditioned_tuning_completed_with_winner next_action=done live_phase=unknown round3=done,done,done,done,done,done winner=true duration=54s
[2026-07-04 07:39:42] task_conditioned refresh start :: sync_timeout=240s
[2026-07-04 07:40:33] task_conditioned refresh sync :: status=ok exit=0
[2026-07-04 07:40:36] task_conditioned refresh complete :: sync=ok sync_exit=0 stage=task_conditioned_tuning_completed_with_winner next_action=done live_phase=unknown round3=done,done,done,done,done,done winner=true duration=54s
[2026-07-04 07:51:04] task_conditioned refresh start :: sync_timeout=240s
[2026-07-04 07:51:55] task_conditioned refresh sync :: status=ok exit=0
[2026-07-04 07:51:58] task_conditioned refresh complete :: sync=ok sync_exit=0 stage=task_conditioned_tuning_completed_with_winner next_action=done live_phase=unknown round3=done,done,done,done,done,done winner=true duration=54s
[2026-07-04 08:02:31] task_conditioned refresh start :: sync_timeout=240s
[2026-07-04 08:03:22] task_conditioned refresh sync :: status=ok exit=0
[2026-07-04 08:03:25] task_conditioned refresh complete :: sync=ok sync_exit=0 stage=task_conditioned_tuning_completed_with_winner next_action=done live_phase=unknown round3=done,done,done,done,done,done winner=true duration=54s
[2026-07-04 08:14:00] task_conditioned refresh start :: sync_timeout=240s
[2026-07-04 08:14:51] task_conditioned refresh sync :: status=ok exit=0
[2026-07-04 08:14:53] task_conditioned refresh complete :: sync=ok sync_exit=0 stage=task_conditioned_tuning_completed_with_winner next_action=done live_phase=unknown round3=done,done,done,done,done,done winner=true duration=53s
[2026-07-04 08:25:29] task_conditioned refresh start :: sync_timeout=240s
[2026-07-04 08:26:20] task_conditioned refresh sync :: status=ok exit=0
[2026-07-04 08:26:23] task_conditioned refresh complete :: sync=ok sync_exit=0 stage=task_conditioned_tuning_completed_with_winner next_action=done live_phase=unknown round3=done,done,done,done,done,done winner=true duration=54s
[2026-07-04 08:36:59] task_conditioned refresh start :: sync_timeout=240s
[2026-07-04 08:37:50] task_conditioned refresh sync :: status=ok exit=0
[2026-07-04 08:37:53] task_conditioned refresh complete :: sync=ok sync_exit=0 stage=task_conditioned_tuning_completed_with_winner next_action=done live_phase=unknown round3=done,done,done,done,done,done winner=true duration=54s
[2026-07-04 08:48:29] task_conditioned refresh start :: sync_timeout=240s
[2026-07-04 08:49:20] task_conditioned refresh sync :: status=ok exit=0
[2026-07-04 08:49:23] task_conditioned refresh complete :: sync=ok sync_exit=0 stage=task_conditioned_tuning_completed_with_winner next_action=done live_phase=unknown round3=done,done,done,done,done,done winner=true duration=54s
[2026-07-04 08:59:59] task_conditioned refresh start :: sync_timeout=240s
[2026-07-04 09:00:51] task_conditioned refresh sync :: status=ok exit=0
[2026-07-04 09:00:53] task_conditioned refresh complete :: sync=ok sync_exit=0 stage=task_conditioned_tuning_completed_with_winner next_action=done live_phase=unknown round3=done,done,done,done,done,done winner=true duration=54s
[2026-07-04 09:11:29] task_conditioned refresh start :: sync_timeout=240s
[2026-07-04 09:12:21] task_conditioned refresh sync :: status=ok exit=0
[2026-07-04 09:12:24] task_conditioned refresh complete :: sync=ok sync_exit=0 stage=task_conditioned_tuning_completed_with_winner next_action=done live_phase=unknown round3=done,done,done,done,done,done winner=true duration=55s
[2026-07-04 09:23:01] task_conditioned refresh start :: sync_timeout=240s
[2026-07-04 09:23:51] task_conditioned refresh sync :: status=ok exit=0
[2026-07-04 09:23:55] task_conditioned refresh complete :: sync=ok sync_exit=0 stage=task_conditioned_tuning_completed_with_winner next_action=done live_phase=unknown round3=done,done,done,done,done,done winner=true duration=54s
[2026-07-04 09:34:30] task_conditioned refresh start :: sync_timeout=240s
[2026-07-04 09:35:21] task_conditioned refresh sync :: status=ok exit=0
[2026-07-04 09:35:24] task_conditioned refresh complete :: sync=ok sync_exit=0 stage=task_conditioned_tuning_completed_with_winner next_action=done live_phase=unknown round3=done,done,done,done,done,done winner=true duration=54s
[2026-07-04 09:46:00] task_conditioned refresh start :: sync_timeout=240s
[2026-07-04 09:46:51] task_conditioned refresh sync :: status=ok exit=0
[2026-07-04 09:46:54] task_conditioned refresh complete :: sync=ok sync_exit=0 stage=task_conditioned_tuning_completed_with_winner next_action=done live_phase=unknown round3=done,done,done,done,done,done winner=true duration=54s
[2026-07-04 09:57:31] task_conditioned refresh start :: sync_timeout=240s
[2026-07-04 09:58:52] task_conditioned refresh sync :: status=ok exit=0
[2026-07-04 09:58:54] task_conditioned refresh complete :: sync=ok sync_exit=0 stage=task_conditioned_tuning_completed_with_winner next_action=done live_phase=unknown round3=done,done,done,done,done,done winner=true duration=83s
[2026-07-04 10:09:33] task_conditioned refresh start :: sync_timeout=240s
[2026-07-04 10:10:23] task_conditioned refresh sync :: status=ok exit=0
[2026-07-04 10:10:26] task_conditioned refresh complete :: sync=ok sync_exit=0 stage=task_conditioned_tuning_completed_with_winner next_action=done live_phase=unknown round3=done,done,done,done,done,done winner=true duration=53s
[2026-07-04 10:21:05] task_conditioned refresh start :: sync_timeout=240s
[2026-07-04 10:21:55] task_conditioned refresh sync :: status=ok exit=0
[2026-07-04 10:22:00] task_conditioned refresh complete :: sync=ok sync_exit=0 stage=task_conditioned_tuning_completed_with_winner next_action=done live_phase=unknown round3=done,done,done,done,done,done winner=true duration=55s
[2026-07-04 10:32:37] task_conditioned refresh start :: sync_timeout=240s
[2026-07-04 10:33:29] task_conditioned refresh sync :: status=ok exit=0
[2026-07-04 10:33:32] task_conditioned refresh complete :: sync=ok sync_exit=0 stage=task_conditioned_tuning_completed_with_winner next_action=done live_phase=unknown round3=done,done,done,done,done,done winner=true duration=55s
[2026-07-04 10:44:11] task_conditioned refresh start :: sync_timeout=240s
[2026-07-04 10:45:09] task_conditioned refresh sync :: status=ok exit=0
[2026-07-04 10:45:12] task_conditioned refresh complete :: sync=ok sync_exit=0 stage=task_conditioned_tuning_completed_with_winner next_action=done live_phase=unknown round3=done,done,done,done,done,done winner=true duration=61s
[2026-07-04 10:55:50] task_conditioned refresh start :: sync_timeout=240s
[2026-07-04 10:56:43] task_conditioned refresh sync :: status=ok exit=0
[2026-07-04 10:56:46] task_conditioned refresh complete :: sync=ok sync_exit=0 stage=task_conditioned_tuning_completed_with_winner next_action=done live_phase=unknown round3=done,done,done,done,done,done winner=true duration=56s
[2026-07-04 11:07:22] task_conditioned refresh start :: sync_timeout=240s
[2026-07-04 11:08:12] task_conditioned refresh sync :: status=ok exit=0
[2026-07-04 11:08:15] task_conditioned refresh complete :: sync=ok sync_exit=0 stage=task_conditioned_tuning_completed_with_winner next_action=done live_phase=unknown round3=done,done,done,done,done,done winner=true duration=53s
[2026-07-04 11:18:53] task_conditioned refresh start :: sync_timeout=240s
[2026-07-04 11:19:46] task_conditioned refresh sync :: status=ok exit=0
[2026-07-04 11:19:48] task_conditioned refresh complete :: sync=ok sync_exit=0 stage=task_conditioned_tuning_completed_with_winner next_action=done live_phase=unknown round3=done,done,done,done,done,done winner=true duration=55s
[2026-07-04 11:30:27] task_conditioned refresh start :: sync_timeout=240s
[2026-07-04 11:31:17] task_conditioned refresh sync :: status=ok exit=0
[2026-07-04 11:31:20] task_conditioned refresh complete :: sync=ok sync_exit=0 stage=task_conditioned_tuning_completed_with_winner next_action=done live_phase=unknown round3=done,done,done,done,done,done winner=true duration=53s
[2026-07-04 11:41:59] task_conditioned refresh start :: sync_timeout=240s
[2026-07-04 11:42:50] task_conditioned refresh sync :: status=ok exit=0
[2026-07-04 11:42:55] task_conditioned refresh complete :: sync=ok sync_exit=0 stage=task_conditioned_tuning_completed_with_winner next_action=done live_phase=unknown round3=done,done,done,done,done,done winner=true duration=56s
[2026-07-04 11:53:32] task_conditioned refresh start :: sync_timeout=240s
[2026-07-04 11:54:24] task_conditioned refresh sync :: status=ok exit=0
[2026-07-04 11:54:27] task_conditioned refresh complete :: sync=ok sync_exit=0 stage=task_conditioned_tuning_completed_with_winner next_action=done live_phase=unknown round3=done,done,done,done,done,done winner=true duration=55s
[2026-07-04 12:05:07] task_conditioned refresh start :: sync_timeout=240s
[2026-07-04 12:05:58] task_conditioned refresh sync :: status=ok exit=0
[2026-07-04 12:06:01] task_conditioned refresh complete :: sync=ok sync_exit=0 stage=task_conditioned_tuning_completed_with_winner next_action=done live_phase=unknown round3=done,done,done,done,done,done winner=true duration=54s
[2026-07-04 12:16:43] task_conditioned refresh start :: sync_timeout=240s
[2026-07-04 12:17:36] task_conditioned refresh sync :: status=ok exit=0
[2026-07-04 12:17:39] task_conditioned refresh complete :: sync=ok sync_exit=0 stage=task_conditioned_tuning_completed_with_winner next_action=done live_phase=unknown round3=done,done,done,done,done,done winner=true duration=56s
[2026-07-04 12:28:17] task_conditioned refresh start :: sync_timeout=240s
[2026-07-04 12:29:10] task_conditioned refresh sync :: status=ok exit=0
[2026-07-04 12:29:13] task_conditioned refresh complete :: sync=ok sync_exit=0 stage=task_conditioned_tuning_completed_with_winner next_action=done live_phase=unknown round3=done,done,done,done,done,done winner=true duration=56s
[2026-07-04 12:39:53] task_conditioned refresh start :: sync_timeout=240s
[2026-07-04 12:40:44] task_conditioned refresh sync :: status=ok exit=0
[2026-07-04 12:40:49] task_conditioned refresh complete :: sync=ok sync_exit=0 stage=task_conditioned_tuning_completed_with_winner next_action=done live_phase=unknown round3=done,done,done,done,done,done winner=true duration=56s
[2026-07-04 12:51:27] task_conditioned refresh start :: sync_timeout=240s
[2026-07-04 12:52:22] task_conditioned refresh sync :: status=ok exit=0
[2026-07-04 12:52:25] task_conditioned refresh complete :: sync=ok sync_exit=0 stage=task_conditioned_tuning_completed_with_winner next_action=done live_phase=unknown round3=done,done,done,done,done,done winner=true duration=58s
[2026-07-04 13:03:06] task_conditioned refresh start :: sync_timeout=240s
[2026-07-04 13:03:57] task_conditioned refresh sync :: status=ok exit=0
[2026-07-04 13:03:59] task_conditioned refresh complete :: sync=ok sync_exit=0 stage=task_conditioned_tuning_completed_with_winner next_action=done live_phase=unknown round3=done,done,done,done,done,done winner=true duration=53s
[2026-07-04 13:14:43] task_conditioned refresh start :: sync_timeout=240s
[2026-07-04 13:15:37] task_conditioned refresh sync :: status=ok exit=0
[2026-07-04 13:15:39] task_conditioned refresh complete :: sync=ok sync_exit=0 stage=task_conditioned_tuning_completed_with_winner next_action=done live_phase=unknown round3=done,done,done,done,done,done winner=true duration=56s
[2026-07-04 13:26:22] task_conditioned refresh start :: sync_timeout=240s
[2026-07-04 13:27:15] task_conditioned refresh sync :: status=ok exit=0
[2026-07-04 13:27:18] task_conditioned refresh complete :: sync=ok sync_exit=0 stage=task_conditioned_tuning_completed_with_winner next_action=done live_phase=unknown round3=done,done,done,done,done,done winner=true duration=56s
[2026-07-04 13:38:00] task_conditioned refresh start :: sync_timeout=240s
[2026-07-04 13:38:52] task_conditioned refresh sync :: status=ok exit=0
[2026-07-04 13:38:55] task_conditioned refresh complete :: sync=ok sync_exit=0 stage=task_conditioned_tuning_completed_with_winner next_action=done live_phase=unknown round3=done,done,done,done,done,done winner=true duration=55s
[2026-07-04 13:49:34] task_conditioned refresh start :: sync_timeout=240s
[2026-07-04 13:50:26] task_conditioned refresh sync :: status=ok exit=0
[2026-07-04 13:50:29] task_conditioned refresh complete :: sync=ok sync_exit=0 stage=task_conditioned_tuning_completed_with_winner next_action=done live_phase=unknown round3=done,done,done,done,done,done winner=true duration=55s
[2026-07-04 14:01:09] task_conditioned refresh start :: sync_timeout=240s
[2026-07-04 14:02:01] task_conditioned refresh sync :: status=ok exit=0
[2026-07-04 14:02:04] task_conditioned refresh complete :: sync=ok sync_exit=0 stage=task_conditioned_tuning_completed_with_winner next_action=done live_phase=unknown round3=done,done,done,done,done,done winner=true duration=55s
[2026-07-04 14:12:46] task_conditioned refresh start :: sync_timeout=240s
[2026-07-04 14:13:41] task_conditioned refresh sync :: status=ok exit=0
[2026-07-04 14:13:44] task_conditioned refresh complete :: sync=ok sync_exit=0 stage=task_conditioned_tuning_completed_with_winner next_action=done live_phase=unknown round3=done,done,done,done,done,done winner=true duration=58s
[2026-07-04 14:24:24] task_conditioned refresh start :: sync_timeout=240s
[2026-07-04 14:25:16] task_conditioned refresh sync :: status=ok exit=0
[2026-07-04 14:25:19] task_conditioned refresh complete :: sync=ok sync_exit=0 stage=task_conditioned_tuning_completed_with_winner next_action=done live_phase=unknown round3=done,done,done,done,done,done winner=true duration=55s
[2026-07-04 14:35:57] task_conditioned refresh start :: sync_timeout=240s
[2026-07-04 14:36:56] task_conditioned refresh sync :: status=ok exit=0
[2026-07-04 14:36:58] task_conditioned refresh complete :: sync=ok sync_exit=0 stage=task_conditioned_tuning_completed_with_winner next_action=done live_phase=unknown round3=done,done,done,done,done,done winner=true duration=61s
[2026-07-04 14:47:40] task_conditioned refresh start :: sync_timeout=240s
[2026-07-04 14:48:33] task_conditioned refresh sync :: status=ok exit=0
[2026-07-04 14:48:36] task_conditioned refresh complete :: sync=ok sync_exit=0 stage=task_conditioned_tuning_completed_with_winner next_action=done live_phase=unknown round3=done,done,done,done,done,done winner=true duration=56s
[2026-07-04 14:59:19] task_conditioned refresh start :: sync_timeout=240s
[2026-07-04 15:00:13] task_conditioned refresh sync :: status=ok exit=0
[2026-07-04 15:00:16] task_conditioned refresh complete :: sync=ok sync_exit=0 stage=task_conditioned_tuning_completed_with_winner next_action=done live_phase=unknown round3=done,done,done,done,done,done winner=true duration=57s
[2026-07-04 15:10:56] task_conditioned refresh start :: sync_timeout=240s
[2026-07-04 15:11:54] task_conditioned refresh sync :: status=ok exit=0
[2026-07-04 15:11:57] task_conditioned refresh complete :: sync=ok sync_exit=0 stage=task_conditioned_tuning_completed_with_winner next_action=done live_phase=unknown round3=done,done,done,done,done,done winner=true duration=61s
[2026-07-04 15:22:38] task_conditioned refresh start :: sync_timeout=240s
[2026-07-04 15:23:31] task_conditioned refresh sync :: status=ok exit=0
[2026-07-04 15:23:33] task_conditioned refresh complete :: sync=ok sync_exit=0 stage=task_conditioned_tuning_completed_with_winner next_action=done live_phase=unknown round3=done,done,done,done,done,done winner=true duration=55s
[2026-07-04 15:34:16] task_conditioned refresh start :: sync_timeout=240s
[2026-07-04 15:35:07] task_conditioned refresh sync :: status=ok exit=0
[2026-07-04 15:35:10] task_conditioned refresh complete :: sync=ok sync_exit=0 stage=task_conditioned_tuning_completed_with_winner next_action=done live_phase=unknown round3=done,done,done,done,done,done winner=true duration=54s
[2026-07-04 15:45:53] task_conditioned refresh start :: sync_timeout=240s
[2026-07-04 15:46:53] task_conditioned refresh sync :: status=ok exit=0
[2026-07-04 15:46:56] task_conditioned refresh complete :: sync=ok sync_exit=0 stage=task_conditioned_tuning_completed_with_winner next_action=done live_phase=unknown round3=done,done,done,done,done,done winner=true duration=63s
[2026-07-04 15:57:36] task_conditioned refresh start :: sync_timeout=240s
[2026-07-04 15:58:28] task_conditioned refresh sync :: status=ok exit=0
[2026-07-04 15:58:31] task_conditioned refresh complete :: sync=ok sync_exit=0 stage=task_conditioned_tuning_completed_with_winner next_action=done live_phase=unknown round3=done,done,done,done,done,done winner=true duration=55s
[2026-07-04 16:09:14] task_conditioned refresh start :: sync_timeout=240s
[2026-07-04 16:10:06] task_conditioned refresh sync :: status=ok exit=0
[2026-07-04 16:10:09] task_conditioned refresh complete :: sync=ok sync_exit=0 stage=task_conditioned_tuning_completed_with_winner next_action=done live_phase=unknown round3=done,done,done,done,done,done winner=true duration=55s
[2026-07-04 16:20:52] task_conditioned refresh start :: sync_timeout=240s
[2026-07-04 16:21:44] task_conditioned refresh sync :: status=ok exit=0
[2026-07-04 16:21:47] task_conditioned refresh complete :: sync=ok sync_exit=0 stage=task_conditioned_tuning_completed_with_winner next_action=done live_phase=unknown round3=done,done,done,done,done,done winner=true duration=55s
[2026-07-04 16:32:30] task_conditioned refresh start :: sync_timeout=240s
[2026-07-04 16:33:24] task_conditioned refresh sync :: status=ok exit=0
[2026-07-04 16:33:27] task_conditioned refresh complete :: sync=ok sync_exit=0 stage=task_conditioned_tuning_completed_with_winner next_action=done live_phase=unknown round3=done,done,done,done,done,done winner=true duration=57s
[2026-07-04 16:44:10] task_conditioned refresh start :: sync_timeout=240s
[2026-07-04 16:45:00] task_conditioned refresh sync :: status=ok exit=0
[2026-07-04 16:45:05] task_conditioned refresh complete :: sync=ok sync_exit=0 stage=task_conditioned_tuning_completed_with_winner next_action=done live_phase=unknown round3=done,done,done,done,done,done winner=true duration=55s
[2026-07-04 16:55:47] task_conditioned refresh start :: sync_timeout=240s
[2026-07-04 16:56:40] task_conditioned refresh sync :: status=ok exit=0
[2026-07-04 16:56:43] task_conditioned refresh complete :: sync=ok sync_exit=0 stage=task_conditioned_tuning_completed_with_winner next_action=done live_phase=unknown round3=done,done,done,done,done,done winner=true duration=56s
[2026-07-04 17:07:25] task_conditioned refresh start :: sync_timeout=240s
[2026-07-04 17:08:15] task_conditioned refresh sync :: status=ok exit=0
[2026-07-04 17:08:18] task_conditioned refresh complete :: sync=ok sync_exit=0 stage=task_conditioned_tuning_completed_with_winner next_action=done live_phase=unknown round3=done,done,done,done,done,done winner=true duration=53s
[2026-07-04 17:19:02] task_conditioned refresh start :: sync_timeout=240s
[2026-07-04 17:19:57] task_conditioned refresh sync :: status=ok exit=0
[2026-07-04 17:19:59] task_conditioned refresh complete :: sync=ok sync_exit=0 stage=task_conditioned_tuning_completed_with_winner next_action=done live_phase=unknown round3=done,done,done,done,done,done winner=true duration=57s
[2026-07-04 17:30:42] task_conditioned refresh start :: sync_timeout=240s
[2026-07-04 17:31:35] task_conditioned refresh sync :: status=ok exit=0
[2026-07-04 17:31:37] task_conditioned refresh complete :: sync=ok sync_exit=0 stage=task_conditioned_tuning_completed_with_winner next_action=done live_phase=unknown round3=done,done,done,done,done,done winner=true duration=55s
[2026-07-04 17:42:21] task_conditioned refresh start :: sync_timeout=240s
[2026-07-04 17:43:12] task_conditioned refresh sync :: status=ok exit=0
[2026-07-04 17:43:15] task_conditioned refresh complete :: sync=ok sync_exit=0 stage=task_conditioned_tuning_completed_with_winner next_action=done live_phase=unknown round3=done,done,done,done,done,done winner=true duration=54s
[2026-07-04 17:53:59] task_conditioned refresh start :: sync_timeout=240s
[2026-07-04 17:54:52] task_conditioned refresh sync :: status=ok exit=0
[2026-07-04 17:54:54] task_conditioned refresh complete :: sync=ok sync_exit=0 stage=task_conditioned_tuning_completed_with_winner next_action=done live_phase=unknown round3=done,done,done,done,done,done winner=true duration=55s
[2026-07-04 18:05:38] task_conditioned refresh start :: sync_timeout=240s
[2026-07-04 18:06:29] task_conditioned refresh sync :: status=ok exit=0
[2026-07-04 18:06:32] task_conditioned refresh complete :: sync=ok sync_exit=0 stage=task_conditioned_tuning_completed_with_winner next_action=done live_phase=unknown round3=done,done,done,done,done,done winner=true duration=54s
[2026-07-04 18:17:15] task_conditioned refresh start :: sync_timeout=240s
[2026-07-04 18:18:05] task_conditioned refresh sync :: status=ok exit=0
[2026-07-04 18:18:10] task_conditioned refresh complete :: sync=ok sync_exit=0 stage=task_conditioned_tuning_completed_with_winner next_action=done live_phase=unknown round3=done,done,done,done,done,done winner=true duration=55s
[2026-07-04 18:28:52] task_conditioned refresh start :: sync_timeout=240s
[2026-07-04 18:29:44] task_conditioned refresh sync :: status=ok exit=0
[2026-07-04 18:29:47] task_conditioned refresh complete :: sync=ok sync_exit=0 stage=task_conditioned_tuning_completed_with_winner next_action=done live_phase=unknown round3=done,done,done,done,done,done winner=true duration=55s
[2026-07-04 18:40:32] task_conditioned refresh start :: sync_timeout=240s
[2026-07-04 18:41:23] task_conditioned refresh sync :: status=ok exit=0
[2026-07-04 18:41:26] task_conditioned refresh complete :: sync=ok sync_exit=0 stage=task_conditioned_tuning_completed_with_winner next_action=done live_phase=unknown round3=done,done,done,done,done,done winner=true duration=54s
[2026-07-04 18:52:13] task_conditioned refresh start :: sync_timeout=240s
[2026-07-04 18:53:13] task_conditioned refresh sync :: status=ok exit=0
[2026-07-04 18:53:16] task_conditioned refresh complete :: sync=ok sync_exit=0 stage=task_conditioned_tuning_completed_with_winner next_action=done live_phase=unknown round3=done,done,done,done,done,done winner=true duration=63s
[2026-07-04 19:04:02] task_conditioned refresh start :: sync_timeout=240s
[2026-07-04 19:04:53] task_conditioned refresh sync :: status=ok exit=0
[2026-07-04 19:04:56] task_conditioned refresh complete :: sync=ok sync_exit=0 stage=task_conditioned_tuning_completed_with_winner next_action=done live_phase=unknown round3=done,done,done,done,done,done winner=true duration=54s
[2026-07-04 19:15:42] task_conditioned refresh start :: sync_timeout=240s
[2026-07-04 19:16:38] task_conditioned refresh sync :: status=ok exit=0
[2026-07-04 19:16:40] task_conditioned refresh complete :: sync=ok sync_exit=0 stage=task_conditioned_tuning_completed_with_winner next_action=done live_phase=unknown round3=done,done,done,done,done,done winner=true duration=58s
[2026-07-04 19:27:26] task_conditioned refresh start :: sync_timeout=240s
[2026-07-04 19:28:19] task_conditioned refresh sync :: status=ok exit=0
[2026-07-04 19:28:22] task_conditioned refresh complete :: sync=ok sync_exit=0 stage=task_conditioned_tuning_completed_with_winner next_action=done live_phase=unknown round3=done,done,done,done,done,done winner=true duration=56s
[2026-07-04 19:39:07] task_conditioned refresh start :: sync_timeout=240s
[2026-07-04 19:40:00] task_conditioned refresh sync :: status=ok exit=0
[2026-07-04 19:40:03] task_conditioned refresh complete :: sync=ok sync_exit=0 stage=task_conditioned_tuning_completed_with_winner next_action=done live_phase=unknown round3=done,done,done,done,done,done winner=true duration=56s
[2026-07-04 19:50:47] task_conditioned refresh start :: sync_timeout=240s
[2026-07-04 19:51:42] task_conditioned refresh sync :: status=ok exit=0
[2026-07-04 19:51:45] task_conditioned refresh complete :: sync=ok sync_exit=0 stage=task_conditioned_tuning_completed_with_winner next_action=done live_phase=unknown round3=done,done,done,done,done,done winner=true duration=58s
[2026-07-04 20:02:32] task_conditioned refresh start :: sync_timeout=240s
[2026-07-04 20:03:25] task_conditioned refresh sync :: status=ok exit=0
[2026-07-04 20:03:28] task_conditioned refresh complete :: sync=ok sync_exit=0 stage=task_conditioned_tuning_completed_with_winner next_action=done live_phase=unknown round3=done,done,done,done,done,done winner=true duration=56s
[2026-07-04 20:14:17] task_conditioned refresh start :: sync_timeout=240s
[2026-07-04 20:15:13] task_conditioned refresh sync :: status=ok exit=0
[2026-07-04 20:15:15] task_conditioned refresh complete :: sync=ok sync_exit=0 stage=task_conditioned_tuning_completed_with_winner next_action=done live_phase=unknown round3=done,done,done,done,done,done winner=true duration=58s
[2026-07-04 20:26:05] task_conditioned refresh start :: sync_timeout=240s
[2026-07-04 20:26:57] task_conditioned refresh sync :: status=ok exit=0
[2026-07-04 20:27:00] task_conditioned refresh complete :: sync=ok sync_exit=0 stage=task_conditioned_tuning_completed_with_winner next_action=done live_phase=unknown round3=done,done,done,done,done,done winner=true duration=55s
[2026-07-04 20:37:49] task_conditioned refresh start :: sync_timeout=240s
[2026-07-04 20:38:42] task_conditioned refresh sync :: status=ok exit=0
[2026-07-04 20:38:45] task_conditioned refresh complete :: sync=ok sync_exit=0 stage=task_conditioned_tuning_completed_with_winner next_action=done live_phase=unknown round3=done,done,done,done,done,done winner=true duration=56s
[2026-07-04 20:49:29] task_conditioned refresh start :: sync_timeout=240s
[2026-07-04 20:51:02] task_conditioned refresh sync :: status=ok exit=0
[2026-07-04 20:51:05] task_conditioned refresh complete :: sync=ok sync_exit=0 stage=task_conditioned_tuning_completed_with_winner next_action=done live_phase=unknown round3=done,done,done,done,done,done winner=true duration=96s
[2026-07-04 21:01:50] task_conditioned refresh start :: sync_timeout=240s
[2026-07-04 21:02:44] task_conditioned refresh sync :: status=ok exit=0
[2026-07-04 21:02:46] task_conditioned refresh complete :: sync=ok sync_exit=0 stage=task_conditioned_tuning_completed_with_winner next_action=done live_phase=unknown round3=done,done,done,done,done,done winner=true duration=56s
[2026-07-04 21:13:32] task_conditioned refresh start :: sync_timeout=240s
[2026-07-04 21:14:52] task_conditioned refresh sync :: status=ok exit=0
[2026-07-04 21:14:54] task_conditioned refresh complete :: sync=ok sync_exit=0 stage=task_conditioned_tuning_completed_with_winner next_action=done live_phase=unknown round3=done,done,done,done,done,done winner=true duration=82s
[2026-07-04 21:25:40] task_conditioned refresh start :: sync_timeout=240s
[2026-07-04 21:27:10] task_conditioned refresh sync :: status=ok exit=0
[2026-07-04 21:27:13] task_conditioned refresh complete :: sync=ok sync_exit=0 stage=task_conditioned_tuning_completed_with_winner next_action=done live_phase=unknown round3=done,done,done,done,done,done winner=true duration=93s
[2026-07-04 21:37:55] task_conditioned refresh start :: sync_timeout=240s
[2026-07-04 21:39:18] task_conditioned refresh sync :: status=ok exit=0
[2026-07-04 21:39:20] task_conditioned refresh complete :: sync=ok sync_exit=0 stage=task_conditioned_tuning_completed_with_winner next_action=done live_phase=unknown round3=done,done,done,done,done,done winner=true duration=85s
[2026-07-04 21:49:59] task_conditioned refresh start :: sync_timeout=240s
[2026-07-04 21:51:26] task_conditioned refresh sync :: status=ok exit=0
[2026-07-04 21:51:29] task_conditioned refresh complete :: sync=ok sync_exit=0 stage=task_conditioned_tuning_completed_with_winner next_action=done live_phase=unknown round3=done,done,done,done,done,done winner=true duration=90s
[2026-07-04 22:02:05] task_conditioned refresh start :: sync_timeout=240s
[2026-07-04 22:03:34] task_conditioned refresh sync :: status=ok exit=0
[2026-07-04 22:03:37] task_conditioned refresh complete :: sync=ok sync_exit=0 stage=task_conditioned_tuning_completed_with_winner next_action=done live_phase=unknown round3=done,done,done,done,done,done winner=true duration=92s
[2026-07-04 22:14:19] task_conditioned refresh start :: sync_timeout=240s
[2026-07-04 22:15:53] task_conditioned refresh sync :: status=ok exit=0
[2026-07-04 22:15:58] task_conditioned refresh complete :: sync=ok sync_exit=0 stage=task_conditioned_tuning_completed_with_winner next_action=done live_phase=unknown round3=done,done,done,done,done,done winner=true duration=99s
[2026-07-04 22:26:31] task_conditioned refresh start :: sync_timeout=240s
[2026-07-04 22:27:52] task_conditioned refresh sync :: status=ok exit=0
[2026-07-04 22:27:55] task_conditioned refresh complete :: sync=ok sync_exit=0 stage=task_conditioned_tuning_completed_with_winner next_action=done live_phase=unknown round3=done,done,done,done,done,done winner=true duration=84s
[2026-07-04 22:38:28] task_conditioned refresh start :: sync_timeout=240s
[2026-07-04 22:39:47] task_conditioned refresh sync :: status=ok exit=0
[2026-07-04 22:39:50] task_conditioned refresh complete :: sync=ok sync_exit=0 stage=task_conditioned_tuning_completed_with_winner next_action=done live_phase=unknown round3=done,done,done,done,done,done winner=true duration=82s
[2026-07-04 22:50:28] task_conditioned refresh start :: sync_timeout=240s
[2026-07-04 22:51:41] task_conditioned refresh sync :: status=ok exit=0
[2026-07-04 22:51:46] task_conditioned refresh complete :: sync=ok sync_exit=0 stage=task_conditioned_tuning_completed_with_winner next_action=done live_phase=unknown round3=done,done,done,done,done,done winner=true duration=78s
[2026-07-04 23:02:31] task_conditioned refresh start :: sync_timeout=240s
[2026-07-04 23:03:54] task_conditioned refresh sync :: status=ok exit=0
[2026-07-04 23:03:57] task_conditioned refresh complete :: sync=ok sync_exit=0 stage=task_conditioned_tuning_completed_with_winner next_action=done live_phase=unknown round3=done,done,done,done,done,done winner=true duration=86s
[2026-07-04 23:14:37] task_conditioned refresh start :: sync_timeout=240s
[2026-07-04 23:16:02] task_conditioned refresh sync :: status=ok exit=0
[2026-07-04 23:16:05] task_conditioned refresh complete :: sync=ok sync_exit=0 stage=task_conditioned_tuning_completed_with_winner next_action=done live_phase=unknown round3=done,done,done,done,done,done winner=true duration=88s
[2026-07-04 23:26:44] task_conditioned refresh start :: sync_timeout=240s
[2026-07-04 23:28:01] task_conditioned refresh sync :: status=ok exit=0
[2026-07-04 23:28:04] task_conditioned refresh complete :: sync=ok sync_exit=0 stage=task_conditioned_tuning_completed_with_winner next_action=done live_phase=unknown round3=done,done,done,done,done,done winner=true duration=80s
[2026-07-04 23:38:42] task_conditioned refresh start :: sync_timeout=240s
[2026-07-04 23:39:58] task_conditioned refresh sync :: status=ok exit=0
[2026-07-04 23:40:01] task_conditioned refresh complete :: sync=ok sync_exit=0 stage=task_conditioned_tuning_completed_with_winner next_action=done live_phase=unknown round3=done,done,done,done,done,done winner=true duration=79s
[2026-07-04 23:50:34] task_conditioned refresh start :: sync_timeout=240s
[2026-07-04 23:51:54] task_conditioned refresh sync :: status=ok exit=0
[2026-07-04 23:51:57] task_conditioned refresh complete :: sync=ok sync_exit=0 stage=task_conditioned_tuning_completed_with_winner next_action=done live_phase=unknown round3=done,done,done,done,done,done winner=true duration=83s
[2026-07-05 00:02:42] task_conditioned refresh start :: sync_timeout=240s
[2026-07-05 00:03:55] task_conditioned refresh sync :: status=ok exit=0
[2026-07-05 00:03:58] task_conditioned refresh complete :: sync=ok sync_exit=0 stage=task_conditioned_tuning_completed_with_winner next_action=done live_phase=unknown round3=done,done,done,done,done,done winner=true duration=76s
[2026-07-05 00:14:46] task_conditioned refresh start :: sync_timeout=240s
[2026-07-05 00:16:01] task_conditioned refresh sync :: status=ok exit=0
[2026-07-05 00:16:06] task_conditioned refresh complete :: sync=ok sync_exit=0 stage=task_conditioned_tuning_completed_with_winner next_action=done live_phase=unknown round3=done,done,done,done,done,done winner=true duration=80s
[2026-07-05 00:26:54] task_conditioned refresh start :: sync_timeout=240s
[2026-07-05 00:28:05] task_conditioned refresh sync :: status=ok exit=0
[2026-07-05 00:28:08] task_conditioned refresh complete :: sync=ok sync_exit=0 stage=task_conditioned_tuning_completed_with_winner next_action=done live_phase=unknown round3=done,done,done,done,done,done winner=true duration=74s
[2026-07-05 00:38:41] task_conditioned refresh start :: sync_timeout=240s
[2026-07-05 00:40:03] task_conditioned refresh sync :: status=ok exit=0
[2026-07-05 00:40:06] task_conditioned refresh complete :: sync=ok sync_exit=0 stage=task_conditioned_tuning_completed_with_winner next_action=done live_phase=unknown round3=done,done,done,done,done,done winner=true duration=85s
[2026-07-05 00:50:45] task_conditioned refresh start :: sync_timeout=240s
[2026-07-05 00:52:05] task_conditioned refresh sync :: status=ok exit=0
[2026-07-05 00:52:08] task_conditioned refresh complete :: sync=ok sync_exit=0 stage=task_conditioned_tuning_completed_with_winner next_action=done live_phase=unknown round3=done,done,done,done,done,done winner=true duration=83s
[2026-07-05 01:02:46] task_conditioned refresh start :: sync_timeout=240s
[2026-07-05 01:04:01] task_conditioned refresh sync :: status=ok exit=0
[2026-07-05 01:04:05] task_conditioned refresh complete :: sync=ok sync_exit=0 stage=task_conditioned_tuning_completed_with_winner next_action=done live_phase=unknown round3=done,done,done,done,done,done winner=true duration=79s
[2026-07-05 01:14:44] task_conditioned refresh start :: sync_timeout=240s
[2026-07-05 01:15:58] task_conditioned refresh sync :: status=ok exit=0
[2026-07-05 01:16:02] task_conditioned refresh complete :: sync=ok sync_exit=0 stage=task_conditioned_tuning_completed_with_winner next_action=done live_phase=unknown round3=done,done,done,done,done,done winner=true duration=78s
[2026-07-05 01:26:43] task_conditioned refresh start :: sync_timeout=240s
[2026-07-05 01:27:35] task_conditioned refresh sync :: status=ok exit=0
[2026-07-05 01:27:38] task_conditioned refresh complete :: sync=ok sync_exit=0 stage=task_conditioned_tuning_completed_with_winner next_action=done live_phase=unknown round3=done,done,done,done,done,done winner=true duration=55s
[2026-07-05 01:38:29] task_conditioned refresh start :: sync_timeout=240s
[2026-07-05 01:39:18] task_conditioned refresh sync :: status=ok exit=0
[2026-07-05 01:39:21] task_conditioned refresh complete :: sync=ok sync_exit=0 stage=task_conditioned_tuning_completed_with_winner next_action=done live_phase=unknown round3=done,done,done,done,done,done winner=true duration=52s
[2026-07-05 01:49:39] task_conditioned refresh start :: sync_timeout=240s
[2026-07-05 01:50:30] task_conditioned refresh sync :: status=ok exit=0
[2026-07-05 01:50:33] task_conditioned refresh complete :: sync=ok sync_exit=0 stage=task_conditioned_tuning_completed_with_winner next_action=done live_phase=unknown round3=done,done,done,done,done,done winner=true duration=54s
[2026-07-05 02:00:42] task_conditioned refresh start :: sync_timeout=240s
[2026-07-05 02:01:32] task_conditioned refresh sync :: status=ok exit=0
[2026-07-05 02:01:35] task_conditioned refresh complete :: sync=ok sync_exit=0 stage=task_conditioned_tuning_completed_with_winner next_action=done live_phase=unknown round3=done,done,done,done,done,done winner=true duration=53s
[2026-07-05 02:11:44] task_conditioned refresh start :: sync_timeout=240s
[2026-07-05 02:12:35] task_conditioned refresh sync :: status=ok exit=0
[2026-07-05 02:12:38] task_conditioned refresh complete :: sync=ok sync_exit=0 stage=task_conditioned_tuning_completed_with_winner next_action=done live_phase=unknown round3=done,done,done,done,done,done winner=true duration=54s
[2026-07-05 02:22:47] task_conditioned refresh start :: sync_timeout=240s
[2026-07-05 02:23:38] task_conditioned refresh sync :: status=ok exit=0
[2026-07-05 02:23:41] task_conditioned refresh complete :: sync=ok sync_exit=0 stage=task_conditioned_tuning_completed_with_winner next_action=done live_phase=unknown round3=done,done,done,done,done,done winner=true duration=54s
[2026-07-05 02:33:50] task_conditioned refresh start :: sync_timeout=240s
[2026-07-05 02:34:40] task_conditioned refresh sync :: status=ok exit=0
[2026-07-05 02:34:43] task_conditioned refresh complete :: sync=ok sync_exit=0 stage=task_conditioned_tuning_completed_with_winner next_action=done live_phase=unknown round3=done,done,done,done,done,done winner=true duration=53s
[2026-07-05 02:44:52] task_conditioned refresh start :: sync_timeout=240s
[2026-07-05 02:45:43] task_conditioned refresh sync :: status=ok exit=0
[2026-07-05 02:45:46] task_conditioned refresh complete :: sync=ok sync_exit=0 stage=task_conditioned_tuning_completed_with_winner next_action=done live_phase=unknown round3=done,done,done,done,done,done winner=true duration=54s
[2026-07-05 02:55:55] task_conditioned refresh start :: sync_timeout=240s
[2026-07-05 02:56:45] task_conditioned refresh sync :: status=ok exit=0
[2026-07-05 02:56:48] task_conditioned refresh complete :: sync=ok sync_exit=0 stage=task_conditioned_tuning_completed_with_winner next_action=done live_phase=unknown round3=done,done,done,done,done,done winner=true duration=53s
[2026-07-05 03:06:58] task_conditioned refresh start :: sync_timeout=240s
[2026-07-05 03:07:48] task_conditioned refresh sync :: status=ok exit=0
[2026-07-05 03:07:52] task_conditioned refresh complete :: sync=ok sync_exit=0 stage=task_conditioned_tuning_completed_with_winner next_action=done live_phase=unknown round3=done,done,done,done,done,done winner=true duration=54s
[2026-07-05 03:18:00] task_conditioned refresh start :: sync_timeout=240s
[2026-07-05 03:18:51] task_conditioned refresh sync :: status=ok exit=0
[2026-07-05 03:18:54] task_conditioned refresh complete :: sync=ok sync_exit=0 stage=task_conditioned_tuning_completed_with_winner next_action=done live_phase=unknown round3=done,done,done,done,done,done winner=true duration=54s
[2026-07-05 03:29:03] task_conditioned refresh start :: sync_timeout=240s
[2026-07-05 03:29:53] task_conditioned refresh sync :: status=ok exit=0
[2026-07-05 03:29:56] task_conditioned refresh complete :: sync=ok sync_exit=0 stage=task_conditioned_tuning_completed_with_winner next_action=done live_phase=unknown round3=done,done,done,done,done,done winner=true duration=53s
[2026-07-05 03:40:05] task_conditioned refresh start :: sync_timeout=240s
[2026-07-05 03:40:56] task_conditioned refresh sync :: status=ok exit=0
[2026-07-05 03:40:59] task_conditioned refresh complete :: sync=ok sync_exit=0 stage=task_conditioned_tuning_completed_with_winner next_action=done live_phase=unknown round3=done,done,done,done,done,done winner=true duration=54s
[2026-07-05 03:51:08] task_conditioned refresh start :: sync_timeout=240s
[2026-07-05 03:51:59] task_conditioned refresh sync :: status=ok exit=0
[2026-07-05 03:52:02] task_conditioned refresh complete :: sync=ok sync_exit=0 stage=task_conditioned_tuning_completed_with_winner next_action=done live_phase=unknown round3=done,done,done,done,done,done winner=true duration=54s
[2026-07-05 04:02:10] task_conditioned refresh start :: sync_timeout=240s
[2026-07-05 04:03:02] task_conditioned refresh sync :: status=ok exit=0
[2026-07-05 04:03:05] task_conditioned refresh complete :: sync=ok sync_exit=0 stage=task_conditioned_tuning_completed_with_winner next_action=done live_phase=unknown round3=done,done,done,done,done,done winner=true duration=55s
[2026-07-05 04:13:14] task_conditioned refresh start :: sync_timeout=240s
[2026-07-05 04:14:04] task_conditioned refresh sync :: status=ok exit=0
[2026-07-05 04:14:07] task_conditioned refresh complete :: sync=ok sync_exit=0 stage=task_conditioned_tuning_completed_with_winner next_action=done live_phase=unknown round3=done,done,done,done,done,done winner=true duration=53s
[2026-07-05 04:24:16] task_conditioned refresh start :: sync_timeout=240s
[2026-07-05 04:25:07] task_conditioned refresh sync :: status=ok exit=0
[2026-07-05 04:25:10] task_conditioned refresh complete :: sync=ok sync_exit=0 stage=task_conditioned_tuning_completed_with_winner next_action=done live_phase=unknown round3=done,done,done,done,done,done winner=true duration=54s
[2026-07-05 04:35:19] task_conditioned refresh start :: sync_timeout=240s
[2026-07-05 04:36:10] task_conditioned refresh sync :: status=ok exit=0
[2026-07-05 04:36:13] task_conditioned refresh complete :: sync=ok sync_exit=0 stage=task_conditioned_tuning_completed_with_winner next_action=done live_phase=unknown round3=done,done,done,done,done,done winner=true duration=54s
[2026-07-05 04:46:22] task_conditioned refresh start :: sync_timeout=240s
[2026-07-05 04:47:12] task_conditioned refresh sync :: status=ok exit=0
[2026-07-05 04:47:15] task_conditioned refresh complete :: sync=ok sync_exit=0 stage=task_conditioned_tuning_completed_with_winner next_action=done live_phase=unknown round3=done,done,done,done,done,done winner=true duration=53s
[2026-07-05 04:57:24] task_conditioned refresh start :: sync_timeout=240s
[2026-07-05 04:58:15] task_conditioned refresh sync :: status=ok exit=0
[2026-07-05 04:58:18] task_conditioned refresh complete :: sync=ok sync_exit=0 stage=task_conditioned_tuning_completed_with_winner next_action=done live_phase=unknown round3=done,done,done,done,done,done winner=true duration=54s
[2026-07-05 05:08:27] task_conditioned refresh start :: sync_timeout=240s
[2026-07-05 05:09:17] task_conditioned refresh sync :: status=ok exit=0
[2026-07-05 05:09:20] task_conditioned refresh complete :: sync=ok sync_exit=0 stage=task_conditioned_tuning_completed_with_winner next_action=done live_phase=unknown round3=done,done,done,done,done,done winner=true duration=53s
[2026-07-05 05:19:29] task_conditioned refresh start :: sync_timeout=240s
[2026-07-05 05:20:20] task_conditioned refresh sync :: status=ok exit=0
[2026-07-05 05:20:23] task_conditioned refresh complete :: sync=ok sync_exit=0 stage=task_conditioned_tuning_completed_with_winner next_action=done live_phase=unknown round3=done,done,done,done,done,done winner=true duration=54s
[2026-07-05 05:30:32] task_conditioned refresh start :: sync_timeout=240s
[2026-07-05 05:31:22] task_conditioned refresh sync :: status=ok exit=0
[2026-07-05 05:31:25] task_conditioned refresh complete :: sync=ok sync_exit=0 stage=task_conditioned_tuning_completed_with_winner next_action=done live_phase=unknown round3=done,done,done,done,done,done winner=true duration=53s
[2026-07-05 05:41:34] task_conditioned refresh start :: sync_timeout=240s
[2026-07-05 05:42:25] task_conditioned refresh sync :: status=ok exit=0
[2026-07-05 05:42:28] task_conditioned refresh complete :: sync=ok sync_exit=0 stage=task_conditioned_tuning_completed_with_winner next_action=done live_phase=unknown round3=done,done,done,done,done,done winner=true duration=54s
[2026-07-05 05:52:37] task_conditioned refresh start :: sync_timeout=240s
[2026-07-05 05:53:27] task_conditioned refresh sync :: status=ok exit=0
[2026-07-05 05:53:30] task_conditioned refresh complete :: sync=ok sync_exit=0 stage=task_conditioned_tuning_completed_with_winner next_action=done live_phase=unknown round3=done,done,done,done,done,done winner=true duration=53s
[2026-07-05 06:03:40] task_conditioned refresh start :: sync_timeout=240s
[2026-07-05 06:04:29] task_conditioned refresh sync :: status=ok exit=0
[2026-07-05 06:04:33] task_conditioned refresh complete :: sync=ok sync_exit=0 stage=task_conditioned_tuning_completed_with_winner next_action=done live_phase=unknown round3=done,done,done,done,done,done winner=true duration=53s
[2026-07-05 06:14:42] task_conditioned refresh start :: sync_timeout=240s
[2026-07-05 06:15:32] task_conditioned refresh sync :: status=ok exit=0
[2026-07-05 06:15:35] task_conditioned refresh complete :: sync=ok sync_exit=0 stage=task_conditioned_tuning_completed_with_winner next_action=done live_phase=unknown round3=done,done,done,done,done,done winner=true duration=53s
[2026-07-05 06:25:44] task_conditioned refresh start :: sync_timeout=240s
[2026-07-05 06:26:35] task_conditioned refresh sync :: status=ok exit=0
[2026-07-05 06:26:38] task_conditioned refresh complete :: sync=ok sync_exit=0 stage=task_conditioned_tuning_completed_with_winner next_action=done live_phase=unknown round3=done,done,done,done,done,done winner=true duration=54s
[2026-07-05 06:36:47] task_conditioned refresh start :: sync_timeout=240s
[2026-07-05 06:37:37] task_conditioned refresh sync :: status=ok exit=0
[2026-07-05 06:37:40] task_conditioned refresh complete :: sync=ok sync_exit=0 stage=task_conditioned_tuning_completed_with_winner next_action=done live_phase=unknown round3=done,done,done,done,done,done winner=true duration=53s
[2026-07-05 06:47:49] task_conditioned refresh start :: sync_timeout=240s
[2026-07-05 06:48:40] task_conditioned refresh sync :: status=ok exit=0
[2026-07-05 06:48:43] task_conditioned refresh complete :: sync=ok sync_exit=0 stage=task_conditioned_tuning_completed_with_winner next_action=done live_phase=unknown round3=done,done,done,done,done,done winner=true duration=54s
[2026-07-05 06:58:52] task_conditioned refresh start :: sync_timeout=240s
[2026-07-05 06:59:43] task_conditioned refresh sync :: status=ok exit=0
[2026-07-05 06:59:46] task_conditioned refresh complete :: sync=ok sync_exit=0 stage=task_conditioned_tuning_completed_with_winner next_action=done live_phase=unknown round3=done,done,done,done,done,done winner=true duration=54s
[2026-07-05 07:09:55] task_conditioned refresh start :: sync_timeout=240s
[2026-07-05 07:10:45] task_conditioned refresh sync :: status=ok exit=0
[2026-07-05 07:10:48] task_conditioned refresh complete :: sync=ok sync_exit=0 stage=task_conditioned_tuning_completed_with_winner next_action=done live_phase=unknown round3=done,done,done,done,done,done winner=true duration=53s
[2026-07-05 07:20:57] task_conditioned refresh start :: sync_timeout=240s
[2026-07-05 07:21:47] task_conditioned refresh sync :: status=ok exit=0
[2026-07-05 07:21:50] task_conditioned refresh complete :: sync=ok sync_exit=0 stage=task_conditioned_tuning_completed_with_winner next_action=done live_phase=unknown round3=done,done,done,done,done,done winner=true duration=53s
[2026-07-05 07:31:59] task_conditioned refresh start :: sync_timeout=240s
[2026-07-05 07:32:50] task_conditioned refresh sync :: status=ok exit=0
[2026-07-05 07:32:53] task_conditioned refresh complete :: sync=ok sync_exit=0 stage=task_conditioned_tuning_completed_with_winner next_action=done live_phase=unknown round3=done,done,done,done,done,done winner=true duration=54s
[2026-07-05 07:43:02] task_conditioned refresh start :: sync_timeout=240s
[2026-07-05 07:43:53] task_conditioned refresh sync :: status=ok exit=0
[2026-07-05 07:43:56] task_conditioned refresh complete :: sync=ok sync_exit=0 stage=task_conditioned_tuning_completed_with_winner next_action=done live_phase=unknown round3=done,done,done,done,done,done winner=true duration=54s
[2026-07-05 07:54:05] task_conditioned refresh start :: sync_timeout=240s
[2026-07-05 07:54:56] task_conditioned refresh sync :: status=ok exit=0
[2026-07-05 07:54:59] task_conditioned refresh complete :: sync=ok sync_exit=0 stage=task_conditioned_tuning_completed_with_winner next_action=done live_phase=unknown round3=done,done,done,done,done,done winner=true duration=54s
[2026-07-05 08:05:08] task_conditioned refresh start :: sync_timeout=240s
[2026-07-05 08:05:59] task_conditioned refresh sync :: status=ok exit=0
[2026-07-05 08:06:02] task_conditioned refresh complete :: sync=ok sync_exit=0 stage=task_conditioned_tuning_completed_with_winner next_action=done live_phase=unknown round3=done,done,done,done,done,done winner=true duration=54s
[2026-07-05 08:16:11] task_conditioned refresh start :: sync_timeout=240s
[2026-07-05 08:17:02] task_conditioned refresh sync :: status=ok exit=0
[2026-07-05 08:17:05] task_conditioned refresh complete :: sync=ok sync_exit=0 stage=task_conditioned_tuning_completed_with_winner next_action=done live_phase=unknown round3=done,done,done,done,done,done winner=true duration=54s
[2026-07-05 08:27:14] task_conditioned refresh start :: sync_timeout=240s
[2026-07-05 08:28:05] task_conditioned refresh sync :: status=ok exit=0
[2026-07-05 08:28:08] task_conditioned refresh complete :: sync=ok sync_exit=0 stage=task_conditioned_tuning_completed_with_winner next_action=done live_phase=unknown round3=done,done,done,done,done,done winner=true duration=54s
[2026-07-05 08:38:17] task_conditioned refresh start :: sync_timeout=240s
[2026-07-05 08:39:08] task_conditioned refresh sync :: status=ok exit=0
[2026-07-05 08:39:11] task_conditioned refresh complete :: sync=ok sync_exit=0 stage=task_conditioned_tuning_completed_with_winner next_action=done live_phase=unknown round3=done,done,done,done,done,done winner=true duration=54s
[2026-07-05 08:49:20] task_conditioned refresh start :: sync_timeout=240s
[2026-07-05 08:50:11] task_conditioned refresh sync :: status=ok exit=0
[2026-07-05 08:50:14] task_conditioned refresh complete :: sync=ok sync_exit=0 stage=task_conditioned_tuning_completed_with_winner next_action=done live_phase=unknown round3=done,done,done,done,done,done winner=true duration=54s
[2026-07-05 09:00:23] task_conditioned refresh start :: sync_timeout=240s
[2026-07-05 09:01:13] task_conditioned refresh sync :: status=ok exit=0
[2026-07-05 09:01:16] task_conditioned refresh complete :: sync=ok sync_exit=0 stage=task_conditioned_tuning_completed_with_winner next_action=done live_phase=unknown round3=done,done,done,done,done,done winner=true duration=53s
[2026-07-05 09:11:25] task_conditioned refresh start :: sync_timeout=240s
[2026-07-05 09:12:16] task_conditioned refresh sync :: status=ok exit=0
[2026-07-05 09:12:19] task_conditioned refresh complete :: sync=ok sync_exit=0 stage=task_conditioned_tuning_completed_with_winner next_action=done live_phase=unknown round3=done,done,done,done,done,done winner=true duration=54s
[2026-07-05 09:22:28] task_conditioned refresh start :: sync_timeout=240s
[2026-07-05 09:23:18] task_conditioned refresh sync :: status=ok exit=0
[2026-07-05 09:23:21] task_conditioned refresh complete :: sync=ok sync_exit=0 stage=task_conditioned_tuning_completed_with_winner next_action=done live_phase=unknown round3=done,done,done,done,done,done winner=true duration=53s
[2026-07-05 09:33:30] task_conditioned refresh start :: sync_timeout=240s
[2026-07-05 09:34:21] task_conditioned refresh sync :: status=ok exit=0
[2026-07-05 09:34:24] task_conditioned refresh complete :: sync=ok sync_exit=0 stage=task_conditioned_tuning_completed_with_winner next_action=done live_phase=unknown round3=done,done,done,done,done,done winner=true duration=54s
[2026-07-05 09:44:33] task_conditioned refresh start :: sync_timeout=240s
[2026-07-05 09:45:24] task_conditioned refresh sync :: status=ok exit=0
[2026-07-05 09:45:27] task_conditioned refresh complete :: sync=ok sync_exit=0 stage=task_conditioned_tuning_completed_with_winner next_action=done live_phase=unknown round3=done,done,done,done,done,done winner=true duration=54s
[2026-07-05 09:55:36] task_conditioned refresh start :: sync_timeout=240s
[2026-07-05 09:56:27] task_conditioned refresh sync :: status=ok exit=0
[2026-07-05 09:56:30] task_conditioned refresh complete :: sync=ok sync_exit=0 stage=task_conditioned_tuning_completed_with_winner next_action=done live_phase=unknown round3=done,done,done,done,done,done winner=true duration=54s
[2026-07-05 10:06:39] task_conditioned refresh start :: sync_timeout=240s
[2026-07-05 10:07:29] task_conditioned refresh sync :: status=ok exit=0
[2026-07-05 10:07:32] task_conditioned refresh complete :: sync=ok sync_exit=0 stage=task_conditioned_tuning_completed_with_winner next_action=done live_phase=unknown round3=done,done,done,done,done,done winner=true duration=53s
[2026-07-05 10:17:41] task_conditioned refresh start :: sync_timeout=240s
[2026-07-05 10:18:32] task_conditioned refresh sync :: status=ok exit=0
[2026-07-05 10:18:35] task_conditioned refresh complete :: sync=ok sync_exit=0 stage=task_conditioned_tuning_completed_with_winner next_action=done live_phase=unknown round3=done,done,done,done,done,done winner=true duration=54s
[2026-07-05 10:28:44] task_conditioned refresh start :: sync_timeout=240s
[2026-07-05 10:29:35] task_conditioned refresh sync :: status=ok exit=0
[2026-07-05 10:29:38] task_conditioned refresh complete :: sync=ok sync_exit=0 stage=task_conditioned_tuning_completed_with_winner next_action=done live_phase=unknown round3=done,done,done,done,done,done winner=true duration=54s
[2026-07-05 10:39:47] task_conditioned refresh start :: sync_timeout=240s
[2026-07-05 10:40:37] task_conditioned refresh sync :: status=ok exit=0
[2026-07-05 10:40:40] task_conditioned refresh complete :: sync=ok sync_exit=0 stage=task_conditioned_tuning_completed_with_winner next_action=done live_phase=unknown round3=done,done,done,done,done,done winner=true duration=53s
[2026-07-05 10:50:49] task_conditioned refresh start :: sync_timeout=240s
[2026-07-05 10:51:40] task_conditioned refresh sync :: status=ok exit=0
[2026-07-05 10:51:43] task_conditioned refresh complete :: sync=ok sync_exit=0 stage=task_conditioned_tuning_completed_with_winner next_action=done live_phase=unknown round3=done,done,done,done,done,done winner=true duration=54s
[2026-07-05 11:01:52] task_conditioned refresh start :: sync_timeout=240s
[2026-07-05 11:05:43] task_conditioned refresh sync :: status=ok exit=0
[2026-07-05 11:05:46] task_conditioned refresh complete :: sync=ok sync_exit=0 stage=task_conditioned_tuning_completed_with_winner next_action=done live_phase=unknown round3=done,done,done,done,done,done winner=true duration=234s
[2026-07-05 11:15:55] task_conditioned refresh start :: sync_timeout=240s
[2026-07-05 11:16:44] task_conditioned refresh sync :: status=ok exit=0
[2026-07-05 11:16:47] task_conditioned refresh complete :: sync=ok sync_exit=0 stage=task_conditioned_tuning_completed_with_winner next_action=done live_phase=unknown round3=done,done,done,done,done,done winner=true duration=52s
[2026-07-05 11:26:56] task_conditioned refresh start :: sync_timeout=240s
[2026-07-05 11:27:48] task_conditioned refresh sync :: status=ok exit=0
[2026-07-05 11:27:51] task_conditioned refresh complete :: sync=ok sync_exit=0 stage=task_conditioned_tuning_completed_with_winner next_action=done live_phase=unknown round3=done,done,done,done,done,done winner=true duration=55s
[2026-07-05 11:38:00] task_conditioned refresh start :: sync_timeout=240s
[2026-07-05 11:38:51] task_conditioned refresh sync :: status=ok exit=0
[2026-07-05 11:38:54] task_conditioned refresh complete :: sync=ok sync_exit=0 stage=task_conditioned_tuning_completed_with_winner next_action=done live_phase=unknown round3=done,done,done,done,done,done winner=true duration=54s
[2026-07-05 11:49:03] task_conditioned refresh start :: sync_timeout=240s
[2026-07-05 11:49:54] task_conditioned refresh sync :: status=ok exit=0
[2026-07-05 11:49:57] task_conditioned refresh complete :: sync=ok sync_exit=0 stage=task_conditioned_tuning_completed_with_winner next_action=done live_phase=unknown round3=done,done,done,done,done,done winner=true duration=54s
[2026-07-05 12:00:06] task_conditioned refresh start :: sync_timeout=240s
[2026-07-05 12:00:57] task_conditioned refresh sync :: status=ok exit=0
[2026-07-05 12:01:00] task_conditioned refresh complete :: sync=ok sync_exit=0 stage=task_conditioned_tuning_completed_with_winner next_action=done live_phase=unknown round3=done,done,done,done,done,done winner=true duration=54s
[2026-07-05 12:11:10] task_conditioned refresh start :: sync_timeout=240s
[2026-07-05 12:12:00] task_conditioned refresh sync :: status=ok exit=0
[2026-07-05 12:12:03] task_conditioned refresh complete :: sync=ok sync_exit=0 stage=task_conditioned_tuning_completed_with_winner next_action=done live_phase=unknown round3=done,done,done,done,done,done winner=true duration=53s
[2026-07-05 12:22:13] task_conditioned refresh start :: sync_timeout=240s
[2026-07-05 12:23:04] task_conditioned refresh sync :: status=ok exit=0
[2026-07-05 12:23:07] task_conditioned refresh complete :: sync=ok sync_exit=0 stage=task_conditioned_tuning_completed_with_winner next_action=done live_phase=unknown round3=done,done,done,done,done,done winner=true duration=54s
[2026-07-05 12:33:17] task_conditioned refresh start :: sync_timeout=240s
[2026-07-05 12:34:09] task_conditioned refresh sync :: status=ok exit=0
[2026-07-05 12:34:13] task_conditioned refresh complete :: sync=ok sync_exit=0 stage=task_conditioned_tuning_completed_with_winner next_action=done live_phase=unknown round3=done,done,done,done,done,done winner=true duration=56s
[2026-07-05 12:44:27] task_conditioned refresh start :: sync_timeout=240s
[2026-07-05 12:45:19] task_conditioned refresh sync :: status=ok exit=0
[2026-07-05 12:45:22] task_conditioned refresh complete :: sync=ok sync_exit=0 stage=task_conditioned_tuning_completed_with_winner next_action=done live_phase=unknown round3=done,done,done,done,done,done winner=true duration=55s
[2026-07-05 12:55:37] task_conditioned refresh start :: sync_timeout=240s
[2026-07-05 12:56:30] task_conditioned refresh sync :: status=ok exit=0
[2026-07-05 12:56:33] task_conditioned refresh complete :: sync=ok sync_exit=0 stage=task_conditioned_tuning_completed_with_winner next_action=done live_phase=unknown round3=done,done,done,done,done,done winner=true duration=56s
[2026-07-05 13:06:51] task_conditioned refresh start :: sync_timeout=240s
[2026-07-05 13:07:50] task_conditioned refresh sync :: status=ok exit=0
[2026-07-05 13:07:53] task_conditioned refresh complete :: sync=ok sync_exit=0 stage=task_conditioned_tuning_completed_with_winner next_action=done live_phase=unknown round3=done,done,done,done,done,done winner=true duration=62s
[2026-07-05 13:18:12] task_conditioned refresh start :: sync_timeout=240s
[2026-07-05 13:19:04] task_conditioned refresh sync :: status=ok exit=0
[2026-07-05 13:19:07] task_conditioned refresh complete :: sync=ok sync_exit=0 stage=task_conditioned_tuning_completed_with_winner next_action=done live_phase=unknown round3=done,done,done,done,done,done winner=true duration=55s
[2026-07-05 13:29:26] task_conditioned refresh start :: sync_timeout=240s
[2026-07-05 13:30:19] task_conditioned refresh sync :: status=ok exit=0
[2026-07-05 13:30:22] task_conditioned refresh complete :: sync=ok sync_exit=0 stage=task_conditioned_tuning_completed_with_winner next_action=done live_phase=unknown round3=done,done,done,done,done,done winner=true duration=56s
[2026-07-05 13:40:41] task_conditioned refresh start :: sync_timeout=240s
[2026-07-05 13:41:34] task_conditioned refresh sync :: status=ok exit=0
[2026-07-05 13:41:37] task_conditioned refresh complete :: sync=ok sync_exit=0 stage=task_conditioned_tuning_completed_with_winner next_action=done live_phase=unknown round3=done,done,done,done,done,done winner=true duration=56s
[2026-07-05 13:51:57] task_conditioned refresh start :: sync_timeout=240s
[2026-07-05 13:52:48] task_conditioned refresh sync :: status=ok exit=0
[2026-07-05 13:52:52] task_conditioned refresh complete :: sync=ok sync_exit=0 stage=task_conditioned_tuning_completed_with_winner next_action=done live_phase=unknown round3=done,done,done,done,done,done winner=true duration=55s
[2026-07-05 14:03:12] task_conditioned refresh start :: sync_timeout=240s
[2026-07-05 14:04:04] task_conditioned refresh sync :: status=ok exit=0
[2026-07-05 14:04:07] task_conditioned refresh complete :: sync=ok sync_exit=0 stage=task_conditioned_tuning_completed_with_winner next_action=done live_phase=unknown round3=done,done,done,done,done,done winner=true duration=55s
[2026-07-05 14:14:27] task_conditioned refresh start :: sync_timeout=240s
[2026-07-05 14:15:19] task_conditioned refresh sync :: status=ok exit=0
[2026-07-05 14:15:22] task_conditioned refresh complete :: sync=ok sync_exit=0 stage=task_conditioned_tuning_completed_with_winner next_action=done live_phase=unknown round3=done,done,done,done,done,done winner=true duration=55s
[2026-07-05 14:25:42] task_conditioned refresh start :: sync_timeout=240s
[2026-07-05 14:26:33] task_conditioned refresh sync :: status=ok exit=0
[2026-07-05 14:26:37] task_conditioned refresh complete :: sync=ok sync_exit=0 stage=task_conditioned_tuning_completed_with_winner next_action=done live_phase=unknown round3=done,done,done,done,done,done winner=true duration=55s
[2026-07-05 14:36:56] task_conditioned refresh start :: sync_timeout=240s
[2026-07-05 14:37:48] task_conditioned refresh sync :: status=ok exit=0
[2026-07-05 14:37:51] task_conditioned refresh complete :: sync=ok sync_exit=0 stage=task_conditioned_tuning_completed_with_winner next_action=done live_phase=unknown round3=done,done,done,done,done,done winner=true duration=55s
[2026-07-05 14:48:11] task_conditioned refresh start :: sync_timeout=240s
[2026-07-05 14:49:02] task_conditioned refresh sync :: status=ok exit=0
[2026-07-05 14:49:05] task_conditioned refresh complete :: sync=ok sync_exit=0 stage=task_conditioned_tuning_completed_with_winner next_action=done live_phase=unknown round3=done,done,done,done,done,done winner=true duration=54s
[2026-07-05 14:59:25] task_conditioned refresh start :: sync_timeout=240s
[2026-07-05 15:00:17] task_conditioned refresh sync :: status=ok exit=0
[2026-07-05 15:00:20] task_conditioned refresh complete :: sync=ok sync_exit=0 stage=task_conditioned_tuning_completed_with_winner next_action=done live_phase=unknown round3=done,done,done,done,done,done winner=true duration=55s
[2026-07-05 15:10:42] task_conditioned refresh start :: sync_timeout=240s
[2026-07-05 15:11:33] task_conditioned refresh sync :: status=ok exit=0
[2026-07-05 15:11:36] task_conditioned refresh complete :: sync=ok sync_exit=0 stage=task_conditioned_tuning_completed_with_winner next_action=done live_phase=unknown round3=done,done,done,done,done,done winner=true duration=54s
[2026-07-05 15:21:58] task_conditioned refresh start :: sync_timeout=240s
[2026-07-05 15:22:49] task_conditioned refresh sync :: status=ok exit=0
[2026-07-05 15:22:52] task_conditioned refresh complete :: sync=ok sync_exit=0 stage=task_conditioned_tuning_completed_with_winner next_action=done live_phase=unknown round3=done,done,done,done,done,done winner=true duration=54s
[2026-07-05 15:33:13] task_conditioned refresh start :: sync_timeout=240s
[2026-07-05 15:34:05] task_conditioned refresh sync :: status=ok exit=0
[2026-07-05 15:34:08] task_conditioned refresh complete :: sync=ok sync_exit=0 stage=task_conditioned_tuning_completed_with_winner next_action=done live_phase=unknown round3=done,done,done,done,done,done winner=true duration=55s
[2026-07-05 15:44:29] task_conditioned refresh start :: sync_timeout=240s
[2026-07-05 15:45:20] task_conditioned refresh sync :: status=ok exit=0
[2026-07-05 15:45:23] task_conditioned refresh complete :: sync=ok sync_exit=0 stage=task_conditioned_tuning_completed_with_winner next_action=done live_phase=unknown round3=done,done,done,done,done,done winner=true duration=54s
[2026-07-05 15:55:45] task_conditioned refresh start :: sync_timeout=240s
[2026-07-05 15:56:35] task_conditioned refresh sync :: status=ok exit=0
[2026-07-05 15:56:38] task_conditioned refresh complete :: sync=ok sync_exit=0 stage=task_conditioned_tuning_completed_with_winner next_action=done live_phase=unknown round3=done,done,done,done,done,done winner=true duration=53s
[2026-07-05 16:07:00] task_conditioned refresh start :: sync_timeout=240s
[2026-07-05 16:07:50] task_conditioned refresh sync :: status=ok exit=0
[2026-07-05 16:07:53] task_conditioned refresh complete :: sync=ok sync_exit=0 stage=task_conditioned_tuning_completed_with_winner next_action=done live_phase=unknown round3=done,done,done,done,done,done winner=true duration=53s
[2026-07-05 16:18:15] task_conditioned refresh start :: sync_timeout=240s
[2026-07-05 16:19:06] task_conditioned refresh sync :: status=ok exit=0
[2026-07-05 16:19:09] task_conditioned refresh complete :: sync=ok sync_exit=0 stage=task_conditioned_tuning_completed_with_winner next_action=done live_phase=unknown round3=done,done,done,done,done,done winner=true duration=54s
[2026-07-05 16:29:31] task_conditioned refresh start :: sync_timeout=240s
[2026-07-05 16:30:23] task_conditioned refresh sync :: status=ok exit=0
[2026-07-05 16:30:26] task_conditioned refresh complete :: sync=ok sync_exit=0 stage=task_conditioned_tuning_completed_with_winner next_action=done live_phase=unknown round3=done,done,done,done,done,done winner=true duration=55s
[2026-07-05 16:40:49] task_conditioned refresh start :: sync_timeout=240s
[2026-07-05 16:41:40] task_conditioned refresh sync :: status=ok exit=0
[2026-07-05 16:41:44] task_conditioned refresh complete :: sync=ok sync_exit=0 stage=task_conditioned_tuning_completed_with_winner next_action=done live_phase=unknown round3=done,done,done,done,done,done winner=true duration=55s
[2026-07-05 16:52:07] task_conditioned refresh start :: sync_timeout=240s
[2026-07-05 16:53:08] task_conditioned refresh sync :: status=ok exit=0
[2026-07-05 16:53:11] task_conditioned refresh complete :: sync=ok sync_exit=0 stage=task_conditioned_tuning_completed_with_winner next_action=done live_phase=unknown round3=done,done,done,done,done,done winner=true duration=64s
[2026-07-05 17:03:35] task_conditioned refresh start :: sync_timeout=240s
[2026-07-05 17:04:26] task_conditioned refresh sync :: status=ok exit=0
[2026-07-05 17:04:29] task_conditioned refresh complete :: sync=ok sync_exit=0 stage=task_conditioned_tuning_completed_with_winner next_action=done live_phase=unknown round3=done,done,done,done,done,done winner=true duration=54s
[2026-07-05 17:14:52] task_conditioned refresh start :: sync_timeout=240s
[2026-07-05 17:15:43] task_conditioned refresh sync :: status=ok exit=0
[2026-07-05 17:15:46] task_conditioned refresh complete :: sync=ok sync_exit=0 stage=task_conditioned_tuning_completed_with_winner next_action=done live_phase=unknown round3=done,done,done,done,done,done winner=true duration=54s
[2026-07-05 17:26:10] task_conditioned refresh start :: sync_timeout=240s
[2026-07-05 17:27:00] task_conditioned refresh sync :: status=ok exit=0
[2026-07-05 17:27:03] task_conditioned refresh complete :: sync=ok sync_exit=0 stage=task_conditioned_tuning_completed_with_winner next_action=done live_phase=unknown round3=done,done,done,done,done,done winner=true duration=53s
[2026-07-05 17:37:28] task_conditioned refresh start :: sync_timeout=240s
[2026-07-05 17:38:19] task_conditioned refresh sync :: status=ok exit=0
[2026-07-05 17:38:22] task_conditioned refresh complete :: sync=ok sync_exit=0 stage=task_conditioned_tuning_completed_with_winner next_action=done live_phase=unknown round3=done,done,done,done,done,done winner=true duration=54s
[2026-07-05 17:48:47] task_conditioned refresh start :: sync_timeout=240s
[2026-07-05 17:49:37] task_conditioned refresh sync :: status=ok exit=0
[2026-07-05 17:49:40] task_conditioned refresh complete :: sync=ok sync_exit=0 stage=task_conditioned_tuning_completed_with_winner next_action=done live_phase=unknown round3=done,done,done,done,done,done winner=true duration=53s
[2026-07-05 18:00:03] task_conditioned refresh start :: sync_timeout=240s
[2026-07-05 18:00:56] task_conditioned refresh sync :: status=ok exit=0
[2026-07-05 18:00:59] task_conditioned refresh complete :: sync=ok sync_exit=0 stage=task_conditioned_tuning_completed_with_winner next_action=done live_phase=unknown round3=done,done,done,done,done,done winner=true duration=56s
[2026-07-05 18:11:22] task_conditioned refresh start :: sync_timeout=240s
[2026-07-05 18:12:13] task_conditioned refresh sync :: status=ok exit=0
[2026-07-05 18:12:16] task_conditioned refresh complete :: sync=ok sync_exit=0 stage=task_conditioned_tuning_completed_with_winner next_action=done live_phase=unknown round3=done,done,done,done,done,done winner=true duration=54s
[2026-07-05 18:22:41] task_conditioned refresh start :: sync_timeout=240s
[2026-07-05 18:23:33] task_conditioned refresh sync :: status=ok exit=0
[2026-07-05 18:23:36] task_conditioned refresh complete :: sync=ok sync_exit=0 stage=task_conditioned_tuning_completed_with_winner next_action=done live_phase=unknown round3=done,done,done,done,done,done winner=true duration=55s
[2026-07-05 18:34:01] task_conditioned refresh start :: sync_timeout=240s
[2026-07-05 18:34:52] task_conditioned refresh sync :: status=ok exit=0
[2026-07-05 18:34:55] task_conditioned refresh complete :: sync=ok sync_exit=0 stage=task_conditioned_tuning_completed_with_winner next_action=done live_phase=unknown round3=done,done,done,done,done,done winner=true duration=54s
[2026-07-05 18:45:20] task_conditioned refresh start :: sync_timeout=240s
[2026-07-05 18:46:11] task_conditioned refresh sync :: status=ok exit=0
[2026-07-05 18:46:14] task_conditioned refresh complete :: sync=ok sync_exit=0 stage=task_conditioned_tuning_completed_with_winner next_action=done live_phase=unknown round3=done,done,done,done,done,done winner=true duration=54s
[2026-07-05 18:56:40] task_conditioned refresh start :: sync_timeout=240s
[2026-07-05 18:57:31] task_conditioned refresh sync :: status=ok exit=0
[2026-07-05 18:57:34] task_conditioned refresh complete :: sync=ok sync_exit=0 stage=task_conditioned_tuning_completed_with_winner next_action=done live_phase=unknown round3=done,done,done,done,done,done winner=true duration=54s
[2026-07-05 19:07:59] task_conditioned refresh start :: sync_timeout=240s
[2026-07-05 19:08:50] task_conditioned refresh sync :: status=ok exit=0
[2026-07-05 19:08:53] task_conditioned refresh complete :: sync=ok sync_exit=0 stage=task_conditioned_tuning_completed_with_winner next_action=done live_phase=unknown round3=done,done,done,done,done,done winner=true duration=54s
[2026-07-05 19:19:18] task_conditioned refresh start :: sync_timeout=240s
[2026-07-05 19:20:10] task_conditioned refresh sync :: status=ok exit=0
[2026-07-05 19:20:13] task_conditioned refresh complete :: sync=ok sync_exit=0 stage=task_conditioned_tuning_completed_with_winner next_action=done live_phase=unknown round3=done,done,done,done,done,done winner=true duration=55s
[2026-07-05 19:30:37] task_conditioned refresh start :: sync_timeout=240s
[2026-07-05 19:31:29] task_conditioned refresh sync :: status=ok exit=0
[2026-07-05 19:31:32] task_conditioned refresh complete :: sync=ok sync_exit=0 stage=task_conditioned_tuning_completed_with_winner next_action=done live_phase=unknown round3=done,done,done,done,done,done winner=true duration=55s
[2026-07-05 19:41:57] task_conditioned refresh start :: sync_timeout=240s
[2026-07-05 19:42:48] task_conditioned refresh sync :: status=ok exit=0
[2026-07-05 19:42:51] task_conditioned refresh complete :: sync=ok sync_exit=0 stage=task_conditioned_tuning_completed_with_winner next_action=done live_phase=unknown round3=done,done,done,done,done,done winner=true duration=54s
[2026-07-05 19:53:18] task_conditioned refresh start :: sync_timeout=240s
[2026-07-05 19:54:10] task_conditioned refresh sync :: status=ok exit=0
[2026-07-05 19:54:13] task_conditioned refresh complete :: sync=ok sync_exit=0 stage=task_conditioned_tuning_completed_with_winner next_action=done live_phase=unknown round3=done,done,done,done,done,done winner=true duration=55s
[2026-07-05 20:04:40] task_conditioned refresh start :: sync_timeout=240s
[2026-07-05 20:05:32] task_conditioned refresh sync :: status=ok exit=0
[2026-07-05 20:05:35] task_conditioned refresh complete :: sync=ok sync_exit=0 stage=task_conditioned_tuning_completed_with_winner next_action=done live_phase=unknown round3=done,done,done,done,done,done winner=true duration=55s
[2026-07-05 20:16:02] task_conditioned refresh start :: sync_timeout=240s
[2026-07-05 20:16:54] task_conditioned refresh sync :: status=ok exit=0
[2026-07-05 20:16:57] task_conditioned refresh complete :: sync=ok sync_exit=0 stage=task_conditioned_tuning_completed_with_winner next_action=done live_phase=unknown round3=done,done,done,done,done,done winner=true duration=55s
[2026-07-05 20:27:23] task_conditioned refresh start :: sync_timeout=240s
[2026-07-05 20:28:16] task_conditioned refresh sync :: status=ok exit=0
[2026-07-05 20:28:19] task_conditioned refresh complete :: sync=ok sync_exit=0 stage=task_conditioned_tuning_completed_with_winner next_action=done live_phase=unknown round3=done,done,done,done,done,done winner=true duration=56s
[2026-07-05 20:38:45] task_conditioned refresh start :: sync_timeout=240s
[2026-07-05 20:39:39] task_conditioned refresh sync :: status=ok exit=0
[2026-07-05 20:39:42] task_conditioned refresh complete :: sync=ok sync_exit=0 stage=task_conditioned_tuning_completed_with_winner next_action=done live_phase=unknown round3=done,done,done,done,done,done winner=true duration=57s
[2026-07-05 20:50:07] task_conditioned refresh start :: sync_timeout=240s
[2026-07-05 20:50:59] task_conditioned refresh sync :: status=ok exit=0
[2026-07-05 20:51:02] task_conditioned refresh complete :: sync=ok sync_exit=0 stage=task_conditioned_tuning_completed_with_winner next_action=done live_phase=unknown round3=done,done,done,done,done,done winner=true duration=55s
[2026-07-05 21:01:28] task_conditioned refresh start :: sync_timeout=240s
[2026-07-05 21:02:19] task_conditioned refresh sync :: status=ok exit=0
[2026-07-05 21:02:22] task_conditioned refresh complete :: sync=ok sync_exit=0 stage=task_conditioned_tuning_completed_with_winner next_action=done live_phase=unknown round3=done,done,done,done,done,done winner=true duration=54s
[2026-07-05 21:12:49] task_conditioned refresh start :: sync_timeout=240s
[2026-07-05 21:13:42] task_conditioned refresh sync :: status=ok exit=0
[2026-07-05 21:13:45] task_conditioned refresh complete :: sync=ok sync_exit=0 stage=task_conditioned_tuning_completed_with_winner next_action=done live_phase=unknown round3=done,done,done,done,done,done winner=true duration=56s
[2026-07-05 21:24:14] task_conditioned refresh start :: sync_timeout=240s
[2026-07-05 21:25:05] task_conditioned refresh sync :: status=ok exit=0
[2026-07-05 21:25:10] task_conditioned refresh complete :: sync=ok sync_exit=0 stage=task_conditioned_tuning_completed_with_winner next_action=done live_phase=unknown round3=done,done,done,done,done,done winner=true duration=56s
[2026-07-05 21:35:37] task_conditioned refresh start :: sync_timeout=240s
[2026-07-05 21:36:31] task_conditioned refresh sync :: status=ok exit=0
[2026-07-05 21:36:34] task_conditioned refresh complete :: sync=ok sync_exit=0 stage=task_conditioned_tuning_completed_with_winner next_action=done live_phase=unknown round3=done,done,done,done,done,done winner=true duration=57s
[2026-07-05 21:47:02] task_conditioned refresh start :: sync_timeout=240s
[2026-07-05 21:47:55] task_conditioned refresh sync :: status=ok exit=0
[2026-07-05 21:47:59] task_conditioned refresh complete :: sync=ok sync_exit=0 stage=task_conditioned_tuning_completed_with_winner next_action=done live_phase=unknown round3=done,done,done,done,done,done winner=true duration=57s
[2026-07-05 21:58:28] task_conditioned refresh start :: sync_timeout=240s
[2026-07-05 21:59:21] task_conditioned refresh sync :: status=ok exit=0
[2026-07-05 21:59:25] task_conditioned refresh complete :: sync=ok sync_exit=0 stage=task_conditioned_tuning_completed_with_winner next_action=done live_phase=unknown round3=done,done,done,done,done,done winner=true duration=57s
[2026-07-05 22:09:55] task_conditioned refresh start :: sync_timeout=240s
[2026-07-05 22:10:48] task_conditioned refresh sync :: status=ok exit=0
[2026-07-05 22:10:51] task_conditioned refresh complete :: sync=ok sync_exit=0 stage=task_conditioned_tuning_completed_with_winner next_action=done live_phase=unknown round3=done,done,done,done,done,done winner=true duration=56s
[2026-07-05 22:21:15] task_conditioned refresh start :: sync_timeout=240s
[2026-07-05 22:22:09] task_conditioned refresh sync :: status=ok exit=0
[2026-07-05 22:22:12] task_conditioned refresh complete :: sync=ok sync_exit=0 stage=task_conditioned_tuning_completed_with_winner next_action=done live_phase=unknown round3=done,done,done,done,done,done winner=true duration=57s
[2026-07-05 22:32:38] task_conditioned refresh start :: sync_timeout=240s
[2026-07-05 22:33:31] task_conditioned refresh sync :: status=ok exit=0
[2026-07-05 22:33:34] task_conditioned refresh complete :: sync=ok sync_exit=0 stage=task_conditioned_tuning_completed_with_winner next_action=done live_phase=unknown round3=done,done,done,done,done,done winner=true duration=56s
[2026-07-05 22:44:02] task_conditioned refresh start :: sync_timeout=240s
[2026-07-05 22:44:57] task_conditioned refresh sync :: status=ok exit=0
[2026-07-05 22:45:00] task_conditioned refresh complete :: sync=ok sync_exit=0 stage=task_conditioned_tuning_completed_with_winner next_action=done live_phase=unknown round3=done,done,done,done,done,done winner=true duration=59s
[2026-07-05 22:55:28] task_conditioned refresh start :: sync_timeout=240s
[2026-07-05 22:56:21] task_conditioned refresh sync :: status=ok exit=0
[2026-07-05 22:56:24] task_conditioned refresh complete :: sync=ok sync_exit=0 stage=task_conditioned_tuning_completed_with_winner next_action=done live_phase=unknown round3=done,done,done,done,done,done winner=true duration=56s
[2026-07-05 23:06:49] task_conditioned refresh start :: sync_timeout=240s
[2026-07-05 23:07:41] task_conditioned refresh sync :: status=ok exit=0
[2026-07-05 23:07:44] task_conditioned refresh complete :: sync=ok sync_exit=0 stage=task_conditioned_tuning_completed_with_winner next_action=done live_phase=unknown round3=done,done,done,done,done,done winner=true duration=55s
[2026-07-05 23:18:08] task_conditioned refresh start :: sync_timeout=240s
[2026-07-05 23:18:58] task_conditioned refresh sync :: status=ok exit=0
[2026-07-05 23:19:01] task_conditioned refresh complete :: sync=ok sync_exit=0 stage=task_conditioned_tuning_completed_with_winner next_action=done live_phase=unknown round3=done,done,done,done,done,done winner=true duration=53s
[2026-07-05 23:29:29] task_conditioned refresh start :: sync_timeout=240s
[2026-07-05 23:30:22] task_conditioned refresh sync :: status=ok exit=0
[2026-07-05 23:30:25] task_conditioned refresh complete :: sync=ok sync_exit=0 stage=task_conditioned_tuning_completed_with_winner next_action=done live_phase=unknown round3=done,done,done,done,done,done winner=true duration=56s
[2026-07-05 23:40:55] task_conditioned refresh start :: sync_timeout=240s
[2026-07-05 23:41:46] task_conditioned refresh sync :: status=ok exit=0
[2026-07-05 23:41:49] task_conditioned refresh complete :: sync=ok sync_exit=0 stage=task_conditioned_tuning_completed_with_winner next_action=done live_phase=unknown round3=done,done,done,done,done,done winner=true duration=54s
[2026-08-12 15:20:00] task_conditioned refresh start :: sync_timeout=240s
[2026-08-12 15:21:10] task_conditioned refresh sync :: status=ok exit=0
[2026-08-12 16:51:30] task_conditioned refresh start :: sync_timeout=240s
[2026-08-12 16:52:41] task_conditioned refresh sync :: status=ok exit=0
[2026-08-12 17:17:10] task_conditioned refresh start :: sync_timeout=240s
[2026-08-12 17:18:20] task_conditioned refresh sync :: status=ok exit=0
[2026-08-12 17:18:22] task_conditioned refresh complete :: sync=ok sync_exit=0 stage=task_conditioned_round3_running next_action=wait_round3 live_phase=training round3=done,done,done,done,done,running winner=false duration=72s
[2026-08-12 17:19:26] task_conditioned refresh start :: sync_timeout=240s
[2026-08-12 17:20:36] task_conditioned refresh sync :: status=ok exit=0
[2026-08-12 17:20:39] task_conditioned refresh complete :: sync=ok sync_exit=0 stage=task_conditioned_round3_running next_action=wait_round3 live_phase=training round3=done,done,done,done,done,running winner=false duration=73s
[2026-08-12 17:35:41] task_conditioned refresh start :: sync_timeout=240s
[2026-08-12 17:36:51] task_conditioned refresh sync :: status=ok exit=0
[2026-08-12 17:36:54] task_conditioned refresh complete :: sync=ok sync_exit=0 stage=task_conditioned_round3_running next_action=wait_round3 live_phase=training round3=done,done,done,done,done,running winner=false duration=73s
[2026-08-12 17:46:56] task_conditioned refresh start :: sync_timeout=240s
[2026-08-12 17:48:06] task_conditioned refresh sync :: status=ok exit=0
[2026-08-12 17:48:08] task_conditioned refresh complete :: sync=ok sync_exit=0 stage=task_conditioned_round3_running next_action=wait_round3 live_phase=training round3=done,done,done,done,done,running winner=false duration=72s
[2026-08-12 17:58:11] task_conditioned refresh start :: sync_timeout=240s
[2026-08-12 17:59:21] task_conditioned refresh sync :: status=ok exit=0
[2026-08-12 17:59:23] task_conditioned refresh complete :: sync=ok sync_exit=0 stage=task_conditioned_round3_running next_action=wait_round3 live_phase=training round3=done,done,done,done,done,running winner=false duration=72s
[2026-08-12 18:01:46] task_conditioned refresh start :: sync_timeout=240s
[2026-08-12 18:02:56] task_conditioned refresh sync :: status=ok exit=0
[2026-08-12 18:02:58] task_conditioned refresh complete :: sync=ok sync_exit=0 stage=task_conditioned_round3_running next_action=wait_round3 live_phase=training round3=done,done,done,done,done,running winner=false duration=72s
[2026-08-12 18:07:44] task_conditioned refresh start :: sync_timeout=240s
[2026-08-12 18:08:54] task_conditioned refresh sync :: status=ok exit=0
[2026-08-12 18:08:56] task_conditioned refresh complete :: sync=ok sync_exit=0 stage=task_conditioned_round3_running next_action=wait_round3 live_phase=training round3=done,done,done,done,done,running winner=false duration=72s
[2026-08-12 18:09:25] task_conditioned refresh start :: sync_timeout=240s
[2026-08-12 18:10:37] task_conditioned refresh sync :: status=ok exit=0
[2026-08-12 18:10:39] task_conditioned refresh complete :: sync=ok sync_exit=0 stage=task_conditioned_round3_running next_action=wait_round3 live_phase=training round3=done,done,done,done,done,running winner=false duration=74s
[2026-08-12 18:20:38] task_conditioned refresh start :: sync_timeout=240s
[2026-08-12 18:21:50] task_conditioned refresh sync :: status=ok exit=0
[2026-08-12 18:21:52] task_conditioned refresh complete :: sync=ok sync_exit=0 stage=task_conditioned_round3_running next_action=wait_round3 live_phase=training round3=done,done,done,done,done,running winner=false duration=74s
[2026-08-12 18:21:55] task_conditioned refresh start :: sync_timeout=240s
[2026-08-12 18:23:06] task_conditioned refresh sync :: status=ok exit=0
[2026-08-12 18:23:08] task_conditioned refresh complete :: sync=ok sync_exit=0 stage=task_conditioned_round3_running next_action=wait_round3 live_phase=training round3=done,done,done,done,done,running winner=false duration=73s
[2026-08-12 18:33:07] task_conditioned refresh start :: sync_timeout=240s
[2026-08-12 18:34:18] task_conditioned refresh sync :: status=ok exit=0
[2026-08-12 18:34:20] task_conditioned refresh complete :: sync=ok sync_exit=0 stage=task_conditioned_round3_running next_action=wait_round3 live_phase=training round3=done,done,done,done,done,running winner=false duration=73s
[2026-08-12 18:34:22] task_conditioned refresh start :: sync_timeout=240s
[2026-08-12 18:35:33] task_conditioned refresh sync :: status=ok exit=0
[2026-08-12 18:35:35] task_conditioned refresh complete :: sync=ok sync_exit=0 stage=task_conditioned_round3_running next_action=wait_round3 live_phase=training round3=done,done,done,done,done,running winner=false duration=73s
[2026-08-12 18:45:34] task_conditioned refresh start :: sync_timeout=240s
[2026-08-12 18:46:45] task_conditioned refresh sync :: status=ok exit=0
[2026-08-12 18:46:47] task_conditioned refresh complete :: sync=ok sync_exit=0 stage=task_conditioned_round3_running next_action=wait_round3 live_phase=training round3=done,done,done,done,done,running winner=false duration=73s
[2026-08-12 18:46:49] task_conditioned refresh start :: sync_timeout=240s
[2026-08-12 18:47:59] task_conditioned refresh sync :: status=ok exit=0
[2026-08-12 18:48:02] task_conditioned refresh complete :: sync=ok sync_exit=0 stage=task_conditioned_round3_running next_action=wait_round3 live_phase=training round3=done,done,done,done,done,running winner=false duration=73s
[2026-08-12 18:58:01] task_conditioned refresh start :: sync_timeout=240s
[2026-08-12 18:59:12] task_conditioned refresh sync :: status=ok exit=0
[2026-08-12 18:59:14] task_conditioned refresh complete :: sync=ok sync_exit=0 stage=task_conditioned_round3_running next_action=wait_round3 live_phase=training round3=done,done,done,done,done,running winner=false duration=73s
[2026-08-12 18:59:16] task_conditioned refresh start :: sync_timeout=240s
[2026-08-12 19:00:27] task_conditioned refresh sync :: status=ok exit=0
[2026-08-12 19:00:29] task_conditioned refresh complete :: sync=ok sync_exit=0 stage=task_conditioned_round3_running next_action=wait_round3 live_phase=training round3=done,done,done,done,done,running winner=false duration=73s
[2026-08-12 19:10:28] task_conditioned refresh start :: sync_timeout=240s
[2026-08-12 19:11:39] task_conditioned refresh sync :: status=ok exit=0
[2026-08-12 19:11:41] task_conditioned refresh complete :: sync=ok sync_exit=0 stage=task_conditioned_round3_running next_action=wait_round3 live_phase=training round3=done,done,done,done,done,running winner=false duration=73s
[2026-08-12 19:11:43] task_conditioned refresh start :: sync_timeout=240s
[2026-08-12 19:12:54] task_conditioned refresh sync :: status=ok exit=0
[2026-08-12 19:12:57] task_conditioned refresh complete :: sync=ok sync_exit=0 stage=task_conditioned_round3_running next_action=wait_round3 live_phase=training round3=done,done,done,done,done,running winner=false duration=74s
[2026-08-12 19:17:56] task_conditioned refresh start :: sync_timeout=240s
[2026-08-12 19:19:19] task_conditioned refresh sync :: status=ok exit=0
[2026-08-12 19:19:21] task_conditioned refresh complete :: sync=ok sync_exit=0 stage=task_conditioned_round3_running next_action=wait_round3 live_phase=training round3=done,done,done,done,done,running winner=false duration=85s
[2026-08-12 19:19:24] task_conditioned refresh start :: sync_timeout=240s
[2026-08-12 19:20:42] task_conditioned refresh sync :: status=ok exit=0
[2026-08-12 19:20:45] task_conditioned refresh complete :: sync=ok sync_exit=0 stage=task_conditioned_round3_running next_action=wait_round3 live_phase=training round3=done,done,done,done,done,running winner=false duration=81s
[2026-08-12 19:25:44] task_conditioned refresh start :: sync_timeout=240s
[2026-08-12 19:26:54] task_conditioned refresh sync :: status=ok exit=0
[2026-08-12 19:26:56] task_conditioned refresh complete :: sync=ok sync_exit=0 stage=task_conditioned_round3_running next_action=wait_round3 live_phase=training round3=done,done,done,done,done,running winner=false duration=72s
[2026-08-12 19:26:59] task_conditioned refresh start :: sync_timeout=240s
[2026-08-12 19:28:09] task_conditioned refresh sync :: status=ok exit=0
[2026-08-12 19:28:11] task_conditioned refresh complete :: sync=ok sync_exit=0 stage=task_conditioned_round3_running next_action=wait_round3 live_phase=training round3=done,done,done,done,done,running winner=false duration=72s
[2026-08-12 19:30:10] task_conditioned refresh start :: sync_timeout=240s
[2026-08-12 19:31:21] task_conditioned refresh sync :: status=ok exit=0
[2026-08-12 19:31:23] task_conditioned refresh complete :: sync=ok sync_exit=0 stage=task_conditioned_round3_running next_action=wait_round3 live_phase=validating round3=done,done,done,done,done,running winner=false duration=73s
[2026-08-12 19:31:25] task_conditioned refresh start :: sync_timeout=240s
[2026-08-12 19:32:36] task_conditioned refresh sync :: status=ok exit=0
[2026-08-12 19:32:38] task_conditioned refresh complete :: sync=ok sync_exit=0 stage=task_conditioned_round3_running next_action=wait_round3 live_phase=validating round3=done,done,done,done,done,running winner=false duration=73s
[2026-08-12 19:37:37] task_conditioned refresh start :: sync_timeout=240s
[2026-08-12 19:38:48] task_conditioned refresh sync :: status=ok exit=0
[2026-08-12 19:38:50] task_conditioned refresh complete :: sync=ok sync_exit=0 stage=task_conditioned_round3_running next_action=wait_round3 live_phase=validating round3=done,done,done,done,done,running winner=false duration=73s
[2026-08-12 19:38:52] task_conditioned refresh start :: sync_timeout=240s
[2026-08-12 19:40:03] task_conditioned refresh sync :: status=ok exit=0
[2026-08-12 19:40:05] task_conditioned refresh complete :: sync=ok sync_exit=0 stage=task_conditioned_round3_running next_action=wait_round3 live_phase=validating round3=done,done,done,done,done,running winner=false duration=73s
[2026-08-12 19:42:04] task_conditioned refresh start :: sync_timeout=240s
[2026-08-12 19:43:18] task_conditioned refresh sync :: status=ok exit=0
[2026-08-12 19:43:21] task_conditioned refresh complete :: sync=ok sync_exit=0 stage=task_conditioned_round3_running next_action=wait_round3 live_phase=training round3=done,done,done,done,done,running winner=false duration=77s
[2026-08-12 19:43:23] task_conditioned refresh start :: sync_timeout=240s
[2026-08-12 19:44:37] task_conditioned refresh sync :: status=ok exit=0
[2026-08-12 19:44:39] task_conditioned refresh complete :: sync=ok sync_exit=0 stage=task_conditioned_round3_running next_action=wait_round3 live_phase=training round3=done,done,done,done,done,running winner=false duration=76s
[2026-08-12 19:54:39] task_conditioned refresh start :: sync_timeout=240s
[2026-08-12 19:55:52] task_conditioned refresh sync :: status=ok exit=0
[2026-08-12 19:55:55] task_conditioned refresh complete :: sync=ok sync_exit=0 stage=task_conditioned_round3_running next_action=wait_round3 live_phase=training round3=done,done,done,done,done,running winner=false duration=76s
[2026-08-12 19:55:57] task_conditioned refresh start :: sync_timeout=240s
[2026-08-12 19:57:11] task_conditioned refresh sync :: status=ok exit=0
[2026-08-12 19:57:13] task_conditioned refresh complete :: sync=ok sync_exit=0 stage=task_conditioned_round3_running next_action=wait_round3 live_phase=training round3=done,done,done,done,done,running winner=false duration=76s
[2026-08-12 20:07:12] task_conditioned refresh start :: sync_timeout=240s
[2026-08-12 20:08:26] task_conditioned refresh sync :: status=ok exit=0
[2026-08-12 20:08:28] task_conditioned refresh complete :: sync=ok sync_exit=0 stage=task_conditioned_round3_running next_action=wait_round3 live_phase=training round3=done,done,done,done,done,running winner=false duration=76s
[2026-08-12 20:08:30] task_conditioned refresh start :: sync_timeout=240s
[2026-08-12 20:09:43] task_conditioned refresh sync :: status=ok exit=0
[2026-08-12 20:09:46] task_conditioned refresh complete :: sync=ok sync_exit=0 stage=task_conditioned_round3_running next_action=wait_round3 live_phase=training round3=done,done,done,done,done,running winner=false duration=76s
[2026-08-12 20:14:45] task_conditioned refresh start :: sync_timeout=240s
[2026-08-12 20:16:01] task_conditioned refresh sync :: status=ok exit=0
[2026-08-12 20:16:03] task_conditioned refresh complete :: sync=ok sync_exit=0 stage=task_conditioned_round3_running next_action=wait_round3 live_phase=training round3=done,done,done,done,done,running winner=false duration=78s
[2026-08-12 20:16:05] task_conditioned refresh start :: sync_timeout=240s
[2026-08-12 20:17:20] task_conditioned refresh sync :: status=ok exit=0
[2026-08-12 20:17:22] task_conditioned refresh complete :: sync=ok sync_exit=0 stage=task_conditioned_round3_running next_action=wait_round3 live_phase=training round3=done,done,done,done,done,running winner=false duration=77s
[2026-08-12 20:19:21] task_conditioned refresh start :: sync_timeout=240s
[2026-08-12 20:20:35] task_conditioned refresh sync :: status=ok exit=0
[2026-08-12 20:20:38] task_conditioned refresh complete :: sync=ok sync_exit=0 stage=task_conditioned_round3_running next_action=wait_round3 live_phase=validating round3=done,done,done,done,done,running winner=false duration=77s
[2026-08-12 20:20:40] task_conditioned refresh start :: sync_timeout=240s
[2026-08-12 20:21:55] task_conditioned refresh sync :: status=ok exit=0
[2026-08-12 20:21:57] task_conditioned refresh complete :: sync=ok sync_exit=0 stage=task_conditioned_round3_running next_action=wait_round3 live_phase=validating round3=done,done,done,done,done,running winner=false duration=77s
[2026-08-12 20:26:56] task_conditioned refresh start :: sync_timeout=240s
[2026-08-12 20:28:12] task_conditioned refresh sync :: status=ok exit=0
[2026-08-12 20:28:14] task_conditioned refresh complete :: sync=ok sync_exit=0 stage=task_conditioned_round3_running next_action=wait_round3 live_phase=validating round3=done,done,done,done,done,running winner=false duration=78s
[2026-08-12 20:28:16] task_conditioned refresh start :: sync_timeout=240s
[2026-08-12 20:29:31] task_conditioned refresh sync :: status=ok exit=0
[2026-08-12 20:29:34] task_conditioned refresh complete :: sync=ok sync_exit=0 stage=task_conditioned_round3_running next_action=wait_round3 live_phase=validating round3=done,done,done,done,done,running winner=false duration=78s
[2026-08-12 20:31:33] task_conditioned refresh start :: sync_timeout=240s
[2026-08-12 20:32:50] task_conditioned refresh sync :: status=ok exit=0
[2026-08-12 20:32:52] task_conditioned refresh complete :: sync=ok sync_exit=0 stage=task_conditioned_round3_running next_action=wait_round3 live_phase=training round3=done,done,done,done,done,running winner=false duration=79s
[2026-08-12 20:32:55] task_conditioned refresh start :: sync_timeout=240s
[2026-08-12 20:34:12] task_conditioned refresh sync :: status=ok exit=0
[2026-08-12 20:34:15] task_conditioned refresh complete :: sync=ok sync_exit=0 stage=task_conditioned_round3_running next_action=wait_round3 live_phase=training round3=done,done,done,done,done,running winner=false duration=80s
[2026-08-12 20:49:14] task_conditioned refresh start :: sync_timeout=240s
[2026-08-12 20:50:32] task_conditioned refresh sync :: status=ok exit=0
[2026-08-12 20:50:34] task_conditioned refresh complete :: sync=ok sync_exit=0 stage=task_conditioned_round3_running next_action=wait_round3 live_phase=training round3=done,done,done,done,done,running winner=false duration=80s
[2026-08-12 20:50:36] task_conditioned refresh start :: sync_timeout=240s
[2026-08-12 20:51:54] task_conditioned refresh sync :: status=ok exit=0
[2026-08-12 20:51:57] task_conditioned refresh complete :: sync=ok sync_exit=0 stage=task_conditioned_round3_running next_action=wait_round3 live_phase=training round3=done,done,done,done,done,running winner=false duration=81s
[2026-08-12 21:01:56] task_conditioned refresh start :: sync_timeout=240s
[2026-08-12 21:03:13] task_conditioned refresh sync :: status=ok exit=0
[2026-08-12 21:03:16] task_conditioned refresh complete :: sync=ok sync_exit=0 stage=task_conditioned_round3_running next_action=wait_round3 live_phase=training round3=done,done,done,done,done,running winner=false duration=80s
[2026-08-12 21:03:18] task_conditioned refresh start :: sync_timeout=240s
[2026-08-12 21:04:36] task_conditioned refresh sync :: status=ok exit=0
[2026-08-12 21:04:38] task_conditioned refresh complete :: sync=ok sync_exit=0 stage=task_conditioned_round3_running next_action=wait_round3 live_phase=training round3=done,done,done,done,done,running winner=false duration=80s
[2026-08-12 21:14:37] task_conditioned refresh start :: sync_timeout=240s
[2026-08-12 21:15:56] task_conditioned refresh sync :: status=ok exit=0
[2026-08-12 21:15:58] task_conditioned refresh complete :: sync=ok sync_exit=0 stage=task_conditioned_round3_running next_action=wait_round3 live_phase=training round3=done,done,done,done,done,running winner=false duration=81s
[2026-08-12 21:16:00] task_conditioned refresh start :: sync_timeout=240s
[2026-08-12 21:17:19] task_conditioned refresh sync :: status=ok exit=0
[2026-08-12 21:17:21] task_conditioned refresh complete :: sync=ok sync_exit=0 stage=task_conditioned_round3_running next_action=wait_round3 live_phase=training round3=done,done,done,done,done,running winner=false duration=81s
[2026-08-12 21:27:20] task_conditioned refresh start :: sync_timeout=240s
[2026-08-12 21:28:37] task_conditioned refresh sync :: status=ok exit=0
[2026-08-12 21:28:39] task_conditioned refresh complete :: sync=ok sync_exit=0 stage=task_conditioned_round3_running next_action=wait_round3 live_phase=training round3=done,done,done,done,done,running winner=false duration=79s
[2026-08-12 21:28:42] task_conditioned refresh start :: sync_timeout=240s
[2026-08-12 21:30:01] task_conditioned refresh sync :: status=ok exit=0
[2026-08-12 21:30:03] task_conditioned refresh complete :: sync=ok sync_exit=0 stage=task_conditioned_round3_running next_action=wait_round3 live_phase=training round3=done,done,done,done,done,running winner=false duration=81s
[2026-08-12 21:40:02] task_conditioned refresh start :: sync_timeout=240s
[2026-08-12 21:41:18] task_conditioned refresh sync :: status=ok exit=0
[2026-08-12 21:41:21] task_conditioned refresh complete :: sync=ok sync_exit=0 stage=task_conditioned_round3_running next_action=wait_round3 live_phase=training round3=done,done,done,done,done,running winner=false duration=79s
[2026-08-12 21:41:23] task_conditioned refresh start :: sync_timeout=240s
[2026-08-12 21:42:40] task_conditioned refresh sync :: status=ok exit=0
[2026-08-12 21:42:43] task_conditioned refresh complete :: sync=ok sync_exit=0 stage=task_conditioned_round3_running next_action=wait_round3 live_phase=training round3=done,done,done,done,done,running winner=false duration=80s
[2026-08-12 21:52:42] task_conditioned refresh start :: sync_timeout=240s
[2026-08-12 21:53:59] task_conditioned refresh sync :: status=ok exit=0
[2026-08-12 21:54:02] task_conditioned refresh complete :: sync=ok sync_exit=0 stage=task_conditioned_round3_running next_action=wait_round3 live_phase=training round3=done,done,done,done,done,running winner=false duration=80s
[2026-08-12 21:54:04] task_conditioned refresh start :: sync_timeout=240s
[2026-08-12 21:55:21] task_conditioned refresh sync :: status=ok exit=0
[2026-08-12 21:55:24] task_conditioned refresh complete :: sync=ok sync_exit=0 stage=task_conditioned_round3_running next_action=wait_round3 live_phase=training round3=done,done,done,done,done,running winner=false duration=80s
[2026-08-12 22:05:23] task_conditioned refresh start :: sync_timeout=240s
[2026-08-12 22:06:41] task_conditioned refresh sync :: status=ok exit=0
[2026-08-12 22:06:43] task_conditioned refresh complete :: sync=ok sync_exit=0 stage=task_conditioned_round3_running next_action=wait_round3 live_phase=training round3=done,done,done,done,done,running winner=false duration=80s
[2026-08-12 22:06:46] task_conditioned refresh start :: sync_timeout=240s
[2026-08-12 22:08:03] task_conditioned refresh sync :: status=ok exit=0
[2026-08-12 22:08:05] task_conditioned refresh complete :: sync=ok sync_exit=0 stage=task_conditioned_round3_running next_action=wait_round3 live_phase=training round3=done,done,done,done,done,running winner=false duration=79s
[2026-08-12 22:18:04] task_conditioned refresh start :: sync_timeout=240s
[2026-08-12 22:19:21] task_conditioned refresh sync :: status=ok exit=0
[2026-08-12 22:19:24] task_conditioned refresh complete :: sync=ok sync_exit=0 stage=task_conditioned_round3_running next_action=wait_round3 live_phase=training round3=done,done,done,done,done,running winner=false duration=80s
[2026-08-12 22:19:26] task_conditioned refresh start :: sync_timeout=240s
[2026-08-12 22:20:44] task_conditioned refresh sync :: status=ok exit=0
[2026-08-12 22:20:47] task_conditioned refresh complete :: sync=ok sync_exit=0 stage=task_conditioned_round3_running next_action=wait_round3 live_phase=training round3=done,done,done,done,done,running winner=false duration=81s
[2026-08-12 22:25:46] task_conditioned refresh start :: sync_timeout=240s
[2026-08-12 22:27:06] task_conditioned refresh sync :: status=ok exit=0
[2026-08-12 22:27:08] task_conditioned refresh complete :: sync=ok sync_exit=0 stage=task_conditioned_round3_running next_action=wait_round3 live_phase=training round3=done,done,done,done,done,running winner=false duration=82s
[2026-08-12 22:27:11] task_conditioned refresh start :: sync_timeout=240s
[2026-08-12 22:28:30] task_conditioned refresh sync :: status=ok exit=0
[2026-08-12 22:28:32] task_conditioned refresh complete :: sync=ok sync_exit=0 stage=task_conditioned_round3_running next_action=wait_round3 live_phase=training round3=done,done,done,done,done,running winner=false duration=81s
[2026-08-12 22:33:30] task_conditioned refresh start :: sync_timeout=240s
[2026-08-12 22:34:48] task_conditioned refresh sync :: status=ok exit=0
[2026-08-12 22:34:50] task_conditioned refresh complete :: sync=ok sync_exit=0 stage=task_conditioned_round3_running next_action=wait_round3 live_phase=training round3=done,done,done,done,done,running winner=false duration=80s
[2026-08-12 22:34:52] task_conditioned refresh start :: sync_timeout=240s
[2026-08-12 22:36:11] task_conditioned refresh sync :: status=ok exit=0
[2026-08-12 22:36:13] task_conditioned refresh complete :: sync=ok sync_exit=0 stage=task_conditioned_round3_running next_action=wait_round3 live_phase=training round3=done,done,done,done,done,running winner=false duration=81s
[2026-08-12 22:39:47] task_conditioned refresh start :: sync_timeout=240s
[2026-08-12 22:41:05] task_conditioned refresh sync :: status=ok exit=0
[2026-08-12 22:41:08] task_conditioned refresh complete :: sync=ok sync_exit=0 stage=task_conditioned_round3_running next_action=wait_round3 live_phase=training round3=done,done,done,done,done,running winner=false duration=81s
[2026-08-12 22:46:06] task_conditioned refresh start :: sync_timeout=240s
[2026-08-12 22:47:24] task_conditioned refresh sync :: status=ok exit=0
[2026-08-12 22:47:26] task_conditioned refresh complete :: sync=ok sync_exit=0 stage=task_conditioned_round3_running next_action=wait_round3 live_phase=validating round3=done,done,done,done,done,running winner=false duration=80s
[2026-08-12 22:47:28] task_conditioned refresh start :: sync_timeout=240s
[2026-08-12 22:48:47] task_conditioned refresh sync :: status=ok exit=0
[2026-08-12 22:48:49] task_conditioned refresh complete :: sync=ok sync_exit=0 stage=task_conditioned_round3_running next_action=wait_round3 live_phase=validating round3=done,done,done,done,done,running winner=false duration=81s
[2026-08-12 22:52:27] task_conditioned refresh start :: sync_timeout=240s
[2026-08-12 22:53:45] task_conditioned refresh sync :: status=ok exit=0
[2026-08-12 22:53:47] task_conditioned refresh complete :: sync=ok sync_exit=0 stage=task_conditioned_round3_running next_action=wait_round3 live_phase=validating round3=done,done,done,done,done,running winner=false duration=80s
[2026-08-12 22:53:50] task_conditioned refresh start :: sync_timeout=240s
[2026-08-12 22:55:06] task_conditioned refresh sync :: status=ok exit=0
[2026-08-12 22:55:08] task_conditioned refresh complete :: sync=ok sync_exit=0 stage=task_conditioned_round3_running next_action=wait_round3 live_phase=validating round3=done,done,done,done,done,running winner=false duration=78s
[2026-08-12 22:55:50] task_conditioned refresh start :: sync_timeout=240s
[2026-08-12 22:57:07] task_conditioned refresh sync :: status=ok exit=0
[2026-08-12 22:57:09] task_conditioned refresh complete :: sync=ok sync_exit=0 stage=task_conditioned_round3_running next_action=wait_round3 live_phase=validating round3=done,done,done,done,done,running winner=false duration=79s
[2026-08-12 22:57:12] task_conditioned refresh start :: sync_timeout=240s
[2026-08-12 22:58:29] task_conditioned refresh sync :: status=ok exit=0
[2026-08-12 22:58:31] task_conditioned refresh complete :: sync=ok sync_exit=0 stage=task_conditioned_round3_running next_action=wait_round3 live_phase=testing round3=done,done,done,done,done,running winner=false duration=79s
[2026-08-12 22:59:12] task_conditioned refresh start :: sync_timeout=240s
[2026-08-12 23:00:29] task_conditioned refresh sync :: status=ok exit=0
[2026-08-12 23:00:31] task_conditioned refresh complete :: sync=ok sync_exit=0 stage=task_conditioned_round3_running next_action=wait_round3 live_phase=testing round3=done,done,done,done,done,running winner=false duration=79s
[2026-08-12 23:05:30] task_conditioned refresh start :: sync_timeout=240s
[2026-08-12 23:06:48] task_conditioned refresh sync :: status=ok exit=0
[2026-08-12 23:06:50] task_conditioned refresh complete :: sync=ok sync_exit=0 stage=task_conditioned_round3_running next_action=wait_round3 live_phase=testing round3=done,done,done,done,done,running winner=false duration=80s
[2026-08-12 23:06:53] task_conditioned refresh start :: sync_timeout=240s
[2026-08-12 23:08:14] task_conditioned refresh sync :: status=ok exit=0
[2026-08-12 23:08:17] task_conditioned refresh complete :: sync=ok sync_exit=0 stage=task_conditioned_round3_done_waiting_decision next_action=manual_decide live_phase=unknown round3=done,done,done,done,done,done winner=false duration=84s
[2026-08-12 23:08:48] task_conditioned refresh start :: sync_timeout=240s
[2026-08-12 23:10:10] task_conditioned refresh sync :: status=ok exit=0
[2026-08-12 23:10:13] task_conditioned refresh complete :: sync=ok sync_exit=0 stage=task_conditioned_round3_done_waiting_decision next_action=manual_decide live_phase=unknown round3=done,done,done,done,done,done winner=false duration=85s
[2026-08-12 23:12:26] task_conditioned refresh start :: sync_timeout=240s
[2026-08-12 23:13:51] task_conditioned refresh sync :: status=ok exit=0
[2026-08-12 23:13:54] task_conditioned refresh complete :: sync=ok sync_exit=0 stage=task_conditioned_tuning_completed_with_winner next_action=done live_phase=unknown round3=done,done,done,done,done,done winner=true duration=88s
[2026-08-12 23:14:07] task_conditioned refresh start :: sync_timeout=240s
[2026-08-12 23:15:30] task_conditioned refresh sync :: status=ok exit=0
[2026-08-12 23:15:33] task_conditioned refresh complete :: sync=ok sync_exit=0 stage=task_conditioned_tuning_completed_with_winner next_action=done live_phase=unknown round3=done,done,done,done,done,done winner=true duration=86s
[2026-08-12 23:15:57] task_conditioned refresh start :: sync_timeout=240s
[2026-08-12 23:17:22] task_conditioned refresh sync :: status=ok exit=0
[2026-08-12 23:17:24] task_conditioned refresh complete :: sync=ok sync_exit=0 stage=task_conditioned_tuning_completed_with_winner next_action=done live_phase=unknown round3=done,done,done,done,done,done winner=true duration=87s
